channel,message,signal,can_id_hex,can_id_decimal,is_extended_frame,frame_bytes,start_bit,bit_length,byte_order,signed,is_float,factor,offset,unit,minimum,maximum,receivers,is_multiplexer,multiplexer_signal,multiplexer_ids,choices,comment,source_dbc,source_sha256
ODS13.CR_Ods_ID,ODS13,CR_Ods_ID,0x5FC,1532,False,5,0,8,little_endian,False,False,1,0,,0.0,255.0,"[""ACU""]",False,,[],{},,hyundai_kia_generic.dbc,b6c4a670ceaaacd5ff6326c9f2148df57138200b44513cce6848d951b135be0d
ODS13.CR_Ods_Chksum_H,ODS13,CR_Ods_Chksum_H,0x5FC,1532,False,5,8,8,little_endian,False,False,1,0,,0.0,255.0,"[""Dummy""]",False,,[],{},,hyundai_kia_generic.dbc,b6c4a670ceaaacd5ff6326c9f2148df57138200b44513cce6848d951b135be0d
ODS13.CR_Ods_Chksum_L,ODS13,CR_Ods_Chksum_L,0x5FC,1532,False,5,16,8,little_endian,False,False,1,0,,0.0,255.0,"[""Dummy""]",False,,[],{},,hyundai_kia_generic.dbc,b6c4a670ceaaacd5ff6326c9f2148df57138200b44513cce6848d951b135be0d
ODS13.CR_Ods_RomID_H,ODS13,CR_Ods_RomID_H,0x5FC,1532,False,5,24,8,little_endian,False,False,1,0,,0.0,255.0,"[""Dummy""]",False,,[],{},,hyundai_kia_generic.dbc,b6c4a670ceaaacd5ff6326c9f2148df57138200b44513cce6848d951b135be0d
ODS13.CR_Ods_RomID_L,ODS13,CR_Ods_RomID_L,0x5FC,1532,False,5,32,8,little_endian,False,False,1,0,,0.0,255.0,"[""Dummy""]",False,,[],{},,hyundai_kia_generic.dbc,b6c4a670ceaaacd5ff6326c9f2148df57138200b44513cce6848d951b135be0d
ODS12.CR_Ods_SerNum0,ODS12,CR_Ods_SerNum0,0x5FB,1531,False,8,0,8,little_endian,False,False,1,0,,0.0,255.0,"[""ACU""]",False,,[],{},,hyundai_kia_generic.dbc,b6c4a670ceaaacd5ff6326c9f2148df57138200b44513cce6848d951b135be0d
ODS12.CR_Ods_SerNum1,ODS12,CR_Ods_SerNum1,0x5FB,1531,False,8,8,8,little_endian,False,False,1,0,,0.0,255.0,"[""ACU""]",False,,[],{},,hyundai_kia_generic.dbc,b6c4a670ceaaacd5ff6326c9f2148df57138200b44513cce6848d951b135be0d
ODS12.CR_Ods_SerNum2,ODS12,CR_Ods_SerNum2,0x5FB,1531,False,8,16,8,little_endian,False,False,1,0,,0.0,255.0,"[""ACU""]",False,,[],{},,hyundai_kia_generic.dbc,b6c4a670ceaaacd5ff6326c9f2148df57138200b44513cce6848d951b135be0d
ODS12.CR_Ods_SerNum3,ODS12,CR_Ods_SerNum3,0x5FB,1531,False,8,24,8,little_endian,False,False,1,0,,0.0,255.0,"[""ACU""]",False,,[],{},,hyundai_kia_generic.dbc,b6c4a670ceaaacd5ff6326c9f2148df57138200b44513cce6848d951b135be0d
ODS12.CR_Ods_SerNum4,ODS12,CR_Ods_SerNum4,0x5FB,1531,False,8,32,8,little_endian,False,False,1,0,,0.0,255.0,"[""ACU""]",False,,[],{},,hyundai_kia_generic.dbc,b6c4a670ceaaacd5ff6326c9f2148df57138200b44513cce6848d951b135be0d
ODS12.CR_Ods_SerNum5,ODS12,CR_Ods_SerNum5,0x5FB,1531,False,8,40,8,little_endian,False,False,1,0,,0.0,255.0,"[""ACU""]",False,,[],{},,hyundai_kia_generic.dbc,b6c4a670ceaaacd5ff6326c9f2148df57138200b44513cce6848d951b135be0d
ODS12.CR_Ods_SerNum6,ODS12,CR_Ods_SerNum6,0x5FB,1531,False,8,48,8,little_endian,False,False,1,0,,0.0,255.0,"[""ACU""]",False,,[],{},,hyundai_kia_generic.dbc,b6c4a670ceaaacd5ff6326c9f2148df57138200b44513cce6848d951b135be0d
ODS12.CR_Ods_SerNum7,ODS12,CR_Ods_SerNum7,0x5FB,1531,False,8,56,8,little_endian,False,False,1,0,,0.0,255.0,"[""ACU""]",False,,[],{},,hyundai_kia_generic.dbc,b6c4a670ceaaacd5ff6326c9f2148df57138200b44513cce6848d951b135be0d
ODS11.CF_Ods_PrcCmd,ODS11,CF_Ods_PrcCmd,0x5FA,1530,False,8,1,1,little_endian,False,False,1,0,,0.0,1.0,"[""Dummy""]",False,,[],{},,hyundai_kia_generic.dbc,b6c4a670ceaaacd5ff6326c9f2148df57138200b44513cce6848d951b135be0d
ODS11.CF_Ods_BtsFail,ODS11,CF_Ods_BtsFail,0x5FA,1530,False,8,3,1,little_endian,False,False,1,0,,0.0,1.0,"[""Dummy""]",False,,[],{},,hyundai_kia_generic.dbc,b6c4a670ceaaacd5ff6326c9f2148df57138200b44513cce6848d951b135be0d
ODS11.CF_Ods_AcuRcvSN,ODS11,CF_Ods_AcuRcvSN,0x5FA,1530,False,8,4,1,little_endian,False,False,1,0,,0.0,1.0,"[""ACU""]",False,,[],{},,hyundai_kia_generic.dbc,b6c4a670ceaaacd5ff6326c9f2148df57138200b44513cce6848d951b135be0d
ODS11.CF_Ods_EolCal,ODS11,CF_Ods_EolCal,0x5FA,1530,False,8,5,1,little_endian,False,False,1,0,,0.0,1.0,"[""ACU""]",False,,[],{},,hyundai_kia_generic.dbc,b6c4a670ceaaacd5ff6326c9f2148df57138200b44513cce6848d951b135be0d
ODS11.CF_Ods_PsFail,ODS11,CF_Ods_PsFail,0x5FA,1530,False,8,6,1,little_endian,False,False,1,0,,0.0,1.0,"[""ACU""]",False,,[],{},,hyundai_kia_generic.dbc,b6c4a670ceaaacd5ff6326c9f2148df57138200b44513cce6848d951b135be0d
ODS11.CF_Ods_EcuFail,ODS11,CF_Ods_EcuFail,0x5FA,1530,False,8,7,1,little_endian,False,False,1,0,,0.0,1.0,"[""ACU""]",False,,[],{},,hyundai_kia_generic.dbc,b6c4a670ceaaacd5ff6326c9f2148df57138200b44513cce6848d951b135be0d
ODS11.CF_Ods_WgtStat,ODS11,CF_Ods_WgtStat,0x5FA,1530,False,8,8,1,little_endian,False,False,1,0,,0.0,1.0,"[""ACU""]",False,,[],{},,hyundai_kia_generic.dbc,b6c4a670ceaaacd5ff6326c9f2148df57138200b44513cce6848d951b135be0d
ODS11.CF_Ods_OccStat,ODS11,CF_Ods_OccStat,0x5FA,1530,False,8,16,1,little_endian,False,False,1,0,,0.0,1.0,"[""ACU""]",False,,[],{},,hyundai_kia_generic.dbc,b6c4a670ceaaacd5ff6326c9f2148df57138200b44513cce6848d951b135be0d
ODS11.CR_Wcs_ErrStat,ODS11,CR_Wcs_ErrStat,0x5FA,1530,False,8,32,8,little_endian,False,False,1,0,,0.0,63.0,"[""ACU""]",False,,[],{},,hyundai_kia_generic.dbc,b6c4a670ceaaacd5ff6326c9f2148df57138200b44513cce6848d951b135be0d
ODS11.CR_Wcs_ClassStat,ODS11,CR_Wcs_ClassStat,0x5FA,1530,False,8,40,8,little_endian,False,False,1,0,,0.0,4.0,"[""ACU"", ""BCM""]",False,,[],{},,hyundai_kia_generic.dbc,b6c4a670ceaaacd5ff6326c9f2148df57138200b44513cce6848d951b135be0d
ECS12.Height_FL,ECS12,Height_FL,0x3F9,1017,False,4,0,8,little_endian,False,False,1,-128,mm,-128.0,127.0,"[""AFLS""]",False,,[],{},,hyundai_kia_generic.dbc,b6c4a670ceaaacd5ff6326c9f2148df57138200b44513cce6848d951b135be0d
ECS12.Height_FR,ECS12,Height_FR,0x3F9,1017,False,4,8,8,little_endian,False,False,1,-128,mm,-128.0,127.0,"[""AFLS""]",False,,[],{},,hyundai_kia_generic.dbc,b6c4a670ceaaacd5ff6326c9f2148df57138200b44513cce6848d951b135be0d
ECS12.Height_RL,ECS12,Height_RL,0x3F9,1017,False,4,16,8,little_endian,False,False,1,-128,mm,-128.0,127.0,"[""AFLS""]",False,,[],{},,hyundai_kia_generic.dbc,b6c4a670ceaaacd5ff6326c9f2148df57138200b44513cce6848d951b135be0d
ECS12.Height_RR,ECS12,Height_RR,0x3F9,1017,False,4,24,8,little_endian,False,False,1,-128,mm,-128.0,127.0,"[""AFLS""]",False,,[],{},,hyundai_kia_generic.dbc,b6c4a670ceaaacd5ff6326c9f2148df57138200b44513cce6848d951b135be0d
SPAS12.CF_Spas_HMI_Stat,SPAS12,CF_Spas_HMI_Stat,0x4F4,1268,False,8,0,8,little_endian,False,False,1,0,,0.0,255.0,"[""CLU""]",False,,[],{},,hyundai_kia_generic.dbc,b6c4a670ceaaacd5ff6326c9f2148df57138200b44513cce6848d951b135be0d
SPAS12.CF_Spas_Disp,SPAS12,CF_Spas_Disp,0x4F4,1268,False,8,8,2,little_endian,False,False,1,0,,0.0,3.0,"[""CLU"", ""EMS""]",False,,[],{},,hyundai_kia_generic.dbc,b6c4a670ceaaacd5ff6326c9f2148df57138200b44513cce6848d951b135be0d
SPAS12.CF_Spas_FIL_Ind,SPAS12,CF_Spas_FIL_Ind,0x4F4,1268,False,8,10,3,little_endian,False,False,1,0,,0.0,7.0,"[""AVM"", ""CLU""]",False,,[],{},,hyundai_kia_generic.dbc,b6c4a670ceaaacd5ff6326c9f2148df57138200b44513cce6848d951b135be0d
SPAS12.CF_Spas_FIR_Ind,SPAS12,CF_Spas_FIR_Ind,0x4F4,1268,False,8,13,3,little_endian,False,False,1,0,,0.0,7.0,"[""AVM"", ""CLU""]",False,,[],{},,hyundai_kia_generic.dbc,b6c4a670ceaaacd5ff6326c9f2148df57138200b44513cce6848d951b135be0d
SPAS12.CF_Spas_FOL_Ind,SPAS12,CF_Spas_FOL_Ind,0x4F4,1268,False,8,16,3,little_endian,False,False,1,0,,0.0,7.0,"[""AVM"", ""CLU""]",False,,[],{},,hyundai_kia_generic.dbc,b6c4a670ceaaacd5ff6326c9f2148df57138200b44513cce6848d951b135be0d
SPAS12.CF_Spas_FOR_Ind,SPAS12,CF_Spas_FOR_Ind,0x4F4,1268,False,8,19,3,little_endian,False,False,1,0,,0.0,7.0,"[""AVM"", ""CLU""]",False,,[],{},,hyundai_kia_generic.dbc,b6c4a670ceaaacd5ff6326c9f2148df57138200b44513cce6848d951b135be0d
SPAS12.CF_Spas_VolDown,SPAS12,CF_Spas_VolDown,0x4F4,1268,False,8,22,2,little_endian,False,False,1,0,,0.0,3.0,"[""CLU""]",False,,[],{},,hyundai_kia_generic.dbc,b6c4a670ceaaacd5ff6326c9f2148df57138200b44513cce6848d951b135be0d
SPAS12.CF_Spas_RIL_Ind,SPAS12,CF_Spas_RIL_Ind,0x4F4,1268,False,8,24,3,little_endian,False,False,1,0,,0.0,7.0,"[""AVM"", ""CLU""]",False,,[],{},,hyundai_kia_generic.dbc,b6c4a670ceaaacd5ff6326c9f2148df57138200b44513cce6848d951b135be0d
SPAS12.CF_Spas_RIR_Ind,SPAS12,CF_Spas_RIR_Ind,0x4F4,1268,False,8,27,3,little_endian,False,False,1,0,,0.0,7.0,"[""AVM"", ""CLU""]",False,,[],{},,hyundai_kia_generic.dbc,b6c4a670ceaaacd5ff6326c9f2148df57138200b44513cce6848d951b135be0d
SPAS12.CF_Spas_FLS_Alarm,SPAS12,CF_Spas_FLS_Alarm,0x4F4,1268,False,8,30,2,little_endian,False,False,1,0,,0.0,3.0,"[""CLU""]",False,,[],{},,hyundai_kia_generic.dbc,b6c4a670ceaaacd5ff6326c9f2148df57138200b44513cce6848d951b135be0d
SPAS12.CF_Spas_ROL_Ind,SPAS12,CF_Spas_ROL_Ind,0x4F4,1268,False,8,32,3,little_endian,False,False,1,0,,0.0,7.0,"[""AVM"", ""CLU""]",False,,[],{},,hyundai_kia_generic.dbc,b6c4a670ceaaacd5ff6326c9f2148df57138200b44513cce6848d951b135be0d
SPAS12.CF_Spas_ROR_Ind,SPAS12,CF_Spas_ROR_Ind,0x4F4,1268,False,8,35,3,little_endian,False,False,1,0,,0.0,7.0,"[""AVM"", ""CLU""]",False,,[],{},,hyundai_kia_generic.dbc,b6c4a670ceaaacd5ff6326c9f2148df57138200b44513cce6848d951b135be0d
SPAS12.CF_Spas_FCS_Alarm,SPAS12,CF_Spas_FCS_Alarm,0x4F4,1268,False,8,38,2,little_endian,False,False,1,0,,0.0,3.0,"[""CLU""]",False,,[],{},,hyundai_kia_generic.dbc,b6c4a670ceaaacd5ff6326c9f2148df57138200b44513cce6848d951b135be0d
SPAS12.CF_Spas_FI_Ind,SPAS12,CF_Spas_FI_Ind,0x4F4,1268,False,8,40,3,little_endian,False,False,1,0,,0.0,7.0,"[""AVM"", ""CLU""]",False,,[],{},,hyundai_kia_generic.dbc,b6c4a670ceaaacd5ff6326c9f2148df57138200b44513cce6848d951b135be0d
SPAS12.CF_Spas_RI_Ind,SPAS12,CF_Spas_RI_Ind,0x4F4,1268,False,8,43,3,little_endian,False,False,1,0,,0.0,7.0,"[""AVM"", ""CLU""]",False,,[],{},,hyundai_kia_generic.dbc,b6c4a670ceaaacd5ff6326c9f2148df57138200b44513cce6848d951b135be0d
SPAS12.CF_Spas_FRS_Alarm,SPAS12,CF_Spas_FRS_Alarm,0x4F4,1268,False,8,46,2,little_endian,False,False,1,0,,0.0,3.0,"[""CLU""]",False,,[],{},,hyundai_kia_generic.dbc,b6c4a670ceaaacd5ff6326c9f2148df57138200b44513cce6848d951b135be0d
SPAS12.CF_Spas_FR_Alarm,SPAS12,CF_Spas_FR_Alarm,0x4F4,1268,False,8,48,2,little_endian,False,False,1,0,,0.0,3.0,"[""BCM"", ""CLU""]",False,,[],{},,hyundai_kia_generic.dbc,b6c4a670ceaaacd5ff6326c9f2148df57138200b44513cce6848d951b135be0d
SPAS12.CF_Spas_RR_Alarm,SPAS12,CF_Spas_RR_Alarm,0x4F4,1268,False,8,50,2,little_endian,False,False,1,0,,0.0,3.0,"[""BCM"", ""CLU""]",False,,[],{},,hyundai_kia_generic.dbc,b6c4a670ceaaacd5ff6326c9f2148df57138200b44513cce6848d951b135be0d
SPAS12.CF_Spas_BEEP_Alarm,SPAS12,CF_Spas_BEEP_Alarm,0x4F4,1268,False,8,52,4,little_endian,False,False,1,0,,0.0,15.0,"[""BCM"", ""CLU""]",False,,[],{},,hyundai_kia_generic.dbc,b6c4a670ceaaacd5ff6326c9f2148df57138200b44513cce6848d951b135be0d
SPAS12.CF_Spas_StatAlarm,SPAS12,CF_Spas_StatAlarm,0x4F4,1268,False,8,56,1,little_endian,False,False,1,0,,0.0,1.0,"[""CLU""]",False,,[],{},,hyundai_kia_generic.dbc,b6c4a670ceaaacd5ff6326c9f2148df57138200b44513cce6848d951b135be0d
SPAS12.CF_Spas_RLS_Alarm,SPAS12,CF_Spas_RLS_Alarm,0x4F4,1268,False,8,57,2,little_endian,False,False,1,0,,0.0,3.0,"[""CLU""]",False,,[],{},,hyundai_kia_generic.dbc,b6c4a670ceaaacd5ff6326c9f2148df57138200b44513cce6848d951b135be0d
SPAS12.CF_Spas_RCS_Alarm,SPAS12,CF_Spas_RCS_Alarm,0x4F4,1268,False,8,59,2,little_endian,False,False,1,0,,0.0,3.0,"[""CLU""]",False,,[],{},,hyundai_kia_generic.dbc,b6c4a670ceaaacd5ff6326c9f2148df57138200b44513cce6848d951b135be0d
SPAS12.CF_Spas_RRS_Alarm,SPAS12,CF_Spas_RRS_Alarm,0x4F4,1268,False,8,61,2,little_endian,False,False,1,0,,0.0,3.0,"[""CLU""]",False,,[],{},,hyundai_kia_generic.dbc,b6c4a670ceaaacd5ff6326c9f2148df57138200b44513cce6848d951b135be0d
CLU11.CF_Clu_CruiseSwState,CLU11,CF_Clu_CruiseSwState,0x4F1,1265,False,4,0,3,little_endian,False,False,1,0,,0.0,7.0,"[""EMS"", ""LDWS_LKAS"", ""SCC""]",False,,[],{},,hyundai_kia_generic.dbc,b6c4a670ceaaacd5ff6326c9f2148df57138200b44513cce6848d951b135be0d
CLU11.CF_Clu_CruiseSwMain,CLU11,CF_Clu_CruiseSwMain,0x4F1,1265,False,4,3,1,little_endian,False,False,1,0,,0.0,1.0,"[""EMS"", ""LDWS_LKAS"", ""SCC""]",False,,[],{},,hyundai_kia_generic.dbc,b6c4a670ceaaacd5ff6326c9f2148df57138200b44513cce6848d951b135be0d
CLU11.CF_Clu_SldMainSW,CLU11,CF_Clu_SldMainSW,0x4F1,1265,False,4,4,1,little_endian,False,False,1,0,,0.0,1.0,"[""EMS""]",False,,[],{},,hyundai_kia_generic.dbc,b6c4a670ceaaacd5ff6326c9f2148df57138200b44513cce6848d951b135be0d
CLU11.CF_Clu_ParityBit1,CLU11,CF_Clu_ParityBit1,0x4F1,1265,False,4,5,1,little_endian,False,False,1,0,pulse count,0.0,1.0,"[""EMS""]",False,,[],{},,hyundai_kia_generic.dbc,b6c4a670ceaaacd5ff6326c9f2148df57138200b44513cce6848d951b135be0d
CLU11.CF_Clu_VanzDecimal,CLU11,CF_Clu_VanzDecimal,0x4F1,1265,False,4,6,2,little_endian,False,False,0.125,0.0,,0.0,0.375,"[""EMS""]",False,,[],{},,hyundai_kia_generic.dbc,b6c4a670ceaaacd5ff6326c9f2148df57138200b44513cce6848d951b135be0d
CLU11.CF_Clu_Vanz,CLU11,CF_Clu_Vanz,0x4F1,1265,False,4,8,9,little_endian,False,False,0.5,0.0,km/h or MPH,0.0,255.5,"[""BCM"", ""CUBIS"", ""EMS"", ""IBOX"", ""LDWS_LKAS"", ""MDPS"", ""SCC""]",False,,[],{},,hyundai_kia_generic.dbc,b6c4a670ceaaacd5ff6326c9f2148df57138200b44513cce6848d951b135be0d
CLU11.CF_Clu_SPEED_UNIT,CLU11,CF_Clu_SPEED_UNIT,0x4F1,1265,False,4,17,1,little_endian,False,False,1,0,,0.0,1.0,"[""BCM"", ""CUBIS"", ""EMS"", ""IBOX"", ""LDWS_LKAS"", ""MDPS"", ""SCC""]",False,,[],{},,hyundai_kia_generic.dbc,b6c4a670ceaaacd5ff6326c9f2148df57138200b44513cce6848d951b135be0d
CLU11.CF_Clu_DetentOut,CLU11,CF_Clu_DetentOut,0x4F1,1265,False,4,18,1,little_endian,False,False,1,0,,0.0,1.0,"[""AVM"", ""BCM"", ""LCA"", ""PGS"", ""SPAS""]",False,,[],{},,hyundai_kia_generic.dbc,b6c4a670ceaaacd5ff6326c9f2148df57138200b44513cce6848d951b135be0d
CLU11.CF_Clu_RheostatLevel,CLU11,CF_Clu_RheostatLevel,0x4F1,1265,False,4,19,5,little_endian,False,False,1,0,,0.0,31.0,"[""AVM"", ""BCM"", ""LCA"", ""PGS"", ""SPAS""]",False,,[],{},,hyundai_kia_generic.dbc,b6c4a670ceaaacd5ff6326c9f2148df57138200b44513cce6848d951b135be0d
CLU11.CF_Clu_CluInfo,CLU11,CF_Clu_CluInfo,0x4F1,1265,False,4,24,1,little_endian,False,False,1,0,,0.0,1.0,"[""BCM""]",False,,[],{},,hyundai_kia_generic.dbc,b6c4a670ceaaacd5ff6326c9f2148df57138200b44513cce6848d951b135be0d
CLU11.CF_Clu_AmpInfo,CLU11,CF_Clu_AmpInfo,0x4F1,1265,False,4,25,1,little_endian,False,False,1,0,,0.0,1.0,"[""BCM""]",False,,[],{},,hyundai_kia_generic.dbc,b6c4a670ceaaacd5ff6326c9f2148df57138200b44513cce6848d951b135be0d
CLU11.CF_Clu_AliveCnt1,CLU11,CF_Clu_AliveCnt1,0x4F1,1265,False,4,28,4,little_endian,False,False,1,0,,0.0,15.0,"[""AHLS"", ""EMS"", ""EPB"", ""LDWS_LKAS"", ""MDPS"", ""SCC""]",False,,[],{},,hyundai_kia_generic.dbc,b6c4a670ceaaacd5ff6326c9f2148df57138200b44513cce6848d951b135be0d
Sign_Detection.SpeedLim_Nav_Cam,Sign_Detection,SpeedLim_Nav_Cam,0x4EC,1260,False,8,40,8,little_endian,False,False,1,0,km/h / mph,0,255,"[""XXX""]",False,,[],{},,hyundai_kia_generic.dbc,b6c4a670ceaaacd5ff6326c9f2148df57138200b44513cce6848d951b135be0d
Sign_Detection.SpeedLim_Nav_Cam2,Sign_Detection,SpeedLim_Nav_Cam2,0x4EC,1260,False,8,48,8,little_endian,False,False,1,0,km/h / mph,0,255,"[""XXX""]",False,,[],{},,hyundai_kia_generic.dbc,b6c4a670ceaaacd5ff6326c9f2148df57138200b44513cce6848d951b135be0d
TMU_GW_PE_01.TMU_IVRActivity,TMU_GW_PE_01,TMU_IVRActivity,0x5D4,1492,False,8,0,2,little_endian,False,False,1,0,,0.0,3.0,"[""DATC""]",False,,[],{},,hyundai_kia_generic.dbc,b6c4a670ceaaacd5ff6326c9f2148df57138200b44513cce6848d951b135be0d
TMU_GW_PE_01.TMU_PhoneActivity,TMU_GW_PE_01,TMU_PhoneActivity,0x5D4,1492,False,8,2,2,little_endian,False,False,1,0,,0.0,3.0,"[""DATC""]",False,,[],{},,hyundai_kia_generic.dbc,b6c4a670ceaaacd5ff6326c9f2148df57138200b44513cce6848d951b135be0d
HU_DATC_PE_00.HU_VRActivity,HU_DATC_PE_00,HU_VRActivity,0x5D3,1491,False,8,0,2,little_endian,False,False,1,0,,0.0,3.0,"[""DATC""]",False,,[],{},,hyundai_kia_generic.dbc,b6c4a670ceaaacd5ff6326c9f2148df57138200b44513cce6848d951b135be0d
HU_DATC_PE_00.HU_PhoneActivity,HU_DATC_PE_00,HU_PhoneActivity,0x5D3,1491,False,8,2,2,little_endian,False,False,1,0,,0.0,3.0,"[""DATC""]",False,,[],{},,hyundai_kia_generic.dbc,b6c4a670ceaaacd5ff6326c9f2148df57138200b44513cce6848d951b135be0d
HU_DATC_PE_00.BlowerNoiseControl,HU_DATC_PE_00,BlowerNoiseControl,0x5D3,1491,False,8,4,2,little_endian,False,False,1,0,,0.0,3.0,"[""DATC""]",False,,[],{},,hyundai_kia_generic.dbc,b6c4a670ceaaacd5ff6326c9f2148df57138200b44513cce6848d951b135be0d
HU_DATC_E_02.HU_DATC_RearOnOffSet,HU_DATC_E_02,HU_DATC_RearOnOffSet,0x5D2,1490,False,8,6,2,little_endian,False,False,1,0,,0.0,3.0,"[""DATC""]",False,,[],{},,hyundai_kia_generic.dbc,b6c4a670ceaaacd5ff6326c9f2148df57138200b44513cce6848d951b135be0d
HU_DATC_E_02.HU_DATC_ADSOnOffSet,HU_DATC_E_02,HU_DATC_ADSOnOffSet,0x5D2,1490,False,8,8,2,little_endian,False,False,1,0,,0.0,3.0,"[""DATC""]",False,,[],{},,hyundai_kia_generic.dbc,b6c4a670ceaaacd5ff6326c9f2148df57138200b44513cce6848d951b135be0d
EMS21.SCR_LEVEL_WARN_LAMP,EMS21,SCR_LEVEL_WARN_LAMP,0x5C7,1479,False,8,0,1,little_endian,False,False,1,0,,0.0,1.0,"[""CLU""]",False,,[],{},,hyundai_kia_generic.dbc,b6c4a670ceaaacd5ff6326c9f2148df57138200b44513cce6848d951b135be0d
EMS21.SCR_LEVEL_WARN,EMS21,SCR_LEVEL_WARN,0x5C7,1479,False,8,1,3,little_endian,False,False,1,0,,0.0,4.0,"[""CLU""]",False,,[],{},,hyundai_kia_generic.dbc,b6c4a670ceaaacd5ff6326c9f2148df57138200b44513cce6848d951b135be0d
EMS21.SCR_SYS_ERROR_WARN,EMS21,SCR_SYS_ERROR_WARN,0x5C7,1479,False,8,4,3,little_endian,False,False,1,0,,0.0,7.0,"[""CLU""]",False,,[],{},,hyundai_kia_generic.dbc,b6c4a670ceaaacd5ff6326c9f2148df57138200b44513cce6848d951b135be0d
EMS21.SCR_SYSTEM_WARN_LAMP,EMS21,SCR_SYSTEM_WARN_LAMP,0x5C7,1479,False,8,7,1,little_endian,False,False,1,0,,0.0,1.0,"[""CLU""]",False,,[],{},,hyundai_kia_generic.dbc,b6c4a670ceaaacd5ff6326c9f2148df57138200b44513cce6848d951b135be0d
EMS21.SCR_INDUCEMENT_EXIT_COND,EMS21,SCR_INDUCEMENT_EXIT_COND,0x5C7,1479,False,8,8,2,little_endian,False,False,1,0,,0.0,3.0,"[""CLU""]",False,,[],{},,hyundai_kia_generic.dbc,b6c4a670ceaaacd5ff6326c9f2148df57138200b44513cce6848d951b135be0d
EMS21.SCR_UREA_LEVEL,EMS21,SCR_UREA_LEVEL,0x5C7,1479,False,8,16,8,little_endian,False,False,0.5,0.0,%,0.0,100.0,"[""CLU""]",False,,[],{},,hyundai_kia_generic.dbc,b6c4a670ceaaacd5ff6326c9f2148df57138200b44513cce6848d951b135be0d
EMS21.SCR_NO_REMAINING_RESTARTS,EMS21,SCR_NO_REMAINING_RESTARTS,0x5C7,1479,False,8,24,8,little_endian,False,False,1,0,,0.0,255.0,"[""CLU""]",False,,[],{},,hyundai_kia_generic.dbc,b6c4a670ceaaacd5ff6326c9f2148df57138200b44513cce6848d951b135be0d
EMS21.SCR_REMAINING_DISTANCE,EMS21,SCR_REMAINING_DISTANCE,0x5C7,1479,False,8,32,16,little_endian,False,False,1,0,km,0.0,25000.0,"[""CLU""]",False,,[],{},,hyundai_kia_generic.dbc,b6c4a670ceaaacd5ff6326c9f2148df57138200b44513cce6848d951b135be0d
GW_Warning_PE.Audio_VolumeDown,GW_Warning_PE,Audio_VolumeDown,0x5C0,1472,False,8,38,2,little_endian,False,False,1,0,,0.0,3.0,"[""CLU""]",False,,[],{},,hyundai_kia_generic.dbc,b6c4a670ceaaacd5ff6326c9f2148df57138200b44513cce6848d951b135be0d
GW_Warning_PE.Pas_Spkr_Flh_Alarm,GW_Warning_PE,Pas_Spkr_Flh_Alarm,0x5C0,1472,False,8,48,2,little_endian,False,False,1,0,,0.0,3.0,"[""CLU""]",False,,[],{},,hyundai_kia_generic.dbc,b6c4a670ceaaacd5ff6326c9f2148df57138200b44513cce6848d951b135be0d
GW_Warning_PE.Pas_Spkr_Fcnt_Alarm,GW_Warning_PE,Pas_Spkr_Fcnt_Alarm,0x5C0,1472,False,8,50,2,little_endian,False,False,1,0,,0.0,3.0,"[""CLU""]",False,,[],{},,hyundai_kia_generic.dbc,b6c4a670ceaaacd5ff6326c9f2148df57138200b44513cce6848d951b135be0d
GW_Warning_PE.Pas_Spkr_Frh_Alarm,GW_Warning_PE,Pas_Spkr_Frh_Alarm,0x5C0,1472,False,8,52,2,little_endian,False,False,1,0,,0.0,3.0,"[""CLU""]",False,,[],{},,hyundai_kia_generic.dbc,b6c4a670ceaaacd5ff6326c9f2148df57138200b44513cce6848d951b135be0d
GW_Warning_PE.Pas_Spkr_Rlh_Alarm,GW_Warning_PE,Pas_Spkr_Rlh_Alarm,0x5C0,1472,False,8,56,2,little_endian,False,False,1,0,,0.0,3.0,"[""CLU"", ""PGS""]",False,,[],{},,hyundai_kia_generic.dbc,b6c4a670ceaaacd5ff6326c9f2148df57138200b44513cce6848d951b135be0d
GW_Warning_PE.Pas_Spkr_Rcnt_Alarm,GW_Warning_PE,Pas_Spkr_Rcnt_Alarm,0x5C0,1472,False,8,58,2,little_endian,False,False,1,0,,0.0,3.0,"[""CLU""]",False,,[],{},,hyundai_kia_generic.dbc,b6c4a670ceaaacd5ff6326c9f2148df57138200b44513cce6848d951b135be0d
GW_Warning_PE.Pas_Spkr_Rrh_Alarm,GW_Warning_PE,Pas_Spkr_Rrh_Alarm,0x5C0,1472,False,8,60,2,little_endian,False,False,1,0,,0.0,3.0,"[""CLU"", ""PGS""]",False,,[],{},,hyundai_kia_generic.dbc,b6c4a670ceaaacd5ff6326c9f2148df57138200b44513cce6848d951b135be0d
CAL_SAS11.CCW,CAL_SAS11,CCW,0x7C0,1984,False,2,0,4,little_endian,False,False,1,0,,0.0,15.0,"[""SAS""]",False,,[],{},,hyundai_kia_generic.dbc,b6c4a670ceaaacd5ff6326c9f2148df57138200b44513cce6848d951b135be0d
CAL_SAS11.SAS_CID,CAL_SAS11,SAS_CID,0x7C0,1984,False,2,4,11,little_endian,False,False,1,0,,0.0,2047.0,"[""SAS""]",False,,[],{},,hyundai_kia_generic.dbc,b6c4a670ceaaacd5ff6326c9f2148df57138200b44513cce6848d951b135be0d
CLU12.CF_Clu_Odometer,CLU12,CF_Clu_Odometer,0x5B0,1456,False,4,0,24,little_endian,False,False,0.1,0.0,km,0.0,1677721.4,"[""_4WD"", ""AAF"", ""BCM"", ""CUBIS"", ""EMS"", ""EPB"", ""IBOX"", ""LDWS_LKAS"", ""SCC"", ""TPMS""]",False,,[],{},,hyundai_kia_generic.dbc,b6c4a670ceaaacd5ff6326c9f2148df57138200b44513cce6848d951b135be0d
SAS11.SAS_Angle,SAS11,SAS_Angle,0x2B0,688,False,5,0,16,little_endian,True,False,0.1,0.0,Deg,-3276.8,3276.7,"[""_4WD"", ""ACU"", ""AFLS"", ""AVM"", ""CLU"", ""ECS"", ""EMS"", ""ESC"", ""IBOX"", ""LCA"", ""LDWS_LKAS"", ""PGS"", ""PSB"", ""SCC"", ""SPAS"", ""TCU"", ""_4WD"", ""ACU"", ""AFLS"", ""AVM"", ""BCM"", ""CLU"", ""ECS"", ""EMS"", ""ESC"", ""IBOX"", ""LCA"", ""LDWS_LKAS"", ""PGS"", ""PSB"", ""SCC"", ""SPAS"", ""TCU""]",False,,[],{},,hyundai_kia_generic.dbc,b6c4a670ceaaacd5ff6326c9f2148df57138200b44513cce6848d951b135be0d
SAS11.SAS_Speed,SAS11,SAS_Speed,0x2B0,688,False,5,16,8,little_endian,False,False,4,0,,0.0,1016.0,"[""AFLS"", ""ECS"", ""ESC"", ""IBOX"", ""LDWS_LKAS"", ""SCC"", ""SPAS"", ""TCU"", ""AFLS"", ""ECS"", ""ESC"", ""IBOX"", ""LDWS_LKAS"", ""SCC"", ""SPAS"", ""TCU""]",False,,[],{},,hyundai_kia_generic.dbc,b6c4a670ceaaacd5ff6326c9f2148df57138200b44513cce6848d951b135be0d
SAS11.SAS_Stat,SAS11,SAS_Stat,0x2B0,688,False,5,24,8,little_endian,False,False,1,0,,0.0,255.0,"[""ECS"", ""ESC"", ""IBOX"", ""LDWS_LKAS"", ""PSB"", ""SCC"", ""SPAS"", ""TCU"", ""ECS"", ""ESC"", ""IBOX"", ""LDWS_LKAS"", ""PSB"", ""SCC"", ""SPAS"", ""TCU""]",False,,[],{},,hyundai_kia_generic.dbc,b6c4a670ceaaacd5ff6326c9f2148df57138200b44513cce6848d951b135be0d
SAS11.MsgCount,SAS11,MsgCount,0x2B0,688,False,5,32,4,little_endian,False,False,1,0,,0.0,15.0,"[""ECS"", ""ESC"", ""IBOX"", ""LDWS_LKAS"", ""PSB"", ""SCC"", ""SPAS"", ""ECS"", ""ESC"", ""IBOX"", ""LDWS_LKAS"", ""PSB"", ""SCC"", ""SPAS""]",False,,[],{},,hyundai_kia_generic.dbc,b6c4a670ceaaacd5ff6326c9f2148df57138200b44513cce6848d951b135be0d
SAS11.CheckSum,SAS11,CheckSum,0x2B0,688,False,5,36,4,little_endian,False,False,1,0,,0.0,15.0,"[""ECS"", ""EMS"", ""ESC"", ""IBOX"", ""LDWS_LKAS"", ""PSB"", ""SCC"", ""SPAS"", ""ECS"", ""EMS"", ""ESC"", ""IBOX"", ""LDWS_LKAS"", ""PSB"", ""SCC"", ""SPAS""]",False,,[],{},,hyundai_kia_generic.dbc,b6c4a670ceaaacd5ff6326c9f2148df57138200b44513cce6848d951b135be0d
ACU12.CR_Acu_SN,ACU12,CR_Acu_SN,0x5A1,1441,False,8,0,64,little_endian,False,False,1,0,,0.0,0.0,"[""ODS""]",False,,[],{},,hyundai_kia_generic.dbc,b6c4a670ceaaacd5ff6326c9f2148df57138200b44513cce6848d951b135be0d
ACU11.CF_Ods_SNRcv,ACU11,CF_Ods_SNRcv,0x5A0,1440,False,8,1,1,little_endian,False,False,1,0,,0.0,1.0,"[""ODS""]",False,,[],{},,hyundai_kia_generic.dbc,b6c4a670ceaaacd5ff6326c9f2148df57138200b44513cce6848d951b135be0d
ACU11.CF_Ods_IDRcv,ACU11,CF_Ods_IDRcv,0x5A0,1440,False,8,2,1,little_endian,False,False,1,0,,0.0,1.0,"[""ODS""]",False,,[],{},,hyundai_kia_generic.dbc,b6c4a670ceaaacd5ff6326c9f2148df57138200b44513cce6848d951b135be0d
ACU11.CF_Ods_RZReq,ACU11,CF_Ods_RZReq,0x5A0,1440,False,8,4,1,little_endian,False,False,1,0,,0.0,1.0,"[""ODS""]",False,,[],{},,hyundai_kia_generic.dbc,b6c4a670ceaaacd5ff6326c9f2148df57138200b44513cce6848d951b135be0d
ACU11.CF_Abg_DepInhEnt,ACU11,CF_Abg_DepInhEnt,0x5A0,1440,False,8,6,1,little_endian,False,False,1,0,,0.0,1.0,"[""ODS""]",False,,[],{},,hyundai_kia_generic.dbc,b6c4a670ceaaacd5ff6326c9f2148df57138200b44513cce6848d951b135be0d
ACU11.CF_Abg_DepEnt,ACU11,CF_Abg_DepEnt,0x5A0,1440,False,8,7,1,little_endian,False,False,1,0,,0.0,1.0,"[""ODS""]",False,,[],{},,hyundai_kia_generic.dbc,b6c4a670ceaaacd5ff6326c9f2148df57138200b44513cce6848d951b135be0d
ACU11.CF_PasBkl_FltStat,ACU11,CF_PasBkl_FltStat,0x5A0,1440,False,8,28,1,little_endian,False,False,1,0,,0.0,1.0,"[""ODS"", ""PSB""]",False,,[],{},,hyundai_kia_generic.dbc,b6c4a670ceaaacd5ff6326c9f2148df57138200b44513cce6848d951b135be0d
ACU11.CF_DriBkl_FltStat,ACU11,CF_DriBkl_FltStat,0x5A0,1440,False,8,29,1,little_endian,False,False,1,0,,0.0,1.0,"[""ODS"", ""PSB""]",False,,[],{},,hyundai_kia_generic.dbc,b6c4a670ceaaacd5ff6326c9f2148df57138200b44513cce6848d951b135be0d
ACU11.CF_PasBkl_Stat,ACU11,CF_PasBkl_Stat,0x5A0,1440,False,8,30,1,little_endian,False,False,1,0,,0.0,1.0,"[""IBOX"", ""ODS"", ""PSB"", ""TMU""]",False,,[],{},,hyundai_kia_generic.dbc,b6c4a670ceaaacd5ff6326c9f2148df57138200b44513cce6848d951b135be0d
ACU11.CF_DriBkl_Stat,ACU11,CF_DriBkl_Stat,0x5A0,1440,False,8,31,1,little_endian,False,False,1,0,,0.0,1.0,"[""ODS"", ""PSB""]",False,,[],{},,hyundai_kia_generic.dbc,b6c4a670ceaaacd5ff6326c9f2148df57138200b44513cce6848d951b135be0d
ACU11.CF_SWL_Ind,ACU11,CF_SWL_Ind,0x5A0,1440,False,8,32,2,little_endian,False,False,1,0,,0.0,3.0,"[""CUBIS"", ""IBOX""]",False,,[],{},,hyundai_kia_generic.dbc,b6c4a670ceaaacd5ff6326c9f2148df57138200b44513cce6848d951b135be0d
ACU11.CF_Acu_FltStat,ACU11,CF_Acu_FltStat,0x5A0,1440,False,8,34,2,little_endian,False,False,1,0,,0.0,3.0,"[""CUBIS"", ""IBOX""]",False,,[],{},,hyundai_kia_generic.dbc,b6c4a670ceaaacd5ff6326c9f2148df57138200b44513cce6848d951b135be0d
ACU11.CF_Acu_ExtOfSab,ACU11,CF_Acu_ExtOfSab,0x5A0,1440,False,8,36,2,little_endian,False,False,1,0,,0.0,3.0,"[""BCM"", ""CLU"", ""CUBIS"", ""IBOX""]",False,,[],{},,hyundai_kia_generic.dbc,b6c4a670ceaaacd5ff6326c9f2148df57138200b44513cce6848d951b135be0d
ACU11.CF_Acu_Dtc,ACU11,CF_Acu_Dtc,0x5A0,1440,False,8,40,16,little_endian,False,False,1,0,,0.0,65535.0,"[""CUBIS"", ""IBOX""]",False,,[],{},,hyundai_kia_generic.dbc,b6c4a670ceaaacd5ff6326c9f2148df57138200b44513cce6848d951b135be0d
ACU11.CF_Acu_NumOfFlt,ACU11,CF_Acu_NumOfFlt,0x5A0,1440,False,8,56,8,little_endian,False,False,1,0,,0.0,255.0,"[""CUBIS"", ""IBOX""]",False,,[],{},,hyundai_kia_generic.dbc,b6c4a670ceaaacd5ff6326c9f2148df57138200b44513cce6848d951b135be0d
AHLS11.CF_Ahls_WarnLamp,AHLS11,CF_Ahls_WarnLamp,0x59D,1437,False,8,0,2,little_endian,False,False,1,0,,0.0,3.0,"[""CLU""]",False,,[],{},,hyundai_kia_generic.dbc,b6c4a670ceaaacd5ff6326c9f2148df57138200b44513cce6848d951b135be0d
AHLS11.CF_Ahls_WarnMsg,AHLS11,CF_Ahls_WarnMsg,0x59D,1437,False,8,2,2,little_endian,False,False,1,0,,0.0,3.0,"[""CLU""]",False,,[],{},,hyundai_kia_generic.dbc,b6c4a670ceaaacd5ff6326c9f2148df57138200b44513cce6848d951b135be0d
PSB11.PSB_LH_FAIL,PSB11,PSB_LH_FAIL,0x59A,1434,False,2,0,2,little_endian,False,False,1,0,,0.0,3.0,"[""CLU""]",False,,[],{},,hyundai_kia_generic.dbc,b6c4a670ceaaacd5ff6326c9f2148df57138200b44513cce6848d951b135be0d
PSB11.PSB_LH_TGL,PSB11,PSB_LH_TGL,0x59A,1434,False,2,2,1,little_endian,False,False,1,0,,0.0,1.0,"[""CLU""]",False,,[],{},,hyundai_kia_generic.dbc,b6c4a670ceaaacd5ff6326c9f2148df57138200b44513cce6848d951b135be0d
PSB11.PSB_LH_ACT,PSB11,PSB_LH_ACT,0x59A,1434,False,2,3,4,little_endian,False,False,1,0,,0.0,4.0,"[""Dummy""]",False,,[],{},,hyundai_kia_generic.dbc,b6c4a670ceaaacd5ff6326c9f2148df57138200b44513cce6848d951b135be0d
PSB11.PSB_RH_FAIL,PSB11,PSB_RH_FAIL,0x59A,1434,False,2,8,2,little_endian,False,False,1,0,,0.0,3.0,"[""CLU""]",False,,[],{},,hyundai_kia_generic.dbc,b6c4a670ceaaacd5ff6326c9f2148df57138200b44513cce6848d951b135be0d
PSB11.PSB_RH_TGL,PSB11,PSB_RH_TGL,0x59A,1434,False,2,10,1,little_endian,False,False,1,0,,0.0,1.0,"[""CLU""]",False,,[],{},,hyundai_kia_generic.dbc,b6c4a670ceaaacd5ff6326c9f2148df57138200b44513cce6848d951b135be0d
PSB11.PSB_RH_ACT,PSB11,PSB_RH_ACT,0x59A,1434,False,2,11,4,little_endian,False,False,1,0,,0.0,4.0,"[""Dummy""]",False,,[],{},,hyundai_kia_generic.dbc,b6c4a670ceaaacd5ff6326c9f2148df57138200b44513cce6848d951b135be0d
TCS13.aBasis,TCS13,aBasis,0x394,916,False,8,0,11,little_endian,False,False,0.01,-10.23,m/s^2,-10.23,10.24,"[""EMS"", ""SCC""]",False,,[],{},,hyundai_kia_generic.dbc,b6c4a670ceaaacd5ff6326c9f2148df57138200b44513cce6848d951b135be0d
TCS13.BrakeLight,TCS13,BrakeLight,0x394,916,False,8,11,1,little_endian,False,False,1,0,,0.0,1.0,"[""CLU"", ""EMS"", ""SCC""]",False,,[],{},,hyundai_kia_generic.dbc,b6c4a670ceaaacd5ff6326c9f2148df57138200b44513cce6848d951b135be0d
TCS13.DCEnable,TCS13,DCEnable,0x394,916,False,8,12,1,little_endian,False,False,1,0,,0.0,1.0,"[""EMS"", ""SCC""]",False,,[],{},,hyundai_kia_generic.dbc,b6c4a670ceaaacd5ff6326c9f2148df57138200b44513cce6848d951b135be0d
TCS13.AliveCounterTCS,TCS13,AliveCounterTCS,0x394,916,False,8,13,3,little_endian,False,False,1,0,,0.0,7.0,"[""EMS"", ""SCC""]",False,,[],{},,hyundai_kia_generic.dbc,b6c4a670ceaaacd5ff6326c9f2148df57138200b44513cce6848d951b135be0d
TCS13.Pre_TCS_CTL,TCS13,Pre_TCS_CTL,0x394,916,False,8,16,1,little_endian,False,False,1,0,,0.0,1.0,[],False,,[],{},,hyundai_kia_generic.dbc,b6c4a670ceaaacd5ff6326c9f2148df57138200b44513cce6848d951b135be0d
TCS13.EBA_ACK,TCS13,EBA_ACK,0x394,916,False,8,17,1,little_endian,False,False,1,0,,0.0,1.0,[],False,,[],{},,hyundai_kia_generic.dbc,b6c4a670ceaaacd5ff6326c9f2148df57138200b44513cce6848d951b135be0d
TCS13.FCA_ACK,TCS13,FCA_ACK,0x394,916,False,8,18,1,little_endian,False,False,1,0,,0.0,1.0,[],False,,[],{},,hyundai_kia_generic.dbc,b6c4a670ceaaacd5ff6326c9f2148df57138200b44513cce6848d951b135be0d
TCS13.DF_BF_STAT,TCS13,DF_BF_STAT,0x394,916,False,8,19,2,little_endian,False,False,1,0,,0.0,3.0,"[""BCW""]",False,,[],{},,hyundai_kia_generic.dbc,b6c4a670ceaaacd5ff6326c9f2148df57138200b44513cce6848d951b135be0d
TCS13.SCCReqLim,TCS13,SCCReqLim,0x394,916,False,8,22,2,little_endian,False,False,1,0,,0.0,3.0,"[""SCC""]",False,,[],{},,hyundai_kia_generic.dbc,b6c4a670ceaaacd5ff6326c9f2148df57138200b44513cce6848d951b135be0d
TCS13.TQI_SCC,TCS13,TQI_SCC,0x394,916,False,8,24,8,little_endian,False,False,0.390625,0.0,%,0.0,199.609375,[],False,,[],{},,hyundai_kia_generic.dbc,b6c4a670ceaaacd5ff6326c9f2148df57138200b44513cce6848d951b135be0d
TCS13.ACCEL_REF_ACC,TCS13,ACCEL_REF_ACC,0x394,916,False,8,32,11,little_endian,False,False,0.01,-10.23,m/s^2,-10.23,10.24,"[""EMS"", ""SCC""]",False,,[],{},,hyundai_kia_generic.dbc,b6c4a670ceaaacd5ff6326c9f2148df57138200b44513cce6848d951b135be0d
TCS13.ACCEnable,TCS13,ACCEnable,0x394,916,False,8,43,2,little_endian,False,False,1.0,0.0,,0.0,3.0,"[""EMS"", ""SCC""]",False,,[],"{""0"": ""SCC ready"", ""1"": ""SCC temp fault"", ""2"": ""SCC permanent fault"", ""3"": ""SCC permanent fault, communication issue""}",,hyundai_kia_generic.dbc,b6c4a670ceaaacd5ff6326c9f2148df57138200b44513cce6848d951b135be0d
TCS13.DriverOverride,TCS13,DriverOverride,0x394,916,False,8,45,2,little_endian,False,False,1,0,,0.0,3.0,"[""EMS"", ""SCC""]",False,,[],{},,hyundai_kia_generic.dbc,b6c4a670ceaaacd5ff6326c9f2148df57138200b44513cce6848d951b135be0d
TCS13.StandStill,TCS13,StandStill,0x394,916,False,8,47,1,little_endian,False,False,1,0,,0.0,1.0,"[""EMS"", ""SCC""]",False,,[],{},,hyundai_kia_generic.dbc,b6c4a670ceaaacd5ff6326c9f2148df57138200b44513cce6848d951b135be0d
TCS13.CheckSum_TCS3,TCS13,CheckSum_TCS3,0x394,916,False,8,48,4,little_endian,False,False,1,0,,0.0,15.0,"[""EMS"", ""SCC""]",False,,[],{},,hyundai_kia_generic.dbc,b6c4a670ceaaacd5ff6326c9f2148df57138200b44513cce6848d951b135be0d
TCS13.ACC_EQUIP,TCS13,ACC_EQUIP,0x394,916,False,8,52,1,little_endian,False,False,1,0,,0.0,1.0,"[""EMS"", ""SCC""]",False,,[],{},,hyundai_kia_generic.dbc,b6c4a670ceaaacd5ff6326c9f2148df57138200b44513cce6848d951b135be0d
TCS13.PBRAKE_ACT,TCS13,PBRAKE_ACT,0x394,916,False,8,53,1,little_endian,False,False,1,0,,0.0,1.0,"[""EMS"", ""SCC""]",False,,[],{},,hyundai_kia_generic.dbc,b6c4a670ceaaacd5ff6326c9f2148df57138200b44513cce6848d951b135be0d
TCS13.ACC_REQ,TCS13,ACC_REQ,0x394,916,False,8,54,1,little_endian,False,False,1,0,,0.0,1.0,"[""EMS""]",False,,[],{},,hyundai_kia_generic.dbc,b6c4a670ceaaacd5ff6326c9f2148df57138200b44513cce6848d951b135be0d
TCS13.DriverBraking,TCS13,DriverBraking,0x394,916,False,8,55,1,little_endian,False,False,1,0,,0.0,1.0,"[""EMS"", ""SCC""]",False,,[],{},,hyundai_kia_generic.dbc,b6c4a670ceaaacd5ff6326c9f2148df57138200b44513cce6848d951b135be0d
TCS13.CF_VSM_Coded,TCS13,CF_VSM_Coded,0x394,916,False,8,56,1,little_endian,False,False,1,0,,0.0,1.0,"[""SCC""]",False,,[],{},,hyundai_kia_generic.dbc,b6c4a670ceaaacd5ff6326c9f2148df57138200b44513cce6848d951b135be0d
TCS13.CF_VSM_Avail,TCS13,CF_VSM_Avail,0x394,916,False,8,57,2,little_endian,False,False,1,0,,0.0,3.0,"[""CLU"", ""SCC""]",False,,[],{},,hyundai_kia_generic.dbc,b6c4a670ceaaacd5ff6326c9f2148df57138200b44513cce6848d951b135be0d
TCS13.CF_VSM_Handshake,TCS13,CF_VSM_Handshake,0x394,916,False,8,59,1,little_endian,False,False,1,0,,0.0,1.0,"[""SCC""]",False,,[],{},,hyundai_kia_generic.dbc,b6c4a670ceaaacd5ff6326c9f2148df57138200b44513cce6848d951b135be0d
TCS13.CF_DriBkeStat,TCS13,CF_DriBkeStat,0x394,916,False,8,60,1,little_endian,False,False,1,0,,0.0,1.0,"[""SCC""]",False,,[],{},,hyundai_kia_generic.dbc,b6c4a670ceaaacd5ff6326c9f2148df57138200b44513cce6848d951b135be0d
TCS13.CF_VSM_ConfSwi,TCS13,CF_VSM_ConfSwi,0x394,916,False,8,61,2,little_endian,False,False,1,0,,0.0,3.0,"[""SCC""]",False,,[],{},,hyundai_kia_generic.dbc,b6c4a670ceaaacd5ff6326c9f2148df57138200b44513cce6848d951b135be0d
TCS13.AEB_EQUIP,TCS13,AEB_EQUIP,0x394,916,False,8,63,1,little_endian,False,False,1,0,,0.0,1.0,"[""SCC""]",False,,[],{},,hyundai_kia_generic.dbc,b6c4a670ceaaacd5ff6326c9f2148df57138200b44513cce6848d951b135be0d
TPMS11.TPMS_W_LAMP,TPMS11,TPMS_W_LAMP,0x593,1427,False,6,0,2,little_endian,False,False,1,0,,0.0,3.0,"[""CLU"", ""CUBIS"", ""HUD"", ""IBOX"", ""CLU"", ""CUBIS"", ""HUD"", ""IBOX""]",False,,[],{},,hyundai_kia_generic.dbc,b6c4a670ceaaacd5ff6326c9f2148df57138200b44513cce6848d951b135be0d
TPMS11.TREAD_W_LAMP,TPMS11,TREAD_W_LAMP,0x593,1427,False,6,2,2,little_endian,False,False,1,0,,0.0,3.0,"[""CLU"", ""CUBIS"", ""HUD"", ""IBOX"", ""CLU"", ""CUBIS"", ""HUD"", ""IBOX""]",False,,[],{},,hyundai_kia_generic.dbc,b6c4a670ceaaacd5ff6326c9f2148df57138200b44513cce6848d951b135be0d
TPMS11.POS_FL_W_LAMP,TPMS11,POS_FL_W_LAMP,0x593,1427,False,6,4,1,little_endian,False,False,1,0,,0.0,1.0,"[""CLU"", ""CUBIS"", ""HUD"", ""IBOX""]",False,,[],{},,hyundai_kia_generic.dbc,b6c4a670ceaaacd5ff6326c9f2148df57138200b44513cce6848d951b135be0d
TPMS11.POS_FR_W_LAMP,TPMS11,POS_FR_W_LAMP,0x593,1427,False,6,5,1,little_endian,False,False,1,0,,0.0,1.0,"[""CLU"", ""CUBIS"", ""HUD"", ""IBOX""]",False,,[],{},,hyundai_kia_generic.dbc,b6c4a670ceaaacd5ff6326c9f2148df57138200b44513cce6848d951b135be0d
TPMS11.POS_RL_W_LAMP,TPMS11,POS_RL_W_LAMP,0x593,1427,False,6,6,1,little_endian,False,False,1,0,,0.0,1.0,"[""CLU"", ""CUBIS"", ""HUD"", ""IBOX""]",False,,[],{},,hyundai_kia_generic.dbc,b6c4a670ceaaacd5ff6326c9f2148df57138200b44513cce6848d951b135be0d
TPMS11.POS_RR_W_LAMP,TPMS11,POS_RR_W_LAMP,0x593,1427,False,6,7,1,little_endian,False,False,1,0,,0.0,1.0,"[""CLU"", ""CUBIS"", ""HUD"", ""IBOX""]",False,,[],{},,hyundai_kia_generic.dbc,b6c4a670ceaaacd5ff6326c9f2148df57138200b44513cce6848d951b135be0d
TPMS11.STATUS_TPMS,TPMS11,STATUS_TPMS,0x593,1427,False,6,8,3,little_endian,False,False,1,0,,0.0,0.0,"[""CLU""]",False,,[],{},,hyundai_kia_generic.dbc,b6c4a670ceaaacd5ff6326c9f2148df57138200b44513cce6848d951b135be0d
TPMS11.UNIT,TPMS11,UNIT,0x593,1427,False,6,11,2,little_endian,False,False,1,0,,0.0,3.0,"[""CLU""]",False,,[],{},,hyundai_kia_generic.dbc,b6c4a670ceaaacd5ff6326c9f2148df57138200b44513cce6848d951b135be0d
TPMS11.PRESSURE_FL,TPMS11,PRESSURE_FL,0x593,1427,False,6,16,8,little_endian,False,False,1,0,,0.0,255.0,"[""CLU""]",False,,[],{},,hyundai_kia_generic.dbc,b6c4a670ceaaacd5ff6326c9f2148df57138200b44513cce6848d951b135be0d
TPMS11.PRESSURE_FR,TPMS11,PRESSURE_FR,0x593,1427,False,6,24,8,little_endian,False,False,1,0,,0.0,255.0,"[""CLU""]",False,,[],{},,hyundai_kia_generic.dbc,b6c4a670ceaaacd5ff6326c9f2148df57138200b44513cce6848d951b135be0d
TPMS11.PRESSURE_RL,TPMS11,PRESSURE_RL,0x593,1427,False,6,32,8,little_endian,False,False,1,0,,0.0,255.0,"[""CLU""]",False,,[],{},,hyundai_kia_generic.dbc,b6c4a670ceaaacd5ff6326c9f2148df57138200b44513cce6848d951b135be0d
TPMS11.PRESSURE_RR,TPMS11,PRESSURE_RR,0x593,1427,False,6,40,8,little_endian,False,False,1,0,,0.0,255.0,"[""CLU""]",False,,[],{},,hyundai_kia_generic.dbc,b6c4a670ceaaacd5ff6326c9f2148df57138200b44513cce6848d951b135be0d
TCS12.SA_COUNT,TCS12,SA_COUNT,0x393,915,False,4,0,16,little_endian,False,False,2,-32768,,-32768.0,98302.0,"[""_4WD"", ""ACU"", ""MDPS""]",False,,[],{},,hyundai_kia_generic.dbc,b6c4a670ceaaacd5ff6326c9f2148df57138200b44513cce6848d951b135be0d
TCS12.SA_Z_COUNT,TCS12,SA_Z_COUNT,0x393,915,False,4,16,15,little_endian,False,False,2,-32768,,-32768.0,32766.0,"[""_4WD"", ""ACU"", ""MDPS""]",False,,[],{},,hyundai_kia_generic.dbc,b6c4a670ceaaacd5ff6326c9f2148df57138200b44513cce6848d951b135be0d
TCS12.SA_Z_FLAG,TCS12,SA_Z_FLAG,0x393,915,False,4,31,1,little_endian,False,False,1,0,,0.0,1.0,"[""_4WD"", ""ACU"", ""MDPS""]",False,,[],{},,hyundai_kia_generic.dbc,b6c4a670ceaaacd5ff6326c9f2148df57138200b44513cce6848d951b135be0d
EMS19.CF_Ems_BrkReq,EMS19,CF_Ems_BrkReq,0x492,1170,False,8,0,1,little_endian,False,False,1,0,,0.0,1.0,"[""ESC"", ""IBOX"", ""TCU""]",False,,[],{},,hyundai_kia_generic.dbc,b6c4a670ceaaacd5ff6326c9f2148df57138200b44513cce6848d951b135be0d
EMS19.CF_Ems_DnShftReq,EMS19,CF_Ems_DnShftReq,0x492,1170,False,8,1,4,little_endian,False,False,1,0,,0.0,14.0,"[""IBOX"", ""TCU""]",False,,[],{},,hyundai_kia_generic.dbc,b6c4a670ceaaacd5ff6326c9f2148df57138200b44513cce6848d951b135be0d
EMS19.CF_Ems_RepModChk,EMS19,CF_Ems_RepModChk,0x492,1170,False,8,5,2,little_endian,False,False,1,0,,0.0,3.0,"[""IBOX""]",False,,[],{},,hyundai_kia_generic.dbc,b6c4a670ceaaacd5ff6326c9f2148df57138200b44513cce6848d951b135be0d
EMS19.CF_Ems_AAFOpenReq,EMS19,CF_Ems_AAFOpenReq,0x492,1170,False,8,7,1,little_endian,False,False,1,0,,0.0,1.0,"[""AAF"", ""IBOX""]",False,,[],{},,hyundai_kia_generic.dbc,b6c4a670ceaaacd5ff6326c9f2148df57138200b44513cce6848d951b135be0d
EMS19.CF_Ems_DecelReq,EMS19,CF_Ems_DecelReq,0x492,1170,False,8,8,12,little_endian,False,False,0.001,-4.094,m/s^2,-4.094,0.0,"[""ESC"", ""IBOX"", ""TCU""]",False,,[],{},,hyundai_kia_generic.dbc,b6c4a670ceaaacd5ff6326c9f2148df57138200b44513cce6848d951b135be0d
EMS19.CR_Ems_BstPre,EMS19,CR_Ems_BstPre,0x492,1170,False,8,20,12,little_endian,False,False,1.322,0.0,hPa,0.0,4094.0,"[""CLU"", ""IBOX""]",False,,[],{},,hyundai_kia_generic.dbc,b6c4a670ceaaacd5ff6326c9f2148df57138200b44513cce6848d951b135be0d
EMS19.CR_Ems_EngOilTemp,EMS19,CR_Ems_EngOilTemp,0x492,1170,False,8,32,8,little_endian,False,False,0.75,-40.0,deg,0.0,254.0,"[""CLU"", ""IBOX""]",False,,[],{},,hyundai_kia_generic.dbc,b6c4a670ceaaacd5ff6326c9f2148df57138200b44513cce6848d951b135be0d
EMS19.DPF_LAMP_STAT,EMS19,DPF_LAMP_STAT,0x492,1170,False,8,40,2,little_endian,False,False,1,0,,0.0,3.0,"[""CLU"", ""IBOX""]",False,,[],{},,hyundai_kia_generic.dbc,b6c4a670ceaaacd5ff6326c9f2148df57138200b44513cce6848d951b135be0d
EMS19.BAT_LAMP_STAT,EMS19,BAT_LAMP_STAT,0x492,1170,False,8,42,1,little_endian,False,False,1,0,,0.0,1.0,"[""CLU"", ""IBOX""]",False,,[],{},,hyundai_kia_generic.dbc,b6c4a670ceaaacd5ff6326c9f2148df57138200b44513cce6848d951b135be0d
EMS19.CF_Ems_ModeledAmbTemp,EMS19,CF_Ems_ModeledAmbTemp,0x492,1170,False,8,48,8,little_endian,False,False,0.5,-41.0,deg,-41.0,85.5,"[""AAF"", ""IBOX""]",False,,[],{},,hyundai_kia_generic.dbc,b6c4a670ceaaacd5ff6326c9f2148df57138200b44513cce6848d951b135be0d
EMS19.CF_Ems_OPSFail,EMS19,CF_Ems_OPSFail,0x492,1170,False,8,56,1,little_endian,False,False,1,0,,0.0,1.0,"[""CLU"", ""IBOX""]",False,,[],{},,hyundai_kia_generic.dbc,b6c4a670ceaaacd5ff6326c9f2148df57138200b44513cce6848d951b135be0d
EMS19.CF_Ems_AliveCounterEMS9,EMS19,CF_Ems_AliveCounterEMS9,0x492,1170,False,8,58,2,little_endian,False,False,1,0,,0.0,3.0,"[""AAF"", ""ABS"", ""CUBIS"", ""ECS"", ""EPB"", ""IBOX"", ""MDPS"", ""REA"", ""SCC"", ""SMK"", ""TCU""]",False,,[],{},,hyundai_kia_generic.dbc,b6c4a670ceaaacd5ff6326c9f2148df57138200b44513cce6848d951b135be0d
EMS19.CF_Ems_ChecksumEMS9,EMS19,CF_Ems_ChecksumEMS9,0x492,1170,False,8,60,4,little_endian,False,False,1,0,,0.0,15.0,"[""AAF"", ""ABS"", ""CUBIS"", ""ECS"", ""EPB"", ""IBOX"", ""MDPS"", ""REA"", ""SCC"", ""SMK"", ""TCU""]",False,,[],{},,hyundai_kia_generic.dbc,b6c4a670ceaaacd5ff6326c9f2148df57138200b44513cce6848d951b135be0d
AFLS11.AFLS_STAT,AFLS11,AFLS_STAT,0x591,1425,False,2,1,2,little_endian,False,False,1,0,,0.0,3.0,"[""CLU""]",False,,[],{},,hyundai_kia_generic.dbc,b6c4a670ceaaacd5ff6326c9f2148df57138200b44513cce6848d951b135be0d
AFLS11.CF_Afls_TrfChgStat,AFLS11,CF_Afls_TrfChgStat,0x591,1425,False,2,3,1,little_endian,False,False,1,0,,0.0,1.0,"[""CLU""]",False,,[],{},,hyundai_kia_generic.dbc,b6c4a670ceaaacd5ff6326c9f2148df57138200b44513cce6848d951b135be0d
AFLS11.CF_Afls_LedHLStat,AFLS11,CF_Afls_LedHLStat,0x591,1425,False,2,4,2,little_endian,False,False,1,0,,0.0,3.0,"[""CLU""]",False,,[],{},,hyundai_kia_generic.dbc,b6c4a670ceaaacd5ff6326c9f2148df57138200b44513cce6848d951b135be0d
SPAS11.CF_Spas_Stat,SPAS11,CF_Spas_Stat,0x390,912,False,7,0,4,little_endian,False,False,1,0,,0.0,15.0,"[""ESC"", ""MDPS""]",False,,[],{},,hyundai_kia_generic.dbc,b6c4a670ceaaacd5ff6326c9f2148df57138200b44513cce6848d951b135be0d
SPAS11.CF_Spas_TestMode,SPAS11,CF_Spas_TestMode,0x390,912,False,7,4,2,little_endian,False,False,1,0,,0.0,3.0,"[""MDPS""]",False,,[],{},,hyundai_kia_generic.dbc,b6c4a670ceaaacd5ff6326c9f2148df57138200b44513cce6848d951b135be0d
SPAS11.CR_Spas_StrAngCmd,SPAS11,CR_Spas_StrAngCmd,0x390,912,False,7,8,16,little_endian,True,False,0.1,0.0,,-3276.8,3276.7,"[""MDPS""]",False,,[],{},,hyundai_kia_generic.dbc,b6c4a670ceaaacd5ff6326c9f2148df57138200b44513cce6848d951b135be0d
SPAS11.CF_Spas_BeepAlarm,SPAS11,CF_Spas_BeepAlarm,0x390,912,False,7,24,4,little_endian,False,False,1,0,,0.0,15.0,"[""CLU""]",False,,[],{},,hyundai_kia_generic.dbc,b6c4a670ceaaacd5ff6326c9f2148df57138200b44513cce6848d951b135be0d
SPAS11.CF_Spas_Mode_Seq,SPAS11,CF_Spas_Mode_Seq,0x390,912,False,7,28,2,little_endian,False,False,1,0,,0.0,3.0,"[""CLU""]",False,,[],{},,hyundai_kia_generic.dbc,b6c4a670ceaaacd5ff6326c9f2148df57138200b44513cce6848d951b135be0d
SPAS11.CF_Spas_AliveCnt,SPAS11,CF_Spas_AliveCnt,0x390,912,False,7,32,8,little_endian,False,False,1,0,,0.0,255.0,"[""MDPS""]",False,,[],{},,hyundai_kia_generic.dbc,b6c4a670ceaaacd5ff6326c9f2148df57138200b44513cce6848d951b135be0d
SPAS11.CF_Spas_Chksum,SPAS11,CF_Spas_Chksum,0x390,912,False,7,40,8,little_endian,False,False,1,0,,0.0,255.0,"[""MDPS""]",False,,[],{},,hyundai_kia_generic.dbc,b6c4a670ceaaacd5ff6326c9f2148df57138200b44513cce6848d951b135be0d
SPAS11.CF_Spas_PasVol,SPAS11,CF_Spas_PasVol,0x390,912,False,7,48,3,little_endian,False,False,1,0,,0.0,7.0,"[""CGW"", ""CLU""]",False,,[],{},,hyundai_kia_generic.dbc,b6c4a670ceaaacd5ff6326c9f2148df57138200b44513cce6848d951b135be0d
EPB11.EPB_I_LAMP,EPB11,EPB_I_LAMP,0x490,1168,False,7,0,4,little_endian,False,False,1,0,,0.0,15.0,"[""BCM"", ""CLU"", ""CUBIS"", ""ESC"", ""IBOX""]",False,,[],{},,hyundai_kia_generic.dbc,b6c4a670ceaaacd5ff6326c9f2148df57138200b44513cce6848d951b135be0d
EPB11.EPB_F_LAMP,EPB11,EPB_F_LAMP,0x490,1168,False,7,4,2,little_endian,False,False,1,0,,0.0,3.0,"[""CLU"", ""CUBIS"", ""ESC"", ""IBOX""]",False,,[],{},,hyundai_kia_generic.dbc,b6c4a670ceaaacd5ff6326c9f2148df57138200b44513cce6848d951b135be0d
EPB11.EPB_ALARM,EPB11,EPB_ALARM,0x490,1168,False,7,6,2,little_endian,False,False,1,0,,0.0,3.0,"[""CLU"", ""ESC""]",False,,[],{},,hyundai_kia_generic.dbc,b6c4a670ceaaacd5ff6326c9f2148df57138200b44513cce6848d951b135be0d
EPB11.EPB_CLU,EPB11,EPB_CLU,0x490,1168,False,7,8,8,little_endian,False,False,1,0,,0.0,255.0,"[""CLU"", ""ESC""]",False,,[],{},,hyundai_kia_generic.dbc,b6c4a670ceaaacd5ff6326c9f2148df57138200b44513cce6848d951b135be0d
EPB11.EPB_SWITCH,EPB11,EPB_SWITCH,0x490,1168,False,7,16,2,little_endian,False,False,1,0,,0.0,3.0,"[""ESC"", ""SCC""]",False,,[],{},,hyundai_kia_generic.dbc,b6c4a670ceaaacd5ff6326c9f2148df57138200b44513cce6848d951b135be0d
EPB11.EPB_RBL,EPB11,EPB_RBL,0x490,1168,False,7,18,1,little_endian,False,False,1,0,,0.0,1.0,"[""EMS"", ""ESC""]",False,,[],{},,hyundai_kia_generic.dbc,b6c4a670ceaaacd5ff6326c9f2148df57138200b44513cce6848d951b135be0d
EPB11.EPB_STATUS,EPB11,EPB_STATUS,0x490,1168,False,7,19,3,little_endian,False,False,1,0,,0.0,7.0,"[""CLU"", ""EMS"", ""ESC"", ""SCC"", ""TCU""]",False,,[],{},,hyundai_kia_generic.dbc,b6c4a670ceaaacd5ff6326c9f2148df57138200b44513cce6848d951b135be0d
EPB11.EPB_FRC_ERR,EPB11,EPB_FRC_ERR,0x490,1168,False,7,22,2,little_endian,False,False,1,0,,0.0,3.0,"[""EMS"", ""ESC"", ""SCC"", ""TCU""]",False,,[],{},,hyundai_kia_generic.dbc,b6c4a670ceaaacd5ff6326c9f2148df57138200b44513cce6848d951b135be0d
EPB11.EPB_DBF_STAT,EPB11,EPB_DBF_STAT,0x490,1168,False,7,24,1,little_endian,False,False,1,0,,0.0,1.0,"[""ESC""]",False,,[],{},,hyundai_kia_generic.dbc,b6c4a670ceaaacd5ff6326c9f2148df57138200b44513cce6848d951b135be0d
EPB11.ESP_ACK,EPB11,ESP_ACK,0x490,1168,False,7,25,1,little_endian,False,False,1,0,,0.0,1.0,"[""ESC""]",False,,[],{},,hyundai_kia_generic.dbc,b6c4a670ceaaacd5ff6326c9f2148df57138200b44513cce6848d951b135be0d
EPB11.EPB_DBF_REQ,EPB11,EPB_DBF_REQ,0x490,1168,False,7,26,1,little_endian,False,False,1,0,,0.0,1.0,"[""ESC""]",False,,[],{},,hyundai_kia_generic.dbc,b6c4a670ceaaacd5ff6326c9f2148df57138200b44513cce6848d951b135be0d
EPB11.EPB_FAIL,EPB11,EPB_FAIL,0x490,1168,False,7,29,3,little_endian,False,False,1,0,,0.0,7.0,"[""ESC"", ""SCC""]",False,,[],{},,hyundai_kia_generic.dbc,b6c4a670ceaaacd5ff6326c9f2148df57138200b44513cce6848d951b135be0d
EPB11.EPB_FORCE,EPB11,EPB_FORCE,0x490,1168,False,7,32,12,little_endian,False,False,1,-1000,,-1000.0,3000.0,"[""ESC""]",False,,[],{},,hyundai_kia_generic.dbc,b6c4a670ceaaacd5ff6326c9f2148df57138200b44513cce6848d951b135be0d
EPB11.EPB_DBF_DECEL,EPB11,EPB_DBF_DECEL,0x490,1168,False,7,48,8,little_endian,False,False,0.01,0.0,g,0.0,2.54,"[""ESC""]",False,,[],{},,hyundai_kia_generic.dbc,b6c4a670ceaaacd5ff6326c9f2148df57138200b44513cce6848d951b135be0d
EMS_H12.R_TqAcnApvC,EMS_H12,R_TqAcnApvC,0x18F,399,False,8,0,8,little_endian,False,False,0.2,0.0,Nm,0.0,51.0,"[""DATC"", ""IBOX""]",False,,[],{},,hyundai_kia_generic.dbc,b6c4a670ceaaacd5ff6326c9f2148df57138200b44513cce6848d951b135be0d
EMS_H12.R_PAcnC,EMS_H12,R_PAcnC,0x18F,399,False,8,8,8,little_endian,False,False,125,0,hPa,0.0,31875.0,"[""DATC"", ""IBOX""]",False,,[],{},,hyundai_kia_generic.dbc,b6c4a670ceaaacd5ff6326c9f2148df57138200b44513cce6848d951b135be0d
EMS_H12.TQI_B,EMS_H12,TQI_B,0x18F,399,False,8,16,8,little_endian,False,False,0.390625,0.0,%,0.0,99.609375,"[""ABS"", ""ESC"", ""IBOX""]",False,,[],{},,hyundai_kia_generic.dbc,b6c4a670ceaaacd5ff6326c9f2148df57138200b44513cce6848d951b135be0d
EMS_H12.SLD_VS,EMS_H12,SLD_VS,0x18F,399,False,8,24,8,little_endian,False,False,1,0,km/h,0.0,255.0,"[""CLU"", ""IBOX""]",False,,[],{},,hyundai_kia_generic.dbc,b6c4a670ceaaacd5ff6326c9f2148df57138200b44513cce6848d951b135be0d
EMS_H12.CF_CdaStat,EMS_H12,CF_CdaStat,0x18F,399,False,8,32,3,little_endian,False,False,1,0,,0.0,7.0,"[""AEMC"", ""IBOX"", ""TCU""]",False,,[],{},,hyundai_kia_generic.dbc,b6c4a670ceaaacd5ff6326c9f2148df57138200b44513cce6848d951b135be0d
EMS_H12.CF_Ems_IsgStat,EMS_H12,CF_Ems_IsgStat,0x18F,399,False,8,35,3,little_endian,False,False,1,0,,0.0,7.0,"[""ABS"", ""BCM"", ""CLU"", ""DATC"", ""EPB"", ""ESC"", ""IBOX"", ""LDWS_LKAS"", ""MDPS"", ""SMK"", ""TCU""]",False,,[],{},,hyundai_kia_generic.dbc,b6c4a670ceaaacd5ff6326c9f2148df57138200b44513cce6848d951b135be0d
EMS_H12.CF_Ems_OilChg,EMS_H12,CF_Ems_OilChg,0x18F,399,False,8,38,1,little_endian,False,False,1,0,,0.0,1.0,"[""CLU"", ""IBOX""]",False,,[],{},,hyundai_kia_generic.dbc,b6c4a670ceaaacd5ff6326c9f2148df57138200b44513cce6848d951b135be0d
EMS_H12.CF_Ems_EtcLimpMod,EMS_H12,CF_Ems_EtcLimpMod,0x18F,399,False,8,39,1,little_endian,False,False,1,0,,0.0,1.0,"[""CLU"", ""IBOX""]",False,,[],{},,hyundai_kia_generic.dbc,b6c4a670ceaaacd5ff6326c9f2148df57138200b44513cce6848d951b135be0d
EMS_H12.R_NEngIdlTgC,EMS_H12,R_NEngIdlTgC,0x18F,399,False,8,40,8,little_endian,False,False,10,0,rpm,0.0,2550.0,"[""DATC"", ""IBOX"", ""TCU""]",False,,[],{},,hyundai_kia_generic.dbc,b6c4a670ceaaacd5ff6326c9f2148df57138200b44513cce6848d951b135be0d
EMS_H12.CF_Ems_UpTarGr,EMS_H12,CF_Ems_UpTarGr,0x18F,399,False,8,48,1,little_endian,False,False,1,0,,0.0,1.0,"[""CLU"", ""IBOX""]",False,,[],{},,hyundai_kia_generic.dbc,b6c4a670ceaaacd5ff6326c9f2148df57138200b44513cce6848d951b135be0d
EMS_H12.CF_Ems_DownTarGr,EMS_H12,CF_Ems_DownTarGr,0x18F,399,False,8,49,1,little_endian,False,False,1,0,,0.0,1.0,"[""CLU"", ""IBOX""]",False,,[],{},,hyundai_kia_generic.dbc,b6c4a670ceaaacd5ff6326c9f2148df57138200b44513cce6848d951b135be0d
EMS_H12.CF_Ems_DesCurGr,EMS_H12,CF_Ems_DesCurGr,0x18F,399,False,8,50,4,little_endian,False,False,1,0,,0.0,15.0,"[""CLU"", ""IBOX""]",False,,[],{},,hyundai_kia_generic.dbc,b6c4a670ceaaacd5ff6326c9f2148df57138200b44513cce6848d951b135be0d
EMS_H12.CF_Ems_SldAct,EMS_H12,CF_Ems_SldAct,0x18F,399,False,8,54,1,little_endian,False,False,1,0,,0.0,1.0,"[""CLU"", ""IBOX""]",False,,[],{},,hyundai_kia_generic.dbc,b6c4a670ceaaacd5ff6326c9f2148df57138200b44513cce6848d951b135be0d
EMS_H12.CF_Ems_SldPosAct,EMS_H12,CF_Ems_SldPosAct,0x18F,399,False,8,55,1,little_endian,False,False,1,0,,0.0,1.0,"[""CLU"", ""IBOX""]",False,,[],{},,hyundai_kia_generic.dbc,b6c4a670ceaaacd5ff6326c9f2148df57138200b44513cce6848d951b135be0d
EMS_H12.CF_Ems_HPresStat,EMS_H12,CF_Ems_HPresStat,0x18F,399,False,8,56,1,little_endian,False,False,1,0,,0.0,1.0,"[""IBOX"", ""TCU""]",False,,[],{},,hyundai_kia_generic.dbc,b6c4a670ceaaacd5ff6326c9f2148df57138200b44513cce6848d951b135be0d
EMS_H12.CF_Ems_IsgBuz,EMS_H12,CF_Ems_IsgBuz,0x18F,399,False,8,57,1,little_endian,False,False,1,0,,0.0,1.0,"[""CLU"", ""IBOX""]",False,,[],{},,hyundai_kia_generic.dbc,b6c4a670ceaaacd5ff6326c9f2148df57138200b44513cce6848d951b135be0d
EMS_H12.CF_Ems_IdlStpFCO,EMS_H12,CF_Ems_IdlStpFCO,0x18F,399,False,8,58,1,little_endian,False,False,1,0,,0.0,1.0,"[""CLU"", ""IBOX""]",False,,[],{},,hyundai_kia_generic.dbc,b6c4a670ceaaacd5ff6326c9f2148df57138200b44513cce6848d951b135be0d
EMS_H12.CF_Ems_FCopen,EMS_H12,CF_Ems_FCopen,0x18F,399,False,8,59,1,little_endian,False,False,1,0,,0.0,1.0,"[""CLU"", ""IBOX""]",False,,[],{},,hyundai_kia_generic.dbc,b6c4a670ceaaacd5ff6326c9f2148df57138200b44513cce6848d951b135be0d
EMS_H12.CF_Ems_ActEcoAct,EMS_H12,CF_Ems_ActEcoAct,0x18F,399,False,8,60,1,little_endian,False,False,1,0,,0.0,1.0,"[""CLU"", ""IBOX"", ""TCU""]",False,,[],{},,hyundai_kia_generic.dbc,b6c4a670ceaaacd5ff6326c9f2148df57138200b44513cce6848d951b135be0d
EMS_H12.CF_Ems_EngRunNorm,EMS_H12,CF_Ems_EngRunNorm,0x18F,399,False,8,61,1,little_endian,False,False,1,0,,0.0,1.0,"[""ABS"", ""ESC"", ""IBOX"", ""TCU""]",False,,[],{},,hyundai_kia_generic.dbc,b6c4a670ceaaacd5ff6326c9f2148df57138200b44513cce6848d951b135be0d
EMS_H12.CF_Ems_IsgStat2,EMS_H12,CF_Ems_IsgStat2,0x18F,399,False,8,62,2,little_endian,False,False,2,0,,0.0,3.0,"[""CLU"", ""IBOX"", ""TCU""]",False,,[],{},,hyundai_kia_generic.dbc,b6c4a670ceaaacd5ff6326c9f2148df57138200b44513cce6848d951b135be0d
LCA11.CF_Lca_Stat,LCA11,CF_Lca_Stat,0x58B,1419,False,8,0,4,little_endian,False,False,1,0,,0.0,15.0,"[""BCM"", ""CLU""]",False,,[],{},,hyundai_kia_generic.dbc,b6c4a670ceaaacd5ff6326c9f2148df57138200b44513cce6848d951b135be0d
LCA11.CF_Rcta_Stat,LCA11,CF_Rcta_Stat,0x58B,1419,False,8,4,4,little_endian,False,False,1,0,,0.0,15.0,"[""BCM"", ""CLU""]",False,,[],{},,hyundai_kia_generic.dbc,b6c4a670ceaaacd5ff6326c9f2148df57138200b44513cce6848d951b135be0d
LCA11.CF_Lca_IndLeft,LCA11,CF_Lca_IndLeft,0x58B,1419,False,8,8,2,little_endian,False,False,1,0,,0.0,3.0,"[""BCM"", ""CLU""]",False,,[],{},,hyundai_kia_generic.dbc,b6c4a670ceaaacd5ff6326c9f2148df57138200b44513cce6848d951b135be0d
LCA11.CF_Rcw_Stat,LCA11,CF_Rcw_Stat,0x58B,1419,False,8,10,4,little_endian,False,False,1,0,,0.0,15.0,"[""BCM"", ""CLU""]",False,,[],{},,hyundai_kia_generic.dbc,b6c4a670ceaaacd5ff6326c9f2148df57138200b44513cce6848d951b135be0d
LCA11.CF_RCW_Warning,LCA11,CF_RCW_Warning,0x58B,1419,False,8,14,2,little_endian,False,False,1,0,,0.0,3.0,"[""BCM"", ""CLU""]",False,,[],{},,hyundai_kia_generic.dbc,b6c4a670ceaaacd5ff6326c9f2148df57138200b44513cce6848d951b135be0d
LCA11.CF_Lca_IndRight,LCA11,CF_Lca_IndRight,0x58B,1419,False,8,16,2,little_endian,False,False,1,0,,0.0,3.0,"[""BCM"", ""CLU""]",False,,[],{},,hyundai_kia_generic.dbc,b6c4a670ceaaacd5ff6326c9f2148df57138200b44513cce6848d951b135be0d
LCA11.CF_Lca_SndWan_Stat,LCA11,CF_Lca_SndWan_Stat,0x58B,1419,False,8,18,2,little_endian,False,False,1,0,,0.0,3.0,"[""BCM"", ""CLU""]",False,,[],{},,hyundai_kia_generic.dbc,b6c4a670ceaaacd5ff6326c9f2148df57138200b44513cce6848d951b135be0d
LCA11.CF_FR_SndWan,LCA11,CF_FR_SndWan,0x58B,1419,False,8,20,1,little_endian,False,False,1,0,,0.0,1.0,"[""BCM"", ""CLU""]",False,,[],{},,hyundai_kia_generic.dbc,b6c4a670ceaaacd5ff6326c9f2148df57138200b44513cce6848d951b135be0d
LCA11.CF_FL_SndWan,LCA11,CF_FL_SndWan,0x58B,1419,False,8,21,1,little_endian,False,False,1,0,,0.0,1.0,"[""BCM"", ""CLU""]",False,,[],{},,hyundai_kia_generic.dbc,b6c4a670ceaaacd5ff6326c9f2148df57138200b44513cce6848d951b135be0d
LCA11.CF_RR_SndWan,LCA11,CF_RR_SndWan,0x58B,1419,False,8,22,1,little_endian,False,False,1,0,,0.0,1.0,"[""BCM"", ""CLU""]",False,,[],{},,hyundai_kia_generic.dbc,b6c4a670ceaaacd5ff6326c9f2148df57138200b44513cce6848d951b135be0d
LCA11.CF_RL_SndWan,LCA11,CF_RL_SndWan,0x58B,1419,False,8,23,1,little_endian,False,False,1,0,,0.0,1.0,"[""BCM"", ""CLU""]",False,,[],{},,hyundai_kia_generic.dbc,b6c4a670ceaaacd5ff6326c9f2148df57138200b44513cce6848d951b135be0d
LCA11.CF_Lca_IndBriLeft,LCA11,CF_Lca_IndBriLeft,0x58B,1419,False,8,24,8,little_endian,False,False,1,0,,0.0,255.0,"[""BCM"", ""CLU""]",False,,[],{},,hyundai_kia_generic.dbc,b6c4a670ceaaacd5ff6326c9f2148df57138200b44513cce6848d951b135be0d
LCA11.CF_Lca_IndBriRight,LCA11,CF_Lca_IndBriRight,0x58B,1419,False,8,32,8,little_endian,False,False,1,0,,0.0,255.0,"[""BCM"", ""CLU""]",False,,[],{},,hyundai_kia_generic.dbc,b6c4a670ceaaacd5ff6326c9f2148df57138200b44513cce6848d951b135be0d
LCA11.CF_RCTA_IndBriLeft,LCA11,CF_RCTA_IndBriLeft,0x58B,1419,False,8,40,8,little_endian,False,False,1,0,,0.0,255.0,"[""BCM"", ""CLU""]",False,,[],{},,hyundai_kia_generic.dbc,b6c4a670ceaaacd5ff6326c9f2148df57138200b44513cce6848d951b135be0d
LCA11.CF_RCTA_IndBriRight,LCA11,CF_RCTA_IndBriRight,0x58B,1419,False,8,48,8,little_endian,False,False,1,0,,0.0,255.0,"[""BCM"", ""CLU""]",False,,[],{},,hyundai_kia_generic.dbc,b6c4a670ceaaacd5ff6326c9f2148df57138200b44513cce6848d951b135be0d
LCA11.CF_RCTA_IndLeft,LCA11,CF_RCTA_IndLeft,0x58B,1419,False,8,56,2,little_endian,False,False,1,0,,0.0,3.0,"[""BCM"", ""CLU""]",False,,[],{},,hyundai_kia_generic.dbc,b6c4a670ceaaacd5ff6326c9f2148df57138200b44513cce6848d951b135be0d
LCA11.CF_RCTA_IndRight,LCA11,CF_RCTA_IndRight,0x58B,1419,False,8,58,2,little_endian,False,False,1,0,,0.0,3.0,"[""BCM"", ""CLU""]",False,,[],{},,hyundai_kia_generic.dbc,b6c4a670ceaaacd5ff6326c9f2148df57138200b44513cce6848d951b135be0d
LCA11.CF_SndWarnForClu,LCA11,CF_SndWarnForClu,0x58B,1419,False,8,60,1,little_endian,False,False,1,0,,0.0,1.0,"[""CLU""]",False,,[],{},,hyundai_kia_generic.dbc,b6c4a670ceaaacd5ff6326c9f2148df57138200b44513cce6848d951b135be0d
ABS11.ABS_DEF,ABS11,ABS_DEF,0x38A,906,False,8,0,1,little_endian,False,False,1,0,,0.0,1.0,"[""_4WD"", ""ACU"", ""EMS"", ""SPAS"", ""TCU""]",False,,[],{},,hyundai_kia_generic.dbc,b6c4a670ceaaacd5ff6326c9f2148df57138200b44513cce6848d951b135be0d
ABS11.EBD_DEF,ABS11,EBD_DEF,0x38A,906,False,8,1,1,little_endian,False,False,1,0,,0.0,1.0,"[""_4WD"", ""EMS"", ""SPAS"", ""TCU""]",False,,[],{},,hyundai_kia_generic.dbc,b6c4a670ceaaacd5ff6326c9f2148df57138200b44513cce6848d951b135be0d
ABS11.ABS_ACT,ABS11,ABS_ACT,0x38A,906,False,8,2,1,little_endian,False,False,1,0,,0.0,1.0,"[""_4WD"", ""ACU"", ""EPB"", ""SPAS"", ""TCU""]",False,,[],{},,hyundai_kia_generic.dbc,b6c4a670ceaaacd5ff6326c9f2148df57138200b44513cce6848d951b135be0d
ABS11.ABS_W_LAMP,ABS11,ABS_W_LAMP,0x38A,906,False,8,3,1,little_endian,False,False,1,0,,0.0,1.0,"[""_4WD"", ""CLU"", ""CUBIS"", ""MTS"", ""TMU""]",False,,[],{},,hyundai_kia_generic.dbc,b6c4a670ceaaacd5ff6326c9f2148df57138200b44513cce6848d951b135be0d
ABS11.EBD_W_LAMP,ABS11,EBD_W_LAMP,0x38A,906,False,8,4,1,little_endian,False,False,1,0,,0.0,1.0,"[""_4WD"", ""CLU""]",False,,[],{},,hyundai_kia_generic.dbc,b6c4a670ceaaacd5ff6326c9f2148df57138200b44513cce6848d951b135be0d
ABS11.ABS_DIAG,ABS11,ABS_DIAG,0x38A,906,False,8,5,1,little_endian,False,False,1,0,,0.0,1.0,"[""_4WD"", ""CLU""]",False,,[],{},,hyundai_kia_generic.dbc,b6c4a670ceaaacd5ff6326c9f2148df57138200b44513cce6848d951b135be0d
ABS11.ESS_STAT,ABS11,ESS_STAT,0x38A,906,False,8,6,2,little_endian,False,False,1,0,,0.0,3.0,"[""_4WD"", ""BCM"", ""CLU"", ""EMS""]",False,,[],{},,hyundai_kia_generic.dbc,b6c4a670ceaaacd5ff6326c9f2148df57138200b44513cce6848d951b135be0d
WHL_PUL11.WHL_PUL_FL,WHL_PUL11,WHL_PUL_FL,0x387,903,False,6,0,8,little_endian,False,False,0.5,0.0,pulse count,0.0,127.5,"[""CUBIS"", ""EPB"", ""IBOX"", ""SPAS"", ""TMU"", ""TPMS"", ""CUBIS"", ""EPB"", ""IBOX"", ""LDWS_LKAS"", ""SPAS"", ""TMU"", ""TPMS""]",False,,[],{},,hyundai_kia_generic.dbc,b6c4a670ceaaacd5ff6326c9f2148df57138200b44513cce6848d951b135be0d
WHL_PUL11.WHL_PUL_FR,WHL_PUL11,WHL_PUL_FR,0x387,903,False,6,8,8,little_endian,False,False,0.5,0.0,pulse count,0.0,127.5,"[""CUBIS"", ""EPB"", ""IBOX"", ""SPAS"", ""TMU"", ""TPMS"", ""CUBIS"", ""EPB"", ""IBOX"", ""LDWS_LKAS"", ""SPAS"", ""TMU"", ""TPMS""]",False,,[],{},,hyundai_kia_generic.dbc,b6c4a670ceaaacd5ff6326c9f2148df57138200b44513cce6848d951b135be0d
WHL_PUL11.WHL_PUL_RL,WHL_PUL11,WHL_PUL_RL,0x387,903,False,6,16,8,little_endian,False,False,0.5,0.0,pulse count,0.0,127.5,"[""CUBIS"", ""EPB"", ""IBOX"", ""SPAS"", ""TMU"", ""TPMS"", ""CUBIS"", ""EPB"", ""IBOX"", ""LDWS_LKAS"", ""SPAS"", ""TMU"", ""TPMS""]",False,,[],{},,hyundai_kia_generic.dbc,b6c4a670ceaaacd5ff6326c9f2148df57138200b44513cce6848d951b135be0d
WHL_PUL11.WHL_PUL_RR,WHL_PUL11,WHL_PUL_RR,0x387,903,False,6,24,8,little_endian,False,False,0.5,0.0,pulse count,0.0,127.5,"[""CUBIS"", ""EPB"", ""IBOX"", ""SPAS"", ""TMU"", ""TPMS"", ""CUBIS"", ""EPB"", ""IBOX"", ""LDWS_LKAS"", ""SPAS"", ""TMU"", ""TPMS""]",False,,[],{},,hyundai_kia_generic.dbc,b6c4a670ceaaacd5ff6326c9f2148df57138200b44513cce6848d951b135be0d
WHL_PUL11.WHL_DIR_FL,WHL_PUL11,WHL_DIR_FL,0x387,903,False,6,32,2,little_endian,False,False,1,0,,0.0,3.0,"[""EPB"", ""SPAS"", ""TPMS"", ""EPB"", ""LCA"", ""SPAS"", ""TPMS""]",False,,[],{},,hyundai_kia_generic.dbc,b6c4a670ceaaacd5ff6326c9f2148df57138200b44513cce6848d951b135be0d
WHL_PUL11.WHL_DIR_FR,WHL_PUL11,WHL_DIR_FR,0x387,903,False,6,34,2,little_endian,False,False,1,0,,0.0,3.0,"[""EPB"", ""SPAS"", ""TPMS"", ""EPB"", ""LCA"", ""SPAS"", ""TPMS""]",False,,[],{},,hyundai_kia_generic.dbc,b6c4a670ceaaacd5ff6326c9f2148df57138200b44513cce6848d951b135be0d
WHL_PUL11.WHL_DIR_RL,WHL_PUL11,WHL_DIR_RL,0x387,903,False,6,36,2,little_endian,False,False,1,0,,0.0,3.0,"[""EPB"", ""SPAS"", ""TPMS"", ""EPB"", ""LCA"", ""SPAS"", ""TPMS""]",False,,[],{},,hyundai_kia_generic.dbc,b6c4a670ceaaacd5ff6326c9f2148df57138200b44513cce6848d951b135be0d
WHL_PUL11.WHL_DIR_RR,WHL_PUL11,WHL_DIR_RR,0x387,903,False,6,38,2,little_endian,False,False,1,0,,0.0,3.0,"[""EPB"", ""SPAS"", ""TPMS"", ""EPB"", ""LCA"", ""SPAS"", ""TPMS""]",False,,[],{},,hyundai_kia_generic.dbc,b6c4a670ceaaacd5ff6326c9f2148df57138200b44513cce6848d951b135be0d
WHL_PUL11.WHL_PUL_Chksum,WHL_PUL11,WHL_PUL_Chksum,0x387,903,False,6,40,8,little_endian,False,False,1,0,,0.0,255.0,"[""EPB"", ""SPAS"", ""TPMS"", ""EPB"", ""LCA"", ""LDWS_LKAS"", ""SPAS"", ""TPMS""]",False,,[],{},,hyundai_kia_generic.dbc,b6c4a670ceaaacd5ff6326c9f2148df57138200b44513cce6848d951b135be0d
TMU11.CF_Tmu_VehSld,TMU11,CF_Tmu_VehSld,0x587,1415,False,8,0,1,little_endian,False,False,1,0,,0.0,1.0,"[""EMS""]",False,,[],{},,hyundai_kia_generic.dbc,b6c4a670ceaaacd5ff6326c9f2148df57138200b44513cce6848d951b135be0d
TMU11.CF_Tmu_VehImmo,TMU11,CF_Tmu_VehImmo,0x587,1415,False,8,1,1,little_endian,False,False,1,0,,0.0,1.0,"[""EMS""]",False,,[],{},,hyundai_kia_generic.dbc,b6c4a670ceaaacd5ff6326c9f2148df57138200b44513cce6848d951b135be0d
TMU11.CF_Tmu_ReqRepCnd,TMU11,CF_Tmu_ReqRepCnd,0x587,1415,False,8,2,2,little_endian,False,False,1,0,,0.0,3.0,"[""EMS""]",False,,[],{},,hyundai_kia_generic.dbc,b6c4a670ceaaacd5ff6326c9f2148df57138200b44513cce6848d951b135be0d
TMU11.CF_Tmu_AirconCtr,TMU11,CF_Tmu_AirconCtr,0x587,1415,False,8,4,1,little_endian,False,False,1,0,,0.0,1.0,"[""DATC""]",False,,[],{},,hyundai_kia_generic.dbc,b6c4a670ceaaacd5ff6326c9f2148df57138200b44513cce6848d951b135be0d
TMU11.CF_Tmu_TempMd,TMU11,CF_Tmu_TempMd,0x587,1415,False,8,5,1,little_endian,False,False,1,0,,0.0,1.0,"[""DATC""]",False,,[],{},,hyundai_kia_generic.dbc,b6c4a670ceaaacd5ff6326c9f2148df57138200b44513cce6848d951b135be0d
TMU11.CF_Tmu_TempSet,TMU11,CF_Tmu_TempSet,0x587,1415,False,8,6,16,little_endian,False,False,1,0,,0.0,20.0,"[""DATC""]",False,,[],{},,hyundai_kia_generic.dbc,b6c4a670ceaaacd5ff6326c9f2148df57138200b44513cce6848d951b135be0d
TMU11.CF_Tmu_DefrostCtr,TMU11,CF_Tmu_DefrostCtr,0x587,1415,False,8,22,1,little_endian,False,False,1,0,,0.0,1.0,"[""DATC"", ""FATC""]",False,,[],{},,hyundai_kia_generic.dbc,b6c4a670ceaaacd5ff6326c9f2148df57138200b44513cce6848d951b135be0d
TMU11.CF_Tmu_AliveCnt1,TMU11,CF_Tmu_AliveCnt1,0x587,1415,False,8,56,4,little_endian,False,False,1,0,,0.0,15.0,"[""EMS""]",False,,[],{},,hyundai_kia_generic.dbc,b6c4a670ceaaacd5ff6326c9f2148df57138200b44513cce6848d951b135be0d
WHL_SPD11.WHL_SPD_FL,WHL_SPD11,WHL_SPD_FL,0x386,902,False,8,0,14,little_endian,False,False,0.03125,0.0,km/h,0.0,511.96875,"[""_4WD"", ""AFLS"", ""AHLS"", ""AVM"", ""CLU"", ""CUBIS"", ""ECS"", ""EMS"", ""EPB"", ""IBOX"", ""LDWS_LKAS"", ""PGS"", ""PSB"", ""SCC"", ""SMK"", ""SPAS"", ""TCU"", ""TPMS"", ""_4WD"", ""ACU"", ""AFLS"", ""AHLS"", ""AVM"", ""CLU"", ""ECS"", ""EMS"", ""EPB"", ""IBOX"", ""LCA"", ""LDWS_LKAS"", ""PGS"", ""PSB"", ""SCC"", ""SMK"", ""SPAS"", ""TCU"", ""TPMS""]",False,,[],{},,hyundai_kia_generic.dbc,b6c4a670ceaaacd5ff6326c9f2148df57138200b44513cce6848d951b135be0d
WHL_SPD11.WHL_SPD_AliveCounter_LSB,WHL_SPD11,WHL_SPD_AliveCounter_LSB,0x386,902,False,8,14,2,little_endian,False,False,1,0,,0.0,15.0,"[""_4WD"", ""EMS"", ""LPI"", ""TCU"", ""TMU""]",False,,[],{},,hyundai_kia_generic.dbc,b6c4a670ceaaacd5ff6326c9f2148df57138200b44513cce6848d951b135be0d
WHL_SPD11.WHL_SPD_FR,WHL_SPD11,WHL_SPD_FR,0x386,902,False,8,16,14,little_endian,False,False,0.03125,0.0,km/h,0.0,511.96875,"[""_4WD"", ""ACU"", ""AFLS"", ""AHLS"", ""AVM"", ""CLU"", ""CUBIS"", ""ECS"", ""EMS"", ""EPB"", ""IBOX"", ""LDWS_LKAS"", ""PGS"", ""PSB"", ""SCC"", ""SMK"", ""SPAS"", ""TCU"", ""TPMS"", ""_4WD"", ""ACU"", ""AFLS"", ""AHLS"", ""AVM"", ""CLU"", ""ECS"", ""EMS"", ""EPB"", ""IBOX"", ""LCA"", ""LDWS_LKAS"", ""PGS"", ""PSB"", ""SCC"", ""SMK"", ""SPAS"", ""TCU"", ""TPMS""]",False,,[],{},,hyundai_kia_generic.dbc,b6c4a670ceaaacd5ff6326c9f2148df57138200b44513cce6848d951b135be0d
WHL_SPD11.WHL_SPD_AliveCounter_MSB,WHL_SPD11,WHL_SPD_AliveCounter_MSB,0x386,902,False,8,30,2,little_endian,False,False,1,0,,0.0,15.0,"[""_4WD"", ""EMS"", ""LPI"", ""TCU"", ""TMU""]",False,,[],{},,hyundai_kia_generic.dbc,b6c4a670ceaaacd5ff6326c9f2148df57138200b44513cce6848d951b135be0d
WHL_SPD11.WHL_SPD_RL,WHL_SPD11,WHL_SPD_RL,0x386,902,False,8,32,14,little_endian,False,False,0.03125,0.0,km/h,0.0,511.96875,"[""_4WD"", ""AFLS"", ""AHLS"", ""AVM"", ""BCM"", ""CLU"", ""CUBIS"", ""ECS"", ""EMS"", ""EPB"", ""IBOX"", ""LDWS_LKAS"", ""PGS"", ""PSB"", ""SCC"", ""SMK"", ""SPAS"", ""TCU"", ""TPMS"", ""_4WD"", ""ACU"", ""AFLS"", ""AHLS"", ""AVM"", ""BCM"", ""CLU"", ""ECS"", ""EMS"", ""EPB"", ""IBOX"", ""LCA"", ""LDWS_LKAS"", ""PGS"", ""PSB"", ""SCC"", ""SMK"", ""SPAS"", ""TCU"", ""TPMS""]",False,,[],{},,hyundai_kia_generic.dbc,b6c4a670ceaaacd5ff6326c9f2148df57138200b44513cce6848d951b135be0d
WHL_SPD11.WHL_SPD_Checksum_LSB,WHL_SPD11,WHL_SPD_Checksum_LSB,0x386,902,False,8,46,2,little_endian,False,False,1,0,,0.0,15.0,"[""_4WD"", ""EMS"", ""LPI"", ""TCU"", ""TMU""]",False,,[],{},,hyundai_kia_generic.dbc,b6c4a670ceaaacd5ff6326c9f2148df57138200b44513cce6848d951b135be0d
WHL_SPD11.WHL_SPD_RR,WHL_SPD11,WHL_SPD_RR,0x386,902,False,8,48,14,little_endian,False,False,0.03125,0.0,km/h,0.0,511.96875,"[""_4WD"", ""AFLS"", ""AHLS"", ""AVM"", ""CLU"", ""CUBIS"", ""ECS"", ""EMS"", ""EPB"", ""IBOX"", ""LDWS_LKAS"", ""PGS"", ""PSB"", ""SCC"", ""SMK"", ""SPAS"", ""TCU"", ""TPMS"", ""_4WD"", ""ACU"", ""AFLS"", ""AHLS"", ""AVM"", ""CLU"", ""ECS"", ""EMS"", ""EPB"", ""IBOX"", ""LCA"", ""LDWS_LKAS"", ""PGS"", ""PSB"", ""SCC"", ""SMK"", ""SPAS"", ""TCU"", ""TPMS""]",False,,[],{},,hyundai_kia_generic.dbc,b6c4a670ceaaacd5ff6326c9f2148df57138200b44513cce6848d951b135be0d
WHL_SPD11.WHL_SPD_Checksum_MSB,WHL_SPD11,WHL_SPD_Checksum_MSB,0x386,902,False,8,62,2,little_endian,False,False,1,0,,0.0,15.0,"[""_4WD"", ""EMS"", ""LPI"", ""TCU"", ""TMU""]",False,,[],{},,hyundai_kia_generic.dbc,b6c4a670ceaaacd5ff6326c9f2148df57138200b44513cce6848d951b135be0d
EVP11.CF_Evp_Stat,EVP11,CF_Evp_Stat,0x586,1414,False,3,0,1,little_endian,False,False,1,0,,0.0,1.0,"[""CLU""]",False,,[],{},,hyundai_kia_generic.dbc,b6c4a670ceaaacd5ff6326c9f2148df57138200b44513cce6848d951b135be0d
AAF11.CF_Aaf_ActFlapStatus,AAF11,CF_Aaf_ActFlapStatus,0x584,1412,False,8,0,2,little_endian,False,False,1,0,,0.0,3.0,"[""AAF_Tester""]",False,,[],{},,hyundai_kia_generic.dbc,b6c4a670ceaaacd5ff6326c9f2148df57138200b44513cce6848d951b135be0d
AAF11.CF_Aaf_ModeStatus,AAF11,CF_Aaf_ModeStatus,0x584,1412,False,8,2,3,little_endian,False,False,1,0,,0.0,7.0,"[""AAF_Tester""]",False,,[],{},,hyundai_kia_generic.dbc,b6c4a670ceaaacd5ff6326c9f2148df57138200b44513cce6848d951b135be0d
AAF11.CF_Aaf_WrnLamp,AAF11,CF_Aaf_WrnLamp,0x584,1412,False,8,5,1,little_endian,False,False,1,0,,0.0,1.0,"[""CLU""]",False,,[],{},,hyundai_kia_generic.dbc,b6c4a670ceaaacd5ff6326c9f2148df57138200b44513cce6848d951b135be0d
AAF11.CF_Aaf_ErrStatus,AAF11,CF_Aaf_ErrStatus,0x584,1412,False,8,6,10,little_endian,False,False,1,0,,0.0,1023.0,"[""AAF_Tester"", ""EMS""]",False,,[],{},,hyundai_kia_generic.dbc,b6c4a670ceaaacd5ff6326c9f2148df57138200b44513cce6848d951b135be0d
AAF11.CF_Aaf_OpenRqSysAct,AAF11,CF_Aaf_OpenRqSysAct,0x584,1412,False,8,16,8,little_endian,False,False,1,0,,0.0,255.0,"[""AAF_Tester""]",False,,[],{},,hyundai_kia_generic.dbc,b6c4a670ceaaacd5ff6326c9f2148df57138200b44513cce6848d951b135be0d
AAF11.CF_Aaf_PStatus,AAF11,CF_Aaf_PStatus,0x584,1412,False,8,24,8,little_endian,False,False,1,0,%,0.0,100.0,"[""AAF_Tester""]",False,,[],{},,hyundai_kia_generic.dbc,b6c4a670ceaaacd5ff6326c9f2148df57138200b44513cce6848d951b135be0d
AAF11.CF_Aaf_OpenRqSysSol,AAF11,CF_Aaf_OpenRqSysSol,0x584,1412,False,8,32,8,little_endian,False,False,1,0,,0.0,255.0,"[""AAF_Tester""]",False,,[],{},,hyundai_kia_generic.dbc,b6c4a670ceaaacd5ff6326c9f2148df57138200b44513cce6848d951b135be0d
AAF11.CF_Aaf_SolFlapStatus,AAF11,CF_Aaf_SolFlapStatus,0x584,1412,False,8,40,2,little_endian,False,False,1,0,,0.0,3.0,"[""AAF_Tester""]",False,,[],{},,hyundai_kia_generic.dbc,b6c4a670ceaaacd5ff6326c9f2148df57138200b44513cce6848d951b135be0d
AAF11.CF_Aaf_MilOnReq,AAF11,CF_Aaf_MilOnReq,0x584,1412,False,8,42,1,little_endian,False,False,1,0,,0.0,1.0,"[""EMS""]",False,,[],{},,hyundai_kia_generic.dbc,b6c4a670ceaaacd5ff6326c9f2148df57138200b44513cce6848d951b135be0d
EMS17.CF_Ems_PkpCurMSV,EMS17,CF_Ems_PkpCurMSV,0x384,900,False,8,0,8,little_endian,False,False,1,0,,0.0,255.0,"[""DI_BOX""]",False,,[],{},,hyundai_kia_generic.dbc,b6c4a670ceaaacd5ff6326c9f2148df57138200b44513cce6848d951b135be0d
EMS17.CF_Ems_HolCurMSV,EMS17,CF_Ems_HolCurMSV,0x384,900,False,8,8,8,little_endian,False,False,1,0,,0.0,255.0,"[""DI_BOX""]",False,,[],{},,hyundai_kia_generic.dbc,b6c4a670ceaaacd5ff6326c9f2148df57138200b44513cce6848d951b135be0d
EMS17.CF_Ems_InjVBnkAct,EMS17,CF_Ems_InjVBnkAct,0x384,900,False,8,16,8,little_endian,False,False,1,0,,0.0,255.0,"[""DI_BOX""]",False,,[],{},,hyundai_kia_generic.dbc,b6c4a670ceaaacd5ff6326c9f2148df57138200b44513cce6848d951b135be0d
EMS17.CF_Ems_InjVActSet,EMS17,CF_Ems_InjVActSet,0x384,900,False,8,24,8,little_endian,False,False,1,0,,0.0,255.0,"[""DI_BOX""]",False,,[],{},,hyundai_kia_generic.dbc,b6c4a670ceaaacd5ff6326c9f2148df57138200b44513cce6848d951b135be0d
EMS17.CF_Ems_DiagFulHDEV,EMS17,CF_Ems_DiagFulHDEV,0x384,900,False,8,32,1,little_endian,False,False,1,0,,0.0,1.0,"[""DI_BOX""]",False,,[],{},,hyundai_kia_generic.dbc,b6c4a670ceaaacd5ff6326c9f2148df57138200b44513cce6848d951b135be0d
EMS17.CF_Ems_SwiOffIC1,EMS17,CF_Ems_SwiOffIC1,0x384,900,False,8,33,1,little_endian,False,False,1,0,,0.0,1.0,"[""DI_BOX""]",False,,[],{},,hyundai_kia_generic.dbc,b6c4a670ceaaacd5ff6326c9f2148df57138200b44513cce6848d951b135be0d
EMS17.CF_Ems_SwiOffIC2,EMS17,CF_Ems_SwiOffIC2,0x384,900,False,8,34,1,little_endian,False,False,1,0,,0.0,1.0,"[""DI_BOX""]",False,,[],{},,hyundai_kia_generic.dbc,b6c4a670ceaaacd5ff6326c9f2148df57138200b44513cce6848d951b135be0d
EMS17.CF_Ems_DiagReqHDEV,EMS17,CF_Ems_DiagReqHDEV,0x384,900,False,8,38,1,little_endian,False,False,1,0,,0.0,1.0,"[""DI_BOX""]",False,,[],{},,hyundai_kia_generic.dbc,b6c4a670ceaaacd5ff6326c9f2148df57138200b44513cce6848d951b135be0d
EMS17.CR_Ems_DutyCycMSV,EMS17,CR_Ems_DutyCycMSV,0x384,900,False,8,40,8,little_endian,False,False,0.3921568627,0.0,%,0.0,100.0,"[""DI_BOX""]",False,,[],{},,hyundai_kia_generic.dbc,b6c4a670ceaaacd5ff6326c9f2148df57138200b44513cce6848d951b135be0d
EMS17.CR_Ems_BatVolRly,EMS17,CR_Ems_BatVolRly,0x384,900,False,8,48,8,little_endian,False,False,0.1,0.0,V,0.0,25.5,"[""DI_BOX""]",False,,[],{},,hyundai_kia_generic.dbc,b6c4a670ceaaacd5ff6326c9f2148df57138200b44513cce6848d951b135be0d
REA11.CF_EndBst_PwmDuH,REA11,CF_EndBst_PwmDuH,0x183,387,False,8,0,1,little_endian,False,False,1,0,,0.0,1.0,"[""EMS""]",False,,[],{},,hyundai_kia_generic.dbc,b6c4a670ceaaacd5ff6326c9f2148df57138200b44513cce6848d951b135be0d
REA11.CF_EndBst_PwmDuL,REA11,CF_EndBst_PwmDuL,0x183,387,False,8,1,1,little_endian,False,False,1,0,,0.0,1.0,"[""EMS""]",False,,[],{},,hyundai_kia_generic.dbc,b6c4a670ceaaacd5ff6326c9f2148df57138200b44513cce6848d951b135be0d
REA11.CF_EndBst_PwmFqOutRng,REA11,CF_EndBst_PwmFqOutRng,0x183,387,False,8,2,1,little_endian,False,False,1,0,,0.0,1.0,"[""EMS""]",False,,[],{},,hyundai_kia_generic.dbc,b6c4a670ceaaacd5ff6326c9f2148df57138200b44513cce6848d951b135be0d
REA11.CF_EndBst_HbriOverCur,REA11,CF_EndBst_HbriOverCur,0x183,387,False,8,3,1,little_endian,False,False,1,0,,0.0,1.0,"[""EMS""]",False,,[],{},,hyundai_kia_generic.dbc,b6c4a670ceaaacd5ff6326c9f2148df57138200b44513cce6848d951b135be0d
REA11.CF_EndBst_HbriOverTemp,REA11,CF_EndBst_HbriOverTemp,0x183,387,False,8,4,1,little_endian,False,False,1,0,,0.0,1.0,"[""EMS""]",False,,[],{},,hyundai_kia_generic.dbc,b6c4a670ceaaacd5ff6326c9f2148df57138200b44513cce6848d951b135be0d
REA11.CF_EndBst_PosSnsKOR,REA11,CF_EndBst_PosSnsKOR,0x183,387,False,8,6,1,little_endian,False,False,1,0,,0.0,1.0,"[""EMS""]",False,,[],{},,hyundai_kia_generic.dbc,b6c4a670ceaaacd5ff6326c9f2148df57138200b44513cce6848d951b135be0d
REA11.CF_EndBst_PosSnsOSOR,REA11,CF_EndBst_PosSnsOSOR,0x183,387,False,8,7,1,little_endian,False,False,1,0,,0.0,1.0,"[""EMS""]",False,,[],{},,hyundai_kia_generic.dbc,b6c4a670ceaaacd5ff6326c9f2148df57138200b44513cce6848d951b135be0d
REA11.CF_EndBst_EepFlt,REA11,CF_EndBst_EepFlt,0x183,387,False,8,8,1,little_endian,False,False,1,0,,0.0,1.0,"[""EMS""]",False,,[],{},,hyundai_kia_generic.dbc,b6c4a670ceaaacd5ff6326c9f2148df57138200b44513cce6848d951b135be0d
REA11.CF_EndBst_RomFlt,REA11,CF_EndBst_RomFlt,0x183,387,False,8,9,1,little_endian,False,False,1,0,,0.0,1.0,"[""EMS""]",False,,[],{},,hyundai_kia_generic.dbc,b6c4a670ceaaacd5ff6326c9f2148df57138200b44513cce6848d951b135be0d
REA11.CF_EndBst_RamFlt,REA11,CF_EndBst_RamFlt,0x183,387,False,8,10,1,little_endian,False,False,1,0,,0.0,1.0,"[""EMS""]",False,,[],{},,hyundai_kia_generic.dbc,b6c4a670ceaaacd5ff6326c9f2148df57138200b44513cce6848d951b135be0d
REA11.CF_EndBst_CanFlt,REA11,CF_EndBst_CanFlt,0x183,387,False,8,11,1,little_endian,False,False,1,0,,0.0,1.0,"[""EMS""]",False,,[],{},,hyundai_kia_generic.dbc,b6c4a670ceaaacd5ff6326c9f2148df57138200b44513cce6848d951b135be0d
REA11.CF_EndBst_AgH,REA11,CF_EndBst_AgH,0x183,387,False,8,12,1,little_endian,False,False,1,0,,0.0,1.0,"[""EMS""]",False,,[],{},,hyundai_kia_generic.dbc,b6c4a670ceaaacd5ff6326c9f2148df57138200b44513cce6848d951b135be0d
REA11.CF_EndBst_AgL,REA11,CF_EndBst_AgL,0x183,387,False,8,13,1,little_endian,False,False,1,0,,0.0,1.0,"[""EMS""]",False,,[],{},,hyundai_kia_generic.dbc,b6c4a670ceaaacd5ff6326c9f2148df57138200b44513cce6848d951b135be0d
REA11.CF_EndBst_ORVol,REA11,CF_EndBst_ORVol,0x183,387,False,8,14,1,little_endian,False,False,1,0,,0.0,1.0,"[""EMS""]",False,,[],{},,hyundai_kia_generic.dbc,b6c4a670ceaaacd5ff6326c9f2148df57138200b44513cce6848d951b135be0d
REA11.CR_EndBst_ActPos,REA11,CR_EndBst_ActPos,0x183,387,False,8,16,16,little_endian,False,False,0.117,0.0,,1.989,118.053,"[""EMS""]",False,,[],{},,hyundai_kia_generic.dbc,b6c4a670ceaaacd5ff6326c9f2148df57138200b44513cce6848d951b135be0d
REA11.CR_EndBst_DemPos,REA11,CR_EndBst_DemPos,0x183,387,False,8,32,16,little_endian,False,False,0.117,0.0,,0.0,119.691,"[""EMS""]",False,,[],{},,hyundai_kia_generic.dbc,b6c4a670ceaaacd5ff6326c9f2148df57138200b44513cce6848d951b135be0d
REA11.CR_EndBst_HbriPwr,REA11,CR_EndBst_HbriPwr,0x183,387,False,8,48,16,little_endian,False,False,0.045,0.0,%,0.0,99.99,"[""EMS""]",False,,[],{},,hyundai_kia_generic.dbc,b6c4a670ceaaacd5ff6326c9f2148df57138200b44513cce6848d951b135be0d
CUBIS11.CF_Cubis_HUDisp,CUBIS11,CF_Cubis_HUDisp,0x583,1411,False,8,0,4,little_endian,False,False,1,0,,0.0,15.0,"[""CLU""]",False,,[],{},,hyundai_kia_generic.dbc,b6c4a670ceaaacd5ff6326c9f2148df57138200b44513cce6848d951b135be0d
FATC11.CR_Fatc_TqAcnOut,FATC11,CR_Fatc_TqAcnOut,0x383,899,False,8,0,8,little_endian,False,False,0.2,0.0,Nm,0.0,50.8,"[""EMS"", ""IBOX""]",False,,[],{},,hyundai_kia_generic.dbc,b6c4a670ceaaacd5ff6326c9f2148df57138200b44513cce6848d951b135be0d
FATC11.CF_Fatc_AcnRqSwi,FATC11,CF_Fatc_AcnRqSwi,0x383,899,False,8,8,1,little_endian,False,False,1,0,,0.0,1.0,"[""AAF"", ""EMS"", ""IBOX""]",False,,[],{},,hyundai_kia_generic.dbc,b6c4a670ceaaacd5ff6326c9f2148df57138200b44513cce6848d951b135be0d
FATC11.CF_Fatc_AcnCltEnRq,FATC11,CF_Fatc_AcnCltEnRq,0x383,899,False,8,9,1,little_endian,False,False,1,0,,0.0,1.0,"[""EMS"", ""IBOX""]",False,,[],{},,hyundai_kia_generic.dbc,b6c4a670ceaaacd5ff6326c9f2148df57138200b44513cce6848d951b135be0d
FATC11.CF_Fatc_EcvFlt,FATC11,CF_Fatc_EcvFlt,0x383,899,False,8,10,1,little_endian,False,False,1,0,,0.0,1.0,"[""EMS"", ""IBOX""]",False,,[],{},,hyundai_kia_generic.dbc,b6c4a670ceaaacd5ff6326c9f2148df57138200b44513cce6848d951b135be0d
FATC11.CF_Fatc_BlwrOn,FATC11,CF_Fatc_BlwrOn,0x383,899,False,8,11,1,little_endian,False,False,1,0,,0.0,1.0,"[""EMS"", ""IBOX""]",False,,[],{},,hyundai_kia_generic.dbc,b6c4a670ceaaacd5ff6326c9f2148df57138200b44513cce6848d951b135be0d
FATC11.CF_FATC_Iden,FATC11,CF_FATC_Iden,0x383,899,False,8,12,2,little_endian,False,False,1,0,,0.0,3.0,"[""EMS"", ""IBOX""]",False,,[],{},,hyundai_kia_generic.dbc,b6c4a670ceaaacd5ff6326c9f2148df57138200b44513cce6848d951b135be0d
FATC11.CF_Fatc_BlwrMax,FATC11,CF_Fatc_BlwrMax,0x383,899,False,8,14,1,little_endian,False,False,1,0,,0.0,1.0,"[""CLU"", ""EMS"", ""IBOX""]",False,,[],{},,hyundai_kia_generic.dbc,b6c4a670ceaaacd5ff6326c9f2148df57138200b44513cce6848d951b135be0d
FATC11.CF_Fatc_EngStartReq,FATC11,CF_Fatc_EngStartReq,0x383,899,False,8,15,1,little_endian,False,False,1,0,,0.0,1.0,"[""EMS"", ""IBOX""]",False,,[],{},,hyundai_kia_generic.dbc,b6c4a670ceaaacd5ff6326c9f2148df57138200b44513cce6848d951b135be0d
FATC11.CF_Fatc_IsgStopReq,FATC11,CF_Fatc_IsgStopReq,0x383,899,False,8,16,1,little_endian,False,False,1,0,,0.0,1.0,"[""EMS"", ""IBOX""]",False,,[],{},,hyundai_kia_generic.dbc,b6c4a670ceaaacd5ff6326c9f2148df57138200b44513cce6848d951b135be0d
FATC11.CF_Fatc_CtrInf,FATC11,CF_Fatc_CtrInf,0x383,899,False,8,17,3,little_endian,False,False,1,0,,0.0,7.0,"[""EMS"", ""IBOX""]",False,,[],{},,hyundai_kia_generic.dbc,b6c4a670ceaaacd5ff6326c9f2148df57138200b44513cce6848d951b135be0d
FATC11.CF_Fatc_MsgCnt,FATC11,CF_Fatc_MsgCnt,0x383,899,False,8,20,4,little_endian,False,False,1,0,,0.0,15.0,"[""EMS"", ""IBOX""]",False,,[],{},,hyundai_kia_generic.dbc,b6c4a670ceaaacd5ff6326c9f2148df57138200b44513cce6848d951b135be0d
FATC11.CR_Fatc_OutTemp,FATC11,CR_Fatc_OutTemp,0x383,899,False,8,24,8,little_endian,False,False,0.5,-40.0,deg,-40.0,60.0,"[""BCM"", ""CLU"", ""EMS"", ""IBOX"", ""SPAS"", ""TCU"", ""TPMS""]",False,,[],{},,hyundai_kia_generic.dbc,b6c4a670ceaaacd5ff6326c9f2148df57138200b44513cce6848d951b135be0d
FATC11.CR_Fatc_OutTempSns,FATC11,CR_Fatc_OutTempSns,0x383,899,False,8,32,8,little_endian,False,False,0.5,-40.0,deg,-40.0,60.0,"[""AAF"", ""AHLS"", ""CLU"", ""EMS"", ""IBOX"", ""SPAS"", ""TCU""]",False,,[],{},,hyundai_kia_generic.dbc,b6c4a670ceaaacd5ff6326c9f2148df57138200b44513cce6848d951b135be0d
FATC11.CF_Fatc_Compload,FATC11,CF_Fatc_Compload,0x383,899,False,8,40,3,little_endian,False,False,1,0,,0.0,7.0,"[""EMS"", ""IBOX""]",False,,[],{},,hyundai_kia_generic.dbc,b6c4a670ceaaacd5ff6326c9f2148df57138200b44513cce6848d951b135be0d
FATC11.CF_Fatc_ActiveEco,FATC11,CF_Fatc_ActiveEco,0x383,899,False,8,43,1,little_endian,False,False,1,0,,0.0,1.0,"[""CLU"", ""IBOX""]",False,,[],{},,hyundai_kia_generic.dbc,b6c4a670ceaaacd5ff6326c9f2148df57138200b44513cce6848d951b135be0d
FATC11.CF_Fatc_AutoActivation,FATC11,CF_Fatc_AutoActivation,0x383,899,False,8,44,1,little_endian,False,False,1,0,,0.0,1.0,"[""IBOX""]",False,,[],{},,hyundai_kia_generic.dbc,b6c4a670ceaaacd5ff6326c9f2148df57138200b44513cce6848d951b135be0d
FATC11.CF_Fatc_DefSw,FATC11,CF_Fatc_DefSw,0x383,899,False,8,45,1,little_endian,False,False,1,0,,0.0,1.0,"[""BCM"", ""IBOX""]",False,,[],{},,hyundai_kia_generic.dbc,b6c4a670ceaaacd5ff6326c9f2148df57138200b44513cce6848d951b135be0d
FATC11.CF_Fatc_PtcRlyStat,FATC11,CF_Fatc_PtcRlyStat,0x383,899,False,8,46,1,little_endian,False,False,1,0,,0.0,1.0,"[""EMS"", ""IBOX""]",False,,[],{},,hyundai_kia_generic.dbc,b6c4a670ceaaacd5ff6326c9f2148df57138200b44513cce6848d951b135be0d
FATC11.CF_Fatc_ChkSum,FATC11,CF_Fatc_ChkSum,0x383,899,False,8,56,8,little_endian,False,False,1,0,,0.0,255.0,"[""EMS"", ""IBOX"", ""SPAS""]",False,,[],{},,hyundai_kia_generic.dbc,b6c4a670ceaaacd5ff6326c9f2148df57138200b44513cce6848d951b135be0d
EMS_DCT12.CR_Ems_SoakTimeExt,EMS_DCT12,CR_Ems_SoakTimeExt,0x081,129,False,8,0,6,little_endian,False,False,5,0,Min,0.0,315.0,"[""TCU""]",False,,[],{},,hyundai_kia_generic.dbc,b6c4a670ceaaacd5ff6326c9f2148df57138200b44513cce6848d951b135be0d
EMS_DCT12.BRAKE_ACT,EMS_DCT12,BRAKE_ACT,0x081,129,False,8,6,2,little_endian,False,False,1,0,,0.0,3.0,"[""TCU""]",False,,[],{},,hyundai_kia_generic.dbc,b6c4a670ceaaacd5ff6326c9f2148df57138200b44513cce6848d951b135be0d
EMS_DCT12.CF_Ems_EngOperStat,EMS_DCT12,CF_Ems_EngOperStat,0x081,129,False,8,8,8,little_endian,False,False,1,0,,0.0,255.0,"[""TCU""]",False,,[],{},,hyundai_kia_generic.dbc,b6c4a670ceaaacd5ff6326c9f2148df57138200b44513cce6848d951b135be0d
EMS_DCT12.CR_Ems_IndAirTemp,EMS_DCT12,CR_Ems_IndAirTemp,0x081,129,False,8,16,8,little_endian,False,False,0.75,-48.0,deg,-48.0,143.25,"[""TCU""]",False,,[],{},,hyundai_kia_generic.dbc,b6c4a670ceaaacd5ff6326c9f2148df57138200b44513cce6848d951b135be0d
EMS_DCT12.CF_Ems_Alive2,EMS_DCT12,CF_Ems_Alive2,0x081,129,False,8,56,4,little_endian,False,False,1,0,,0.0,15.0,"[""TCU""]",False,,[],{},,hyundai_kia_generic.dbc,b6c4a670ceaaacd5ff6326c9f2148df57138200b44513cce6848d951b135be0d
EMS_DCT12.CF_Ems_ChkSum2,EMS_DCT12,CF_Ems_ChkSum2,0x081,129,False,8,60,4,little_endian,False,False,1,0,,0.0,15.0,"[""TCU""]",False,,[],{},,hyundai_kia_generic.dbc,b6c4a670ceaaacd5ff6326c9f2148df57138200b44513cce6848d951b135be0d
FCEV_ACCELERATOR.ACCELERATOR_PEDAL,FCEV_ACCELERATOR,ACCELERATOR_PEDAL,0x091,145,False,8,48,8,little_endian,False,False,1,0,,0,255,"[""XXX""]",False,,[],{},,hyundai_kia_generic.dbc,b6c4a670ceaaacd5ff6326c9f2148df57138200b44513cce6848d951b135be0d
MDPS11.CF_Mdps_WLmp,MDPS11,CF_Mdps_WLmp,0x381,897,False,8,0,2,little_endian,False,False,1,0,,0.0,3.0,"[""CLU"", ""CUBIS"", ""EMS"", ""IBOX"", ""SPAS""]",False,,[],{},,hyundai_kia_generic.dbc,b6c4a670ceaaacd5ff6326c9f2148df57138200b44513cce6848d951b135be0d
MDPS11.CF_Mdps_Flex,MDPS11,CF_Mdps_Flex,0x381,897,False,8,2,3,little_endian,False,False,1,0,,0.0,3.0,"[""CLU"", ""LDWS_LKAS""]",False,,[],{},,hyundai_kia_generic.dbc,b6c4a670ceaaacd5ff6326c9f2148df57138200b44513cce6848d951b135be0d
MDPS11.CF_Mdps_FlexDisp,MDPS11,CF_Mdps_FlexDisp,0x381,897,False,8,5,1,little_endian,False,False,1,0,,0.0,1.0,"[""CLU""]",False,,[],{},,hyundai_kia_generic.dbc,b6c4a670ceaaacd5ff6326c9f2148df57138200b44513cce6848d951b135be0d
MDPS11.CF_Mdps_Stat,MDPS11,CF_Mdps_Stat,0x381,897,False,8,7,4,little_endian,False,False,1,0,,0.0,15.0,"[""SPAS""]",False,,[],{},,hyundai_kia_generic.dbc,b6c4a670ceaaacd5ff6326c9f2148df57138200b44513cce6848d951b135be0d
MDPS11.CR_Mdps_DrvTq,MDPS11,CR_Mdps_DrvTq,0x381,897,False,8,11,12,little_endian,False,False,1,-2048,,-2048.0,2046.0,"[""SPAS""]",False,,[],{},,hyundai_kia_generic.dbc,b6c4a670ceaaacd5ff6326c9f2148df57138200b44513cce6848d951b135be0d
MDPS11.CF_Mdps_ALTRequest,MDPS11,CF_Mdps_ALTRequest,0x381,897,False,8,23,1,little_endian,False,False,1,0,,0.0,1.0,"[""EMS""]",False,,[],{},,hyundai_kia_generic.dbc,b6c4a670ceaaacd5ff6326c9f2148df57138200b44513cce6848d951b135be0d
MDPS11.CR_Mdps_StrAng,MDPS11,CR_Mdps_StrAng,0x381,897,False,8,24,16,little_endian,True,False,0.1,0.0,Deg,-3276.8,3276.7,"[""SPAS""]",False,,[],{},,hyundai_kia_generic.dbc,b6c4a670ceaaacd5ff6326c9f2148df57138200b44513cce6848d951b135be0d
MDPS11.CF_Mdps_AliveCnt,MDPS11,CF_Mdps_AliveCnt,0x381,897,False,8,40,8,little_endian,False,False,1,0,,0.0,255.0,"[""LDWS_LKAS"", ""SPAS""]",False,,[],{},,hyundai_kia_generic.dbc,b6c4a670ceaaacd5ff6326c9f2148df57138200b44513cce6848d951b135be0d
MDPS11.CF_Mdps_Chksum,MDPS11,CF_Mdps_Chksum,0x381,897,False,8,48,8,little_endian,False,False,1,0,,0.0,255.0,"[""LDWS_LKAS"", ""SPAS""]",False,,[],{},,hyundai_kia_generic.dbc,b6c4a670ceaaacd5ff6326c9f2148df57138200b44513cce6848d951b135be0d
MDPS11.CF_Mdps_SPAS_FUNC,MDPS11,CF_Mdps_SPAS_FUNC,0x381,897,False,8,57,1,little_endian,False,False,1,0,flag,0.0,1.0,"[""SPAS""]",False,,[],{},,hyundai_kia_generic.dbc,b6c4a670ceaaacd5ff6326c9f2148df57138200b44513cce6848d951b135be0d
MDPS11.CF_Mdps_LKAS_FUNC,MDPS11,CF_Mdps_LKAS_FUNC,0x381,897,False,8,58,1,little_endian,False,False,1,0,flag,0.0,1.0,"[""LDWS_LKAS""]",False,,[],{},,hyundai_kia_generic.dbc,b6c4a670ceaaacd5ff6326c9f2148df57138200b44513cce6848d951b135be0d
MDPS11.CF_Mdps_CurrMode,MDPS11,CF_Mdps_CurrMode,0x381,897,False,8,59,2,little_endian,False,False,1,0,,0.0,3.0,"[""LDWS_LKAS""]",False,,[],{},,hyundai_kia_generic.dbc,b6c4a670ceaaacd5ff6326c9f2148df57138200b44513cce6848d951b135be0d
MDPS11.CF_Mdps_Type,MDPS11,CF_Mdps_Type,0x381,897,False,8,61,2,little_endian,False,False,1,0,,0.0,2.0,"[""LDWS_LKAS"", ""SPAS""]",False,,[],{},,hyundai_kia_generic.dbc,b6c4a670ceaaacd5ff6326c9f2148df57138200b44513cce6848d951b135be0d
MDPS11.CF_MDPS_VSM_FUNC,MDPS11,CF_MDPS_VSM_FUNC,0x381,897,False,8,56,1,big_endian,False,False,1,0,,0.0,1.0,"[""XXX""]",False,,[],{},,hyundai_kia_generic.dbc,b6c4a670ceaaacd5ff6326c9f2148df57138200b44513cce6848d951b135be0d
DI_BOX13.CF_DiBox_HPreInjVConfStat,DI_BOX13,CF_DiBox_HPreInjVConfStat,0x380,896,False,8,0,8,little_endian,False,False,1,0,,0.0,255.0,"[""EMS""]",False,,[],{},,hyundai_kia_generic.dbc,b6c4a670ceaaacd5ff6326c9f2148df57138200b44513cce6848d951b135be0d
DI_BOX13.CF_DiBox_HPreInjVStat1,DI_BOX13,CF_DiBox_HPreInjVStat1,0x380,896,False,8,8,8,little_endian,False,False,1,0,,0.0,255.0,"[""EMS""]",False,,[],{},,hyundai_kia_generic.dbc,b6c4a670ceaaacd5ff6326c9f2148df57138200b44513cce6848d951b135be0d
DI_BOX13.CF_DiBox_HPreInjVStat2,DI_BOX13,CF_DiBox_HPreInjVStat2,0x380,896,False,8,16,8,little_endian,False,False,1,0,,0.0,255.0,"[""EMS""]",False,,[],{},,hyundai_kia_generic.dbc,b6c4a670ceaaacd5ff6326c9f2148df57138200b44513cce6848d951b135be0d
DI_BOX13.CF_DiBox_HPreInjVPkp,DI_BOX13,CF_DiBox_HPreInjVPkp,0x380,896,False,8,24,8,little_endian,False,False,1,0,,0.0,255.0,"[""EMS""]",False,,[],{},,hyundai_kia_generic.dbc,b6c4a670ceaaacd5ff6326c9f2148df57138200b44513cce6848d951b135be0d
DI_BOX13.CF_DiBox_HPreInjVBpt,DI_BOX13,CF_DiBox_HPreInjVBpt,0x380,896,False,8,32,8,little_endian,False,False,1,0,,0.0,255.0,"[""EMS""]",False,,[],{},,hyundai_kia_generic.dbc,b6c4a670ceaaacd5ff6326c9f2148df57138200b44513cce6848d951b135be0d
DI_BOX13.CF_DiBox_ErrRegFrtMSV,DI_BOX13,CF_DiBox_ErrRegFrtMSV,0x380,896,False,8,40,8,little_endian,False,False,1,0,,0.0,255.0,"[""EMS""]",False,,[],{},,hyundai_kia_generic.dbc,b6c4a670ceaaacd5ff6326c9f2148df57138200b44513cce6848d951b135be0d
DI_BOX13.CF_DiBox_ErrRegSedMSV,DI_BOX13,CF_DiBox_ErrRegSedMSV,0x380,896,False,8,48,8,little_endian,False,False,1,0,,0.0,255.0,"[""EMS""]",False,,[],{},,hyundai_kia_generic.dbc,b6c4a670ceaaacd5ff6326c9f2148df57138200b44513cce6848d951b135be0d
DI_BOX13.CF_DiBox_SPIErrSedMSV,DI_BOX13,CF_DiBox_SPIErrSedMSV,0x380,896,False,8,56,1,little_endian,False,False,1,0,,0.0,1.0,"[""EMS""]",False,,[],{},,hyundai_kia_generic.dbc,b6c4a670ceaaacd5ff6326c9f2148df57138200b44513cce6848d951b135be0d
DI_BOX13.CF_DiBox_SPIErrFrtMSV,DI_BOX13,CF_DiBox_SPIErrFrtMSV,0x380,896,False,8,57,1,little_endian,False,False,1,0,,0.0,1.0,"[""EMS""]",False,,[],{},,hyundai_kia_generic.dbc,b6c4a670ceaaacd5ff6326c9f2148df57138200b44513cce6848d951b135be0d
DI_BOX13.CF_DiBox_IDErrSedMSV,DI_BOX13,CF_DiBox_IDErrSedMSV,0x380,896,False,8,58,1,little_endian,False,False,1,0,,0.0,1.0,"[""EMS""]",False,,[],{},,hyundai_kia_generic.dbc,b6c4a670ceaaacd5ff6326c9f2148df57138200b44513cce6848d951b135be0d
DI_BOX13.CF_DiBox_IDErrFrtMSV,DI_BOX13,CF_DiBox_IDErrFrtMSV,0x380,896,False,8,59,1,little_endian,False,False,1,0,,0.0,1.0,"[""EMS""]",False,,[],{},,hyundai_kia_generic.dbc,b6c4a670ceaaacd5ff6326c9f2148df57138200b44513cce6848d951b135be0d
DI_BOX13.CF_DiBox_IniStatMSV,DI_BOX13,CF_DiBox_IniStatMSV,0x380,896,False,8,60,1,little_endian,False,False,1,0,,0.0,1.0,"[""EMS""]",False,,[],{},,hyundai_kia_generic.dbc,b6c4a670ceaaacd5ff6326c9f2148df57138200b44513cce6848d951b135be0d
EMS13.LV_FUEL_TYPE_ECU,EMS13,LV_FUEL_TYPE_ECU,0x280,640,False,8,0,1,little_endian,False,False,1,0,,0.0,1.0,"[""BCM"", ""CLU"", ""LPI"", ""SMK""]",False,,[],{},,hyundai_kia_generic.dbc,b6c4a670ceaaacd5ff6326c9f2148df57138200b44513cce6848d951b135be0d
EMS13.LV_BFS_CFIRM,EMS13,LV_BFS_CFIRM,0x280,640,False,8,1,1,little_endian,False,False,1,0,,0.0,1.0,"[""LPI""]",False,,[],{},,hyundai_kia_generic.dbc,b6c4a670ceaaacd5ff6326c9f2148df57138200b44513cce6848d951b135be0d
EMS13.LV_CRASH,EMS13,LV_CRASH,0x280,640,False,8,2,1,little_endian,False,False,1,0,,0.0,1.0,"[""LPI""]",False,,[],{},,hyundai_kia_generic.dbc,b6c4a670ceaaacd5ff6326c9f2148df57138200b44513cce6848d951b135be0d
EMS13.LV_VB_OFF_ACT,EMS13,LV_VB_OFF_ACT,0x280,640,False,8,3,1,little_endian,False,False,1,0,,0.0,1.0,"[""LPI""]",False,,[],{},,hyundai_kia_generic.dbc,b6c4a670ceaaacd5ff6326c9f2148df57138200b44513cce6848d951b135be0d
EMS13.LV_GSL_MAP,EMS13,LV_GSL_MAP,0x280,640,False,8,4,1,little_endian,False,False,1,0,,0.0,1.0,"[""LPI""]",True,,[],{},,hyundai_kia_generic.dbc,b6c4a670ceaaacd5ff6326c9f2148df57138200b44513cce6848d951b135be0d
EMS13.LV_ENG_TURN,EMS13,LV_ENG_TURN,0x280,640,False,8,5,1,little_endian,False,False,1,0,,0.0,1.0,"[""LPI""]",False,,[],{},,hyundai_kia_generic.dbc,b6c4a670ceaaacd5ff6326c9f2148df57138200b44513cce6848d951b135be0d
EMS13.ERR_FUEL,EMS13,ERR_FUEL,0x280,640,False,8,8,8,little_endian,False,False,1,0,,0.0,255.0,"[""LPI""]",False,,[],{},,hyundai_kia_generic.dbc,b6c4a670ceaaacd5ff6326c9f2148df57138200b44513cce6848d951b135be0d
EMS13.EOS,EMS13,EOS,0x280,640,False,8,16,8,little_endian,False,False,1,0,,0.0,255.0,"[""LPI""]",False,,[],{},,hyundai_kia_generic.dbc,b6c4a670ceaaacd5ff6326c9f2148df57138200b44513cce6848d951b135be0d
EMS13.TCO,EMS13,TCO,0x280,640,False,8,24,8,little_endian,False,False,0.75,-48.0,deg,-48.0,143.25,"[""LPI""]",False,,[],{},,hyundai_kia_generic.dbc,b6c4a670ceaaacd5ff6326c9f2148df57138200b44513cce6848d951b135be0d
EMS13.N_32,EMS13,N_32,0x280,640,False,8,32,8,little_endian,False,False,32,0,rpm,0.0,8160.0,"[""LPI""]",False,,[],{},,hyundai_kia_generic.dbc,b6c4a670ceaaacd5ff6326c9f2148df57138200b44513cce6848d951b135be0d
EMS13.MAF,EMS13,MAF,0x280,640,False,8,40,8,little_endian,False,False,5.447,0.0,mg/TDC,0.0,1388.985,"[""LPI""]",False,,[],{},,hyundai_kia_generic.dbc,b6c4a670ceaaacd5ff6326c9f2148df57138200b44513cce6848d951b135be0d
EMS13.TIA,EMS13,TIA,0x280,640,False,8,48,8,little_endian,False,False,0.75,-48.0,deg,-48.0,143.25,"[""LPI""]",False,,[],{},,hyundai_kia_generic.dbc,b6c4a670ceaaacd5ff6326c9f2148df57138200b44513cce6848d951b135be0d
EMS13.MAP,EMS13,MAP,0x280,640,False,8,56,8,little_endian,False,False,0.47058,0.0,kPa,0.0,119.9979,"[""LPI""]",False,LV_GSL_MAP,[1],{},,hyundai_kia_generic.dbc,b6c4a670ceaaacd5ff6326c9f2148df57138200b44513cce6848d951b135be0d
EMS13.AMP,EMS13,AMP,0x280,640,False,8,56,8,little_endian,False,False,21.22,0.0,hPa,0.0,5411.1,"[""LPI""]",False,LV_GSL_MAP,[0],{},,hyundai_kia_generic.dbc,b6c4a670ceaaacd5ff6326c9f2148df57138200b44513cce6848d951b135be0d
EMS_DCT11.PV_AV_CAN,EMS_DCT11,PV_AV_CAN,0x080,128,False,8,0,8,little_endian,False,False,0.3906,0.0,%,0.0,99.603,"[""TCU""]",False,,[],{},,hyundai_kia_generic.dbc,b6c4a670ceaaacd5ff6326c9f2148df57138200b44513cce6848d951b135be0d
EMS_DCT11.TQ_STND,EMS_DCT11,TQ_STND,0x080,128,False,8,8,6,little_endian,False,False,10,0,Nm,0.0,630.0,"[""TCU""]",False,,[],{},,hyundai_kia_generic.dbc,b6c4a670ceaaacd5ff6326c9f2148df57138200b44513cce6848d951b135be0d
EMS_DCT11.F_N_ENG,EMS_DCT11,F_N_ENG,0x080,128,False,8,14,1,little_endian,False,False,1,0,,0.0,1.0,"[""TCU""]",False,,[],{},,hyundai_kia_generic.dbc,b6c4a670ceaaacd5ff6326c9f2148df57138200b44513cce6848d951b135be0d
EMS_DCT11.F_SUB_TQI,EMS_DCT11,F_SUB_TQI,0x080,128,False,8,15,1,little_endian,False,False,1,0,,0.0,1.0,"[""TCU""]",False,,[],{},,hyundai_kia_generic.dbc,b6c4a670ceaaacd5ff6326c9f2148df57138200b44513cce6848d951b135be0d
EMS_DCT11.N,EMS_DCT11,N,0x080,128,False,8,16,16,little_endian,False,False,0.25,0.0,rpm,0.0,16383.75,"[""TCU""]",False,,[],{},,hyundai_kia_generic.dbc,b6c4a670ceaaacd5ff6326c9f2148df57138200b44513cce6848d951b135be0d
EMS_DCT11.TQI_ACOR,EMS_DCT11,TQI_ACOR,0x080,128,False,8,32,8,little_endian,False,False,0.390625,0.0,%,0.0,99.6094,"[""IBOX"", ""TCU""]",False,,[],{},,hyundai_kia_generic.dbc,b6c4a670ceaaacd5ff6326c9f2148df57138200b44513cce6848d951b135be0d
EMS_DCT11.TQFR,EMS_DCT11,TQFR,0x080,128,False,8,40,8,little_endian,False,False,0.390625,0.0,%,0.0,99.6094,"[""TCU""]",False,,[],{},,hyundai_kia_generic.dbc,b6c4a670ceaaacd5ff6326c9f2148df57138200b44513cce6848d951b135be0d
EMS_DCT11.TQI,EMS_DCT11,TQI,0x080,128,False,8,48,8,little_endian,False,False,0.390625,0.0,%,0.0,99.609375,"[""TCU""]",False,,[],{},,hyundai_kia_generic.dbc,b6c4a670ceaaacd5ff6326c9f2148df57138200b44513cce6848d951b135be0d
EMS_DCT11.CF_Ems_Alive,EMS_DCT11,CF_Ems_Alive,0x080,128,False,8,56,4,little_endian,False,False,1,0,,0.0,15.0,"[""TCU""]",False,,[],{},,hyundai_kia_generic.dbc,b6c4a670ceaaacd5ff6326c9f2148df57138200b44513cce6848d951b135be0d
EMS_DCT11.CF_Ems_ChkSum,EMS_DCT11,CF_Ems_ChkSum,0x080,128,False,8,60,4,little_endian,False,False,1,0,,0.0,15.0,"[""TCU""]",False,,[],{},,hyundai_kia_generic.dbc,b6c4a670ceaaacd5ff6326c9f2148df57138200b44513cce6848d951b135be0d
HU_MON_PE_01.HU_Type,HU_MON_PE_01,HU_Type,0x57F,1407,False,8,0,8,little_endian,False,False,1,0,,0.0,255.0,"[""AVM"", ""PGS""]",False,,[],{},,hyundai_kia_generic.dbc,b6c4a670ceaaacd5ff6326c9f2148df57138200b44513cce6848d951b135be0d
CGW5.C_StopLampLhOpenSts,CGW5,C_StopLampLhOpenSts,0x07F,127,False,8,0,1,little_endian,False,False,1,0,,0.0,1.0,"[""CLU""]",False,,[],{},,hyundai_kia_generic.dbc,b6c4a670ceaaacd5ff6326c9f2148df57138200b44513cce6848d951b135be0d
CGW5.C_StopLampRhOpenSts,CGW5,C_StopLampRhOpenSts,0x07F,127,False,8,1,1,little_endian,False,False,1,0,,0.0,1.0,"[""CLU""]",False,,[],{},,hyundai_kia_generic.dbc,b6c4a670ceaaacd5ff6326c9f2148df57138200b44513cce6848d951b135be0d
CGW5.C_HMSLOpenSts,CGW5,C_HMSLOpenSts,0x07F,127,False,8,2,1,little_endian,False,False,1,0,,0.0,1.0,"[""CLU""]",False,,[],{},,hyundai_kia_generic.dbc,b6c4a670ceaaacd5ff6326c9f2148df57138200b44513cce6848d951b135be0d
CGW5.C_HLampLowLhOpenSts,CGW5,C_HLampLowLhOpenSts,0x07F,127,False,8,3,1,little_endian,False,False,1,0,,0.0,1.0,"[""CLU""]",False,,[],{},,hyundai_kia_generic.dbc,b6c4a670ceaaacd5ff6326c9f2148df57138200b44513cce6848d951b135be0d
CGW5.C_HLampLowRhOpenSts,CGW5,C_HLampLowRhOpenSts,0x07F,127,False,8,4,1,little_endian,False,False,1,0,,0.0,1.0,"[""CLU""]",False,,[],{},,hyundai_kia_generic.dbc,b6c4a670ceaaacd5ff6326c9f2148df57138200b44513cce6848d951b135be0d
CGW5.C_HLampHighLhOpenSts,CGW5,C_HLampHighLhOpenSts,0x07F,127,False,8,5,1,little_endian,False,False,1,0,,0.0,1.0,"[""CLU""]",False,,[],{},,hyundai_kia_generic.dbc,b6c4a670ceaaacd5ff6326c9f2148df57138200b44513cce6848d951b135be0d
CGW5.C_HLampHighRhOpenSts,CGW5,C_HLampHighRhOpenSts,0x07F,127,False,8,6,1,little_endian,False,False,1,0,,0.0,1.0,"[""CLU""]",False,,[],{},,hyundai_kia_generic.dbc,b6c4a670ceaaacd5ff6326c9f2148df57138200b44513cce6848d951b135be0d
CGW5.C_DRLLampLhOpenSts,CGW5,C_DRLLampLhOpenSts,0x07F,127,False,8,7,1,little_endian,False,False,1,0,,0.0,1.0,"[""CLU""]",False,,[],{},,hyundai_kia_generic.dbc,b6c4a670ceaaacd5ff6326c9f2148df57138200b44513cce6848d951b135be0d
CGW5.C_DRLLampRhOpenSts,CGW5,C_DRLLampRhOpenSts,0x07F,127,False,8,8,1,little_endian,False,False,1,0,,0.0,1.0,"[""CLU""]",False,,[],{},,hyundai_kia_generic.dbc,b6c4a670ceaaacd5ff6326c9f2148df57138200b44513cce6848d951b135be0d
CGW5.C_RearFOGLhOpenSts,CGW5,C_RearFOGLhOpenSts,0x07F,127,False,8,9,1,little_endian,False,False,1,0,,0.0,1.0,"[""CLU""]",False,,[],{},,hyundai_kia_generic.dbc,b6c4a670ceaaacd5ff6326c9f2148df57138200b44513cce6848d951b135be0d
CGW5.C_RearFOGRhOpenSts,CGW5,C_RearFOGRhOpenSts,0x07F,127,False,8,10,1,little_endian,False,False,1,0,,0.0,1.0,"[""CLU""]",False,,[],{},,hyundai_kia_generic.dbc,b6c4a670ceaaacd5ff6326c9f2148df57138200b44513cce6848d951b135be0d
CGW5.C_FrontFOGLhOpenSts,CGW5,C_FrontFOGLhOpenSts,0x07F,127,False,8,11,1,little_endian,False,False,1,0,,0.0,1.0,"[""CLU""]",False,,[],{},,hyundai_kia_generic.dbc,b6c4a670ceaaacd5ff6326c9f2148df57138200b44513cce6848d951b135be0d
CGW5.C_FrontFOGRhOpenSts,CGW5,C_FrontFOGRhOpenSts,0x07F,127,False,8,12,1,little_endian,False,False,1,0,,0.0,1.0,"[""CLU""]",False,,[],{},,hyundai_kia_generic.dbc,b6c4a670ceaaacd5ff6326c9f2148df57138200b44513cce6848d951b135be0d
CGW5.C_RearEXTTailLhOpenSts,CGW5,C_RearEXTTailLhOpenSts,0x07F,127,False,8,13,1,little_endian,False,False,1,0,,0.0,1.0,"[""CLU""]",False,,[],{},,hyundai_kia_generic.dbc,b6c4a670ceaaacd5ff6326c9f2148df57138200b44513cce6848d951b135be0d
CGW5.C_RearEXTTailRhOpenSts,CGW5,C_RearEXTTailRhOpenSts,0x07F,127,False,8,14,1,little_endian,False,False,1,0,,0.0,1.0,"[""CLU""]",False,,[],{},,hyundai_kia_generic.dbc,b6c4a670ceaaacd5ff6326c9f2148df57138200b44513cce6848d951b135be0d
CGW5.C_FrontEXTTailLhOpenSts,CGW5,C_FrontEXTTailLhOpenSts,0x07F,127,False,8,15,1,little_endian,False,False,1,0,,0.0,1.0,"[""CLU""]",False,,[],{},,hyundai_kia_generic.dbc,b6c4a670ceaaacd5ff6326c9f2148df57138200b44513cce6848d951b135be0d
CGW5.C_FrontEXTTailRhOpenSts,CGW5,C_FrontEXTTailRhOpenSts,0x07F,127,False,8,16,1,little_endian,False,False,1,0,,0.0,1.0,"[""CLU""]",False,,[],{},,hyundai_kia_generic.dbc,b6c4a670ceaaacd5ff6326c9f2148df57138200b44513cce6848d951b135be0d
CGW5.C_RearTSIGLhOpenSts,CGW5,C_RearTSIGLhOpenSts,0x07F,127,False,8,17,1,little_endian,False,False,1,0,,0.0,1.0,"[""CLU""]",False,,[],{},,hyundai_kia_generic.dbc,b6c4a670ceaaacd5ff6326c9f2148df57138200b44513cce6848d951b135be0d
CGW5.C_RearTSIGRhOpenSts,CGW5,C_RearTSIGRhOpenSts,0x07F,127,False,8,18,1,little_endian,False,False,1,0,,0.0,1.0,"[""CLU""]",False,,[],{},,hyundai_kia_generic.dbc,b6c4a670ceaaacd5ff6326c9f2148df57138200b44513cce6848d951b135be0d
CGW5.C_FrontTSIGLhOpenSts,CGW5,C_FrontTSIGLhOpenSts,0x07F,127,False,8,19,1,little_endian,False,False,1,0,,0.0,1.0,"[""CLU""]",False,,[],{},,hyundai_kia_generic.dbc,b6c4a670ceaaacd5ff6326c9f2148df57138200b44513cce6848d951b135be0d
CGW5.C_FrontTSIGRhOpenSts,CGW5,C_FrontTSIGRhOpenSts,0x07F,127,False,8,20,1,little_endian,False,False,1,0,,0.0,1.0,"[""CLU""]",False,,[],{},,hyundai_kia_generic.dbc,b6c4a670ceaaacd5ff6326c9f2148df57138200b44513cce6848d951b135be0d
CGW5.C_SBendingLhOpenSts,CGW5,C_SBendingLhOpenSts,0x07F,127,False,8,21,1,little_endian,False,False,1,0,,0.0,1.0,"[""CLU""]",False,,[],{},,hyundai_kia_generic.dbc,b6c4a670ceaaacd5ff6326c9f2148df57138200b44513cce6848d951b135be0d
CGW5.C_SBendingRhOpenSts,CGW5,C_SBendingRhOpenSts,0x07F,127,False,8,22,1,little_endian,False,False,1,0,,0.0,1.0,"[""CLU""]",False,,[],{},,hyundai_kia_generic.dbc,b6c4a670ceaaacd5ff6326c9f2148df57138200b44513cce6848d951b135be0d
CGW5.C_LicensePlateLhOpenSts,CGW5,C_LicensePlateLhOpenSts,0x07F,127,False,8,23,1,little_endian,False,False,1,0,,0.0,1.0,"[""CLU""]",False,,[],{},,hyundai_kia_generic.dbc,b6c4a670ceaaacd5ff6326c9f2148df57138200b44513cce6848d951b135be0d
CGW5.C_LicensePlateRhOpenSts,CGW5,C_LicensePlateRhOpenSts,0x07F,127,False,8,24,1,little_endian,False,False,1,0,,0.0,1.0,"[""CLU""]",False,,[],{},,hyundai_kia_generic.dbc,b6c4a670ceaaacd5ff6326c9f2148df57138200b44513cce6848d951b135be0d
ESP11.AVH_STAT,ESP11,AVH_STAT,0x47F,1151,False,6,0,2,little_endian,False,False,1,0,,0.0,3.0,"[""EMS"", ""EPB"", ""TCU""]",False,,[],{},,hyundai_kia_generic.dbc,b6c4a670ceaaacd5ff6326c9f2148df57138200b44513cce6848d951b135be0d
ESP11.LDM_STAT,ESP11,LDM_STAT,0x47F,1151,False,6,2,1,little_endian,False,False,1,0,,0.0,1.0,"[""EPB"", ""TCU""]",False,,[],{},,hyundai_kia_generic.dbc,b6c4a670ceaaacd5ff6326c9f2148df57138200b44513cce6848d951b135be0d
ESP11.REQ_EPB_ACT,ESP11,REQ_EPB_ACT,0x47F,1151,False,6,3,2,little_endian,False,False,1,0,,0.0,3.0,"[""EPB"", ""TCU""]",False,,[],{},,hyundai_kia_generic.dbc,b6c4a670ceaaacd5ff6326c9f2148df57138200b44513cce6848d951b135be0d
ESP11.REQ_EPB_STAT,ESP11,REQ_EPB_STAT,0x47F,1151,False,6,5,1,little_endian,False,False,1,0,,0.0,1.0,"[""EPB""]",False,,[],{},,hyundai_kia_generic.dbc,b6c4a670ceaaacd5ff6326c9f2148df57138200b44513cce6848d951b135be0d
ESP11.ECD_ACT,ESP11,ECD_ACT,0x47F,1151,False,6,6,1,little_endian,False,False,1,0,,0.0,1.0,"[""EPB""]",False,,[],{},,hyundai_kia_generic.dbc,b6c4a670ceaaacd5ff6326c9f2148df57138200b44513cce6848d951b135be0d
ESP11._4WD_LIM_REQ,ESP11,_4WD_LIM_REQ,0x47F,1151,False,6,7,1,little_endian,False,False,1,0,,0.0,1.0,"[""_4WD"", ""EMS""]",False,,[],{},,hyundai_kia_generic.dbc,b6c4a670ceaaacd5ff6326c9f2148df57138200b44513cce6848d951b135be0d
ESP11.ROL_CNT_ESP,ESP11,ROL_CNT_ESP,0x47F,1151,False,6,8,8,little_endian,False,False,1,0,,0.0,255.0,"[""EPB"", ""TCU""]",False,,[],{},,hyundai_kia_generic.dbc,b6c4a670ceaaacd5ff6326c9f2148df57138200b44513cce6848d951b135be0d
ESP11._4WD_TQC_LIM,ESP11,_4WD_TQC_LIM,0x47F,1151,False,6,16,16,little_endian,False,False,1,0,Nm,0.0,65535.0,"[""_4WD"", ""EMS""]",False,,[],{},,hyundai_kia_generic.dbc,b6c4a670ceaaacd5ff6326c9f2148df57138200b44513cce6848d951b135be0d
ESP11._4WD_CLU_LIM,ESP11,_4WD_CLU_LIM,0x47F,1151,False,6,32,8,little_endian,False,False,0.390625,0.0,%,0.0,99.609375,"[""_4WD"", ""EMS""]",False,,[],{},,hyundai_kia_generic.dbc,b6c4a670ceaaacd5ff6326c9f2148df57138200b44513cce6848d951b135be0d
ESP11._4WD_OPEN,ESP11,_4WD_OPEN,0x47F,1151,False,6,40,2,little_endian,False,False,1,0,,0.0,3.0,"[""_4WD"", ""EMS""]",False,,[],{},,hyundai_kia_generic.dbc,b6c4a670ceaaacd5ff6326c9f2148df57138200b44513cce6848d951b135be0d
ESP11._4WD_LIM_MODE,ESP11,_4WD_LIM_MODE,0x47F,1151,False,6,42,1,little_endian,False,False,1,0,,0.0,1.0,"[""_4WD""]",False,,[],{},,hyundai_kia_generic.dbc,b6c4a670ceaaacd5ff6326c9f2148df57138200b44513cce6848d951b135be0d
HU_AVM_E_00.HU_AVM_Cal_Cmd,HU_AVM_E_00,HU_AVM_Cal_Cmd,0x575,1397,False,8,0,4,little_endian,False,False,1,0,,0.0,15.0,"[""AVM"", ""PGS""]",False,,[],{},,hyundai_kia_generic.dbc,b6c4a670ceaaacd5ff6326c9f2148df57138200b44513cce6848d951b135be0d
HU_AVM_E_00.HU_AVM_Cal_Method,HU_AVM_E_00,HU_AVM_Cal_Method,0x575,1397,False,8,4,2,little_endian,False,False,1,0,,0.0,3.0,"[""AVM"", ""PGS""]",False,,[],{},,hyundai_kia_generic.dbc,b6c4a670ceaaacd5ff6326c9f2148df57138200b44513cce6848d951b135be0d
HU_AVM_E_00.HU_AVM_Save_Controlpoint,HU_AVM_E_00,HU_AVM_Save_Controlpoint,0x575,1397,False,8,6,2,little_endian,False,False,1,0,,0.0,3.0,"[""AVM"", ""PGS""]",False,,[],{},,hyundai_kia_generic.dbc,b6c4a670ceaaacd5ff6326c9f2148df57138200b44513cce6848d951b135be0d
HU_AVM_E_00.HU_AVM_PT_X,HU_AVM_E_00,HU_AVM_PT_X,0x575,1397,False,8,8,12,little_endian,False,False,1,0,,0.0,15.0,"[""AVM"", ""PGS""]",False,,[],{},,hyundai_kia_generic.dbc,b6c4a670ceaaacd5ff6326c9f2148df57138200b44513cce6848d951b135be0d
HU_AVM_E_00.HU_AVM_RearViewPointOpt,HU_AVM_E_00,HU_AVM_RearViewPointOpt,0x575,1397,False,8,20,4,little_endian,False,False,1,0,,0.0,15.0,"[""AVM"", ""PGS""]",False,,[],{},,hyundai_kia_generic.dbc,b6c4a670ceaaacd5ff6326c9f2148df57138200b44513cce6848d951b135be0d
HU_AVM_E_00.HU_AVM_PT_Y,HU_AVM_E_00,HU_AVM_PT_Y,0x575,1397,False,8,24,12,little_endian,False,False,1,0,,0.0,4095.0,"[""AVM"", ""PGS""]",False,,[],{},,hyundai_kia_generic.dbc,b6c4a670ceaaacd5ff6326c9f2148df57138200b44513cce6848d951b135be0d
HU_AVM_E_00.HU_AVM_FrontViewPointOpt,HU_AVM_E_00,HU_AVM_FrontViewPointOpt,0x575,1397,False,8,36,4,little_endian,False,False,1,0,,0.0,15.0,"[""AVM"", ""PGS""]",False,,[],{},,hyundai_kia_generic.dbc,b6c4a670ceaaacd5ff6326c9f2148df57138200b44513cce6848d951b135be0d
HU_AVM_E_00.HU_AVM_SelectedMenu,HU_AVM_E_00,HU_AVM_SelectedMenu,0x575,1397,False,8,40,5,little_endian,False,False,1,0,,0.0,31.0,"[""AVM"", ""PGS""]",False,,[],{},,hyundai_kia_generic.dbc,b6c4a670ceaaacd5ff6326c9f2148df57138200b44513cce6848d951b135be0d
HU_AVM_E_00.HU_AVM_CameraOff,HU_AVM_E_00,HU_AVM_CameraOff,0x575,1397,False,8,45,2,little_endian,False,False,1,0,,0.0,3.0,"[""AVM"", ""PGS""]",False,,[],{},,hyundai_kia_generic.dbc,b6c4a670ceaaacd5ff6326c9f2148df57138200b44513cce6848d951b135be0d
HU_AVM_E_00.HU_AVM_Option,HU_AVM_E_00,HU_AVM_Option,0x575,1397,False,8,48,4,little_endian,False,False,1,0,,0.0,15.0,"[""AVM"", ""PGS""]",False,,[],{},,hyundai_kia_generic.dbc,b6c4a670ceaaacd5ff6326c9f2148df57138200b44513cce6848d951b135be0d
HU_AVM_E_00.HU_AVM_CrossLineMove_Cmd,HU_AVM_E_00,HU_AVM_CrossLineMove_Cmd,0x575,1397,False,8,52,4,little_endian,False,False,1,0,,0.0,15.0,"[""AVM"", ""PGS""]",False,,[],{},,hyundai_kia_generic.dbc,b6c4a670ceaaacd5ff6326c9f2148df57138200b44513cce6848d951b135be0d
HU_AVM_E_00.HU_AVM_RearView_Option,HU_AVM_E_00,HU_AVM_RearView_Option,0x575,1397,False,8,56,4,little_endian,False,False,1,0,,0.0,15.0,"[""AVM"", ""PGS""]",False,,[],{},,hyundai_kia_generic.dbc,b6c4a670ceaaacd5ff6326c9f2148df57138200b44513cce6848d951b135be0d
HU_AVM_E_00.HU_AVM_FrontView_Option,HU_AVM_E_00,HU_AVM_FrontView_Option,0x575,1397,False,8,60,4,little_endian,False,False,1,0,,0.0,15.0,"[""AVM"", ""PGS""]",False,,[],{},,hyundai_kia_generic.dbc,b6c4a670ceaaacd5ff6326c9f2148df57138200b44513cce6848d951b135be0d
HU_AVM_E_01.HU_PGSSelectedMenu,HU_AVM_E_01,HU_PGSSelectedMenu,0x573,1395,False,8,0,4,little_endian,False,False,1,0,,0.0,15.0,"[""AVM"", ""PGS""]",False,,[],{},,hyundai_kia_generic.dbc,b6c4a670ceaaacd5ff6326c9f2148df57138200b44513cce6848d951b135be0d
HU_AVM_E_01.HU_PGSOption,HU_AVM_E_01,HU_PGSOption,0x573,1395,False,8,8,5,little_endian,False,False,1,0,,0.0,31.0,"[""AVM"", ""PGS""]",False,,[],{},,hyundai_kia_generic.dbc,b6c4a670ceaaacd5ff6326c9f2148df57138200b44513cce6848d951b135be0d
HU_AVM_E_01.HU_AVM_ParkingAssistMenu,HU_AVM_E_01,HU_AVM_ParkingAssistMenu,0x573,1395,False,8,56,4,little_endian,False,False,1,0,,0.0,15.0,"[""AVM"", ""PGS""]",False,,[],{},,hyundai_kia_generic.dbc,b6c4a670ceaaacd5ff6326c9f2148df57138200b44513cce6848d951b135be0d
HU_AVM_E_01.HU_AVM_ParkingAssistSB,HU_AVM_E_01,HU_AVM_ParkingAssistSB,0x573,1395,False,8,60,4,little_endian,False,False,1,0,,0.0,15.0,"[""AVM"", ""PGS""]",False,,[],{},,hyundai_kia_generic.dbc,b6c4a670ceaaacd5ff6326c9f2148df57138200b44513cce6848d951b135be0d
OPI11.CR_Opi_Spd_Rpm,OPI11,CR_Opi_Spd_Rpm,0x571,1393,False,5,0,8,little_endian,False,False,20,0,rpm,0.0,3500.0,"[""TCU""]",False,,[],{},,hyundai_kia_generic.dbc,b6c4a670ceaaacd5ff6326c9f2148df57138200b44513cce6848d951b135be0d
OPI11.CF_Opi_Over_Temp,OPI11,CF_Opi_Over_Temp,0x571,1393,False,5,8,1,little_endian,False,False,1,0,,0.0,1.0,"[""TCU""]",False,,[],{},,hyundai_kia_generic.dbc,b6c4a670ceaaacd5ff6326c9f2148df57138200b44513cce6848d951b135be0d
OPI11.CF_Opi_Over_Cur,OPI11,CF_Opi_Over_Cur,0x571,1393,False,5,9,1,little_endian,False,False,1,0,,0.0,1.0,"[""EMS"", ""TCU""]",False,,[],{},,hyundai_kia_generic.dbc,b6c4a670ceaaacd5ff6326c9f2148df57138200b44513cce6848d951b135be0d
OPI11.CF_Opi_Over_Vol,OPI11,CF_Opi_Over_Vol,0x571,1393,False,5,10,1,little_endian,False,False,1,0,,0.0,1.0,"[""TCU""]",False,,[],{},,hyundai_kia_generic.dbc,b6c4a670ceaaacd5ff6326c9f2148df57138200b44513cce6848d951b135be0d
OPI11.CF_Opi_Hall_Fail,OPI11,CF_Opi_Hall_Fail,0x571,1393,False,5,11,1,little_endian,False,False,1,0,,0.0,1.0,"[""EMS"", ""TCU""]",False,,[],{},,hyundai_kia_generic.dbc,b6c4a670ceaaacd5ff6326c9f2148df57138200b44513cce6848d951b135be0d
OPI11.CF_Opi_Flt,OPI11,CF_Opi_Flt,0x571,1393,False,5,12,1,little_endian,False,False,1,0,,0.0,1.0,"[""EMS"", ""TCU""]",False,,[],{},,hyundai_kia_generic.dbc,b6c4a670ceaaacd5ff6326c9f2148df57138200b44513cce6848d951b135be0d
OPI11.CF_Opi_Motor_Dir,OPI11,CF_Opi_Motor_Dir,0x571,1393,False,5,15,1,little_endian,False,False,1,0,,0.0,1.0,"[""TCU""]",False,,[],{},,hyundai_kia_generic.dbc,b6c4a670ceaaacd5ff6326c9f2148df57138200b44513cce6848d951b135be0d
OPI11.CF_Opi_Romver,OPI11,CF_Opi_Romver,0x571,1393,False,5,16,8,little_endian,False,False,1,0,,0.0,255.0,"[""TCU""]",False,,[],{},,hyundai_kia_generic.dbc,b6c4a670ceaaacd5ff6326c9f2148df57138200b44513cce6848d951b135be0d
OPI11.CF_Opi_PWM_Rate,OPI11,CF_Opi_PWM_Rate,0x571,1393,False,5,24,12,little_endian,False,False,1,0,%,0.0,100.0,"[""TCU""]",False,,[],{},,hyundai_kia_generic.dbc,b6c4a670ceaaacd5ff6326c9f2148df57138200b44513cce6848d951b135be0d
LPI11.FUP_LPG_MMV,LPI11,FUP_LPG_MMV,0x271,625,False,8,0,8,little_endian,False,False,128,0,hPa,0.0,32640.0,"[""EMS""]",False,,[],{},,hyundai_kia_generic.dbc,b6c4a670ceaaacd5ff6326c9f2148df57138200b44513cce6848d951b135be0d
LPI11.LV_FUEL_TYPE_BOX,LPI11,LV_FUEL_TYPE_BOX,0x271,625,False,8,8,1,little_endian,False,False,1,0,,0.0,1.0,"[""EMS""]",False,,[],{},,hyundai_kia_generic.dbc,b6c4a670ceaaacd5ff6326c9f2148df57138200b44513cce6848d951b135be0d
LPI11.LV_BFS_IN_PROGRESS,LPI11,LV_BFS_IN_PROGRESS,0x271,625,False,8,9,1,little_endian,False,False,1,0,,0.0,1.0,"[""EMS""]",False,,[],{},,hyundai_kia_generic.dbc,b6c4a670ceaaacd5ff6326c9f2148df57138200b44513cce6848d951b135be0d
LPI11.LV_GAS_OK,LPI11,LV_GAS_OK,0x271,625,False,8,10,1,little_endian,False,False,1,0,,0.0,1.0,"[""EMS""]",False,,[],{},,hyundai_kia_generic.dbc,b6c4a670ceaaacd5ff6326c9f2148df57138200b44513cce6848d951b135be0d
LPI11.LV_FUP_ENA_THD,LPI11,LV_FUP_ENA_THD,0x271,625,False,8,11,1,little_endian,False,False,1,0,,0.0,1.0,"[""BCM"", ""CLU"", ""EMS"", ""SMK""]",False,,[],{},,hyundai_kia_generic.dbc,b6c4a670ceaaacd5ff6326c9f2148df57138200b44513cce6848d951b135be0d
LPI11.LPI_OBD,LPI11,LPI_OBD,0x271,625,False,8,12,4,little_endian,False,False,1,0,,0.0,15.0,"[""EMS""]",False,,[],{},,hyundai_kia_generic.dbc,b6c4a670ceaaacd5ff6326c9f2148df57138200b44513cce6848d951b135be0d
LPI11.ERR_GAS,LPI11,ERR_GAS,0x271,625,False,8,16,8,little_endian,False,False,1,0,,0.0,255.0,"[""EMS""]",False,,[],{},,hyundai_kia_generic.dbc,b6c4a670ceaaacd5ff6326c9f2148df57138200b44513cce6848d951b135be0d
LPI11.FAC_TI_GAS_COR,LPI11,FAC_TI_GAS_COR,0x271,625,False,8,24,16,little_endian,False,False,3.05e-05,0.0,,0.0,1.9988175,"[""EMS""]",False,,[],{},,hyundai_kia_generic.dbc,b6c4a670ceaaacd5ff6326c9f2148df57138200b44513cce6848d951b135be0d
LPI11.FTL_AFU,LPI11,FTL_AFU,0x271,625,False,8,40,8,little_endian,False,False,0.392,0.0,%,0.0,99.96,"[""EMS""]",False,,[],{},,hyundai_kia_generic.dbc,b6c4a670ceaaacd5ff6326c9f2148df57138200b44513cce6848d951b135be0d
LPI11.BFS_CYL,LPI11,BFS_CYL,0x271,625,False,8,48,8,little_endian,False,False,1,0,Cyl Nr.,0.0,6.0,"[""EMS""]",False,,[],{},,hyundai_kia_generic.dbc,b6c4a670ceaaacd5ff6326c9f2148df57138200b44513cce6848d951b135be0d
LPI11.LV_PRE_CDN_LEAK,LPI11,LV_PRE_CDN_LEAK,0x271,625,False,8,56,1,little_endian,False,False,1,0,,0.0,1.0,"[""EMS""]",False,,[],{},,hyundai_kia_generic.dbc,b6c4a670ceaaacd5ff6326c9f2148df57138200b44513cce6848d951b135be0d
LPI11.LV_CONF_INJECTION_DELAY,LPI11,LV_CONF_INJECTION_DELAY,0x271,625,False,8,57,1,little_endian,False,False,1,0,,0.0,1.0,"[""EMS""]",False,,[],{},,hyundai_kia_generic.dbc,b6c4a670ceaaacd5ff6326c9f2148df57138200b44513cce6848d951b135be0d
LPI11.LV_LPG_SW_DRIVER_REQ,LPI11,LV_LPG_SW_DRIVER_REQ,0x271,625,False,8,58,1,little_endian,False,False,1,0,,0.0,1.0,"[""EMS""]",False,,[],{},,hyundai_kia_generic.dbc,b6c4a670ceaaacd5ff6326c9f2148df57138200b44513cce6848d951b135be0d
VSM11.CR_Esc_StrTqReq,VSM11,CR_Esc_StrTqReq,0x164,356,False,4,0,12,little_endian,False,False,0.01,-20.48,Nm,-20.48,20.47,"[""MDPS""]",False,,[],{},,hyundai_kia_generic.dbc,b6c4a670ceaaacd5ff6326c9f2148df57138200b44513cce6848d951b135be0d
VSM11.CF_Esc_Act,VSM11,CF_Esc_Act,0x164,356,False,4,12,1,little_endian,False,False,1,0,,0.0,1.0,"[""LDWS_LKAS"", ""MDPS""]",False,,[],{},,hyundai_kia_generic.dbc,b6c4a670ceaaacd5ff6326c9f2148df57138200b44513cce6848d951b135be0d
VSM11.CF_Esc_CtrMode,VSM11,CF_Esc_CtrMode,0x164,356,False,4,13,3,little_endian,False,False,1,0,,0.0,7.0,"[""MDPS""]",False,,[],{},,hyundai_kia_generic.dbc,b6c4a670ceaaacd5ff6326c9f2148df57138200b44513cce6848d951b135be0d
VSM11.CF_Esc_Def,VSM11,CF_Esc_Def,0x164,356,False,4,16,1,little_endian,False,False,1,0,,0.0,1.0,"[""MDPS""]",False,,[],{},,hyundai_kia_generic.dbc,b6c4a670ceaaacd5ff6326c9f2148df57138200b44513cce6848d951b135be0d
VSM11.CF_Esc_AliveCnt,VSM11,CF_Esc_AliveCnt,0x164,356,False,4,17,4,little_endian,False,False,1,0,,0.0,15.0,"[""LDWS_LKAS"", ""MDPS""]",False,,[],{},,hyundai_kia_generic.dbc,b6c4a670ceaaacd5ff6326c9f2148df57138200b44513cce6848d951b135be0d
VSM11.CF_Esc_Chksum,VSM11,CF_Esc_Chksum,0x164,356,False,4,24,8,little_endian,False,False,1,0,,0.0,255.0,"[""LDWS_LKAS"", ""MDPS""]",False,,[],{},,hyundai_kia_generic.dbc,b6c4a670ceaaacd5ff6326c9f2148df57138200b44513cce6848d951b135be0d
PGS_HU_PE_01.PGS_State,PGS_HU_PE_01,PGS_State,0x563,1379,False,8,0,4,little_endian,False,False,1,0,,0.0,15.0,"[""CLU""]",False,,[],{},,hyundai_kia_generic.dbc,b6c4a670ceaaacd5ff6326c9f2148df57138200b44513cce6848d951b135be0d
PGS_HU_PE_01.PGS_ParkGuideState,PGS_HU_PE_01,PGS_ParkGuideState,0x563,1379,False,8,8,5,little_endian,False,False,1,0,,0.0,31.0,"[""CLU""]",False,,[],{},,hyundai_kia_generic.dbc,b6c4a670ceaaacd5ff6326c9f2148df57138200b44513cce6848d951b135be0d
PGS_HU_PE_01.PGS_Option,PGS_HU_PE_01,PGS_Option,0x563,1379,False,8,16,5,little_endian,False,False,1,0,,0.0,31.0,"[""CLU""]",False,,[],{},,hyundai_kia_generic.dbc,b6c4a670ceaaacd5ff6326c9f2148df57138200b44513cce6848d951b135be0d
PGS_HU_PE_01.PGS_Version,PGS_HU_PE_01,PGS_Version,0x563,1379,False,8,32,16,little_endian,False,False,1,0,,0.0,65535.0,"[""CLU""]",False,,[],{},,hyundai_kia_generic.dbc,b6c4a670ceaaacd5ff6326c9f2148df57138200b44513cce6848d951b135be0d
TCU_DCT13.Clutch_Driving_Tq,TCU_DCT13,Clutch_Driving_Tq,0x162,354,False,3,0,10,little_endian,False,False,1,-512,Nm,0.0,0.0,"[""ESC""]",False,,[],{},,hyundai_kia_generic.dbc,b6c4a670ceaaacd5ff6326c9f2148df57138200b44513cce6848d951b135be0d
TCU_DCT13.Cluster_Engine_RPM,TCU_DCT13,Cluster_Engine_RPM,0x162,354,False,3,10,13,little_endian,False,False,0.9766,0.0,,0.0,0.0,"[""CLU""]",False,,[],{},,hyundai_kia_generic.dbc,b6c4a670ceaaacd5ff6326c9f2148df57138200b44513cce6848d951b135be0d
TCU_DCT13.Cluster_Engine_RPM_Flag,TCU_DCT13,Cluster_Engine_RPM_Flag,0x162,354,False,3,23,1,little_endian,False,False,1,0,,0.0,0.0,"[""CLU""]",False,,[],{},,hyundai_kia_generic.dbc,b6c4a670ceaaacd5ff6326c9f2148df57138200b44513cce6848d951b135be0d
HUD11.CF_Hud_HeightStaus,HUD11,CF_Hud_HeightStaus,0x562,1378,False,4,0,5,little_endian,False,False,1,0,,0.0,31.0,"[""CLU""]",False,,[],{},,hyundai_kia_generic.dbc,b6c4a670ceaaacd5ff6326c9f2148df57138200b44513cce6848d951b135be0d
HUD11.CF_Hud_PBackStatus,HUD11,CF_Hud_PBackStatus,0x562,1378,False,4,6,2,little_endian,False,False,1,0,,0.0,0.0,"[""BCM"", ""CLU""]",False,,[],{},,hyundai_kia_generic.dbc,b6c4a670ceaaacd5ff6326c9f2148df57138200b44513cce6848d951b135be0d
HUD11.CF_Hud_Brightness,HUD11,CF_Hud_Brightness,0x562,1378,False,4,8,5,little_endian,False,False,1,0,,0.0,31.0,"[""CLU""]",False,,[],{},,hyundai_kia_generic.dbc,b6c4a670ceaaacd5ff6326c9f2148df57138200b44513cce6848d951b135be0d
EMS16.TQI_MIN,EMS16,TQI_MIN,0x260,608,False,8,0,8,little_endian,False,False,0.390625,0.0,%,0.0,99.609375,"[""ESC"", ""IBOX"", ""TCU""]",False,,[],{},,hyundai_kia_generic.dbc,b6c4a670ceaaacd5ff6326c9f2148df57138200b44513cce6848d951b135be0d
EMS16.TQI,EMS16,TQI,0x260,608,False,8,8,8,little_endian,False,False,0.390625,0.0,%,0.0,99.609375,"[""ESC"", ""IBOX"", ""TCU""]",False,,[],{},,hyundai_kia_generic.dbc,b6c4a670ceaaacd5ff6326c9f2148df57138200b44513cce6848d951b135be0d
EMS16.TQI_TARGET,EMS16,TQI_TARGET,0x260,608,False,8,16,8,little_endian,False,False,0.390625,0.0,%,0.0,99.609375,"[""EPB"", ""ESC"", ""IBOX"", ""TCU""]",False,,[],{},,hyundai_kia_generic.dbc,b6c4a670ceaaacd5ff6326c9f2148df57138200b44513cce6848d951b135be0d
EMS16.GLOW_STAT,EMS16,GLOW_STAT,0x260,608,False,8,24,1,little_endian,False,False,1,0,,0.0,1.0,"[""BCM"", ""CLU"", ""IBOX"", ""SMK""]",False,,[],{},,hyundai_kia_generic.dbc,b6c4a670ceaaacd5ff6326c9f2148df57138200b44513cce6848d951b135be0d
EMS16.CRUISE_LAMP_M,EMS16,CRUISE_LAMP_M,0x260,608,False,8,25,1,little_endian,False,False,1,0,,0.0,1.0,"[""CLU"", ""IBOX"", ""TCU""]",False,,[],{},,hyundai_kia_generic.dbc,b6c4a670ceaaacd5ff6326c9f2148df57138200b44513cce6848d951b135be0d
EMS16.CRUISE_LAMP_S,EMS16,CRUISE_LAMP_S,0x260,608,False,8,26,1,little_endian,False,False,1,0,,0.0,1.0,"[""CLU"", ""IBOX"", ""TCU""]",False,,[],{},,hyundai_kia_generic.dbc,b6c4a670ceaaacd5ff6326c9f2148df57138200b44513cce6848d951b135be0d
EMS16.PRE_FUEL_CUT_IN,EMS16,PRE_FUEL_CUT_IN,0x260,608,False,8,27,1,little_endian,False,False,1,0,,0.0,1.0,"[""IBOX"", ""TCU""]",False,,[],{},,hyundai_kia_generic.dbc,b6c4a670ceaaacd5ff6326c9f2148df57138200b44513cce6848d951b135be0d
EMS16.ENG_STAT,EMS16,ENG_STAT,0x260,608,False,8,28,3,little_endian,False,False,1,0,,0.0,7.0,"[""ABS"", ""AHLS"", ""AVM"", ""BCM"", ""CLU"", ""EPB"", ""ESC"", ""EVP"", ""FPCM"", ""IBOX"", ""LCA"", ""LDWS_LKAS"", ""MDPS"", ""SCC"", ""SMK"", ""TCU""]",False,,[],{},,hyundai_kia_generic.dbc,b6c4a670ceaaacd5ff6326c9f2148df57138200b44513cce6848d951b135be0d
EMS16.SOAK_TIME_ERROR,EMS16,SOAK_TIME_ERROR,0x260,608,False,8,31,1,little_endian,False,False,1,0,,0.0,1.0,"[""DATC"", ""EPB"", ""IBOX"", ""TCU""]",False,,[],{},,hyundai_kia_generic.dbc,b6c4a670ceaaacd5ff6326c9f2148df57138200b44513cce6848d951b135be0d
EMS16.SOAK_TIME,EMS16,SOAK_TIME,0x260,608,False,8,32,8,little_endian,False,False,1,0,Min,0.0,255.0,"[""_4WD"", ""DATC"", ""EPB"", ""IBOX"", ""TCU""]",False,,[],{},,hyundai_kia_generic.dbc,b6c4a670ceaaacd5ff6326c9f2148df57138200b44513cce6848d951b135be0d
EMS16.TQI_MAX,EMS16,TQI_MAX,0x260,608,False,8,40,8,little_endian,False,False,0.390625,0.0,%,0.0,99.609375,"[""ESC"", ""IBOX"", ""TCU""]",False,,[],{},,hyundai_kia_generic.dbc,b6c4a670ceaaacd5ff6326c9f2148df57138200b44513cce6848d951b135be0d
EMS16.SPK_TIME_CUR,EMS16,SPK_TIME_CUR,0x260,608,False,8,48,8,little_endian,False,False,0.375,-35.625,,-35.625,60.0,"[""IBOX"", ""TCU""]",False,,[],{},,hyundai_kia_generic.dbc,b6c4a670ceaaacd5ff6326c9f2148df57138200b44513cce6848d951b135be0d
EMS16.Checksum,EMS16,Checksum,0x260,608,False,8,56,4,little_endian,False,False,1,0,,0.0,15.0,"[""ECS"", ""IBOX"", ""LDWS_LKAS"", ""MDPS"", ""SCC""]",False,,[],{},,hyundai_kia_generic.dbc,b6c4a670ceaaacd5ff6326c9f2148df57138200b44513cce6848d951b135be0d
EMS16.AliveCounter,EMS16,AliveCounter,0x260,608,False,8,60,2,little_endian,False,False,1,0,,0.0,3.0,"[""IBOX"", ""LDWS_LKAS"", ""MDPS"", ""SCC""]",False,,[],{},,hyundai_kia_generic.dbc,b6c4a670ceaaacd5ff6326c9f2148df57138200b44513cce6848d951b135be0d
EMS16.CF_Ems_AclAct,EMS16,CF_Ems_AclAct,0x260,608,False,8,62,2,little_endian,False,False,1,0,,0.0,3.0,"[""IBOX"", ""SCC""]",False,,[],{},,hyundai_kia_generic.dbc,b6c4a670ceaaacd5ff6326c9f2148df57138200b44513cce6848d951b135be0d
AVM_HU_PE_00.AVM_View,AVM_HU_PE_00,AVM_View,0x55B,1371,False,8,0,5,little_endian,False,False,1,0,,0.0,31.0,"[""CLU""]",False,,[],{},,hyundai_kia_generic.dbc,b6c4a670ceaaacd5ff6326c9f2148df57138200b44513cce6848d951b135be0d
AVM_HU_PE_00.AVM_ParkingAssist_BtnSts,AVM_HU_PE_00,AVM_ParkingAssist_BtnSts,0x55B,1371,False,8,5,3,little_endian,False,False,1,0,,0.0,7.0,"[""CLU""]",False,,[],{},,hyundai_kia_generic.dbc,b6c4a670ceaaacd5ff6326c9f2148df57138200b44513cce6848d951b135be0d
AVM_HU_PE_00.AVM_Display_Message,AVM_HU_PE_00,AVM_Display_Message,0x55B,1371,False,8,8,8,little_endian,False,False,1,0,,0.0,255.0,"[""CLU""]",False,,[],{},,hyundai_kia_generic.dbc,b6c4a670ceaaacd5ff6326c9f2148df57138200b44513cce6848d951b135be0d
AVM_HU_PE_00.AVM_Popup_Msg,AVM_HU_PE_00,AVM_Popup_Msg,0x55B,1371,False,8,16,4,little_endian,False,False,1,0,,0.0,15.0,"[""CLU""]",False,,[],{},,hyundai_kia_generic.dbc,b6c4a670ceaaacd5ff6326c9f2148df57138200b44513cce6848d951b135be0d
AVM_HU_PE_00.AVM_Ready,AVM_HU_PE_00,AVM_Ready,0x55B,1371,False,8,20,4,little_endian,False,False,1,0,,0.0,15.0,"[""CLU""]",False,,[],{},,hyundai_kia_generic.dbc,b6c4a670ceaaacd5ff6326c9f2148df57138200b44513cce6848d951b135be0d
AVM_HU_PE_00.AVM_ParkingAssist_Step,AVM_HU_PE_00,AVM_ParkingAssist_Step,0x55B,1371,False,8,24,4,little_endian,False,False,1,0,,0.0,15.0,"[""CLU""]",False,,[],{},,hyundai_kia_generic.dbc,b6c4a670ceaaacd5ff6326c9f2148df57138200b44513cce6848d951b135be0d
AVM_HU_PE_00.AVM_FrontBtn_Type,AVM_HU_PE_00,AVM_FrontBtn_Type,0x55B,1371,False,8,28,4,little_endian,False,False,1,0,,0.0,15.0,"[""CLU""]",False,,[],{},,hyundai_kia_generic.dbc,b6c4a670ceaaacd5ff6326c9f2148df57138200b44513cce6848d951b135be0d
AVM_HU_PE_00.AVM_Option,AVM_HU_PE_00,AVM_Option,0x55B,1371,False,8,32,4,little_endian,False,False,1,0,,0.0,15.0,"[""CLU""]",False,,[],{},,hyundai_kia_generic.dbc,b6c4a670ceaaacd5ff6326c9f2148df57138200b44513cce6848d951b135be0d
AVM_HU_PE_00.AVM_HU_FrontViewPointOpt,AVM_HU_PE_00,AVM_HU_FrontViewPointOpt,0x55B,1371,False,8,36,4,little_endian,False,False,1,0,,0.0,15.0,"[""CLU""]",False,,[],{},,hyundai_kia_generic.dbc,b6c4a670ceaaacd5ff6326c9f2148df57138200b44513cce6848d951b135be0d
AVM_HU_PE_00.AVM_HU_RearView_Option,AVM_HU_PE_00,AVM_HU_RearView_Option,0x55B,1371,False,8,40,4,little_endian,False,False,1,0,,0.0,15.0,"[""CLU""]",False,,[],{},,hyundai_kia_generic.dbc,b6c4a670ceaaacd5ff6326c9f2148df57138200b44513cce6848d951b135be0d
AVM_HU_PE_00.AVM_HU_FrontView_Option,AVM_HU_PE_00,AVM_HU_FrontView_Option,0x55B,1371,False,8,44,4,little_endian,False,False,1,0,,0.0,15.0,"[""CLU""]",False,,[],{},,hyundai_kia_generic.dbc,b6c4a670ceaaacd5ff6326c9f2148df57138200b44513cce6848d951b135be0d
AVM_HU_PE_00.AVM_Version,AVM_HU_PE_00,AVM_Version,0x55B,1371,False,8,48,16,little_endian,False,False,1,0,,0.0,65535.0,"[""CLU""]",False,,[],{},,hyundai_kia_generic.dbc,b6c4a670ceaaacd5ff6326c9f2148df57138200b44513cce6848d951b135be0d
HU_AVM_PE_00.HU_AVM_Status,HU_AVM_PE_00,HU_AVM_Status,0x55A,1370,False,8,0,2,little_endian,False,False,1,0,,0.0,3.0,"[""AVM"", ""PGS""]",False,,[],{},,hyundai_kia_generic.dbc,b6c4a670ceaaacd5ff6326c9f2148df57138200b44513cce6848d951b135be0d
CGW4.CF_Gway_MemoryP1Cmd,CGW4,CF_Gway_MemoryP1Cmd,0x559,1369,False,8,0,1,little_endian,False,False,1,0,,0.0,1.0,"[""CLU""]",False,,[],{},,hyundai_kia_generic.dbc,b6c4a670ceaaacd5ff6326c9f2148df57138200b44513cce6848d951b135be0d
CGW4.CF_Gway_MemoryP2Cmd,CGW4,CF_Gway_MemoryP2Cmd,0x559,1369,False,8,1,1,little_endian,False,False,1,0,,0.0,1.0,"[""CLU""]",False,,[],{},,hyundai_kia_generic.dbc,b6c4a670ceaaacd5ff6326c9f2148df57138200b44513cce6848d951b135be0d
CGW4.CF_Gway_PBackP1Cmd,CGW4,CF_Gway_PBackP1Cmd,0x559,1369,False,8,2,1,little_endian,False,False,1,0,,0.0,1.0,"[""CLU""]",False,,[],{},,hyundai_kia_generic.dbc,b6c4a670ceaaacd5ff6326c9f2148df57138200b44513cce6848d951b135be0d
CGW4.CF_Gway_PBackP2Cmd,CGW4,CF_Gway_PBackP2Cmd,0x559,1369,False,8,3,1,little_endian,False,False,1,0,,0.0,1.0,"[""CLU""]",False,,[],{},,hyundai_kia_generic.dbc,b6c4a670ceaaacd5ff6326c9f2148df57138200b44513cce6848d951b135be0d
CGW4.CF_Gway_StrgWhlHeatedState,CGW4,CF_Gway_StrgWhlHeatedState,0x559,1369,False,8,4,1,little_endian,False,False,1,0,,0.0,1.0,"[""CLU""]",False,,[],{},,hyundai_kia_generic.dbc,b6c4a670ceaaacd5ff6326c9f2148df57138200b44513cce6848d951b135be0d
CGW4.CF_Gway_PBackStopCmd,CGW4,CF_Gway_PBackStopCmd,0x559,1369,False,8,5,1,little_endian,False,False,1,0,,0.0,1.0,"[""CLU"", ""HUD""]",False,,[],{},,hyundai_kia_generic.dbc,b6c4a670ceaaacd5ff6326c9f2148df57138200b44513cce6848d951b135be0d
CGW4.CF_Gway_StaticBendLhAct,CGW4,CF_Gway_StaticBendLhAct,0x559,1369,False,8,6,1,little_endian,False,False,1,0,,0.0,1.0,"[""CLU""]",False,,[],{},,hyundai_kia_generic.dbc,b6c4a670ceaaacd5ff6326c9f2148df57138200b44513cce6848d951b135be0d
CGW4.CF_Gway_StaticBendRhAct,CGW4,CF_Gway_StaticBendRhAct,0x559,1369,False,8,7,1,little_endian,False,False,1,0,,0.0,1.0,"[""CLU""]",False,,[],{},,hyundai_kia_generic.dbc,b6c4a670ceaaacd5ff6326c9f2148df57138200b44513cce6848d951b135be0d
CGW4.CF_Gway_DrvWdwStat,CGW4,CF_Gway_DrvWdwStat,0x559,1369,False,8,8,1,little_endian,False,False,1,0,,0.0,1.0,"[""CLU""]",False,,[],{},,hyundai_kia_generic.dbc,b6c4a670ceaaacd5ff6326c9f2148df57138200b44513cce6848d951b135be0d
CGW4.CF_Gway_RLWdwState,CGW4,CF_Gway_RLWdwState,0x559,1369,False,8,9,1,little_endian,False,False,1,0,,0.0,1.0,"[""CLU""]",False,,[],{},,hyundai_kia_generic.dbc,b6c4a670ceaaacd5ff6326c9f2148df57138200b44513cce6848d951b135be0d
CGW4.CF_Gway_RRWdwState,CGW4,CF_Gway_RRWdwState,0x559,1369,False,8,10,1,little_endian,False,False,1,0,,0.0,1.0,"[""CLU""]",False,,[],{},,hyundai_kia_generic.dbc,b6c4a670ceaaacd5ff6326c9f2148df57138200b44513cce6848d951b135be0d
CGW4.CF_Gway_AstWdwStat,CGW4,CF_Gway_AstWdwStat,0x559,1369,False,8,11,1,little_endian,False,False,1,0,,0.0,1.0,"[""CLU""]",False,,[],{},,hyundai_kia_generic.dbc,b6c4a670ceaaacd5ff6326c9f2148df57138200b44513cce6848d951b135be0d
CGW4.CF_Gway_MemoryEnable,CGW4,CF_Gway_MemoryEnable,0x559,1369,False,8,12,1,little_endian,False,False,1,0,,0.0,1.0,"[""CLU""]",False,,[],{},,hyundai_kia_generic.dbc,b6c4a670ceaaacd5ff6326c9f2148df57138200b44513cce6848d951b135be0d
CGW4.CF_Gway_PBACKStopCmd,CGW4,CF_Gway_PBACKStopCmd,0x559,1369,False,8,13,1,little_endian,False,False,1,0,,0.0,1.0,"[""CLU""]",False,,[],{},,hyundai_kia_generic.dbc,b6c4a670ceaaacd5ff6326c9f2148df57138200b44513cce6848d951b135be0d
CGW4.CF_Gway_PBACKStop,CGW4,CF_Gway_PBACKStop,0x559,1369,False,8,14,1,little_endian,False,False,1,0,,0.0,1.0,"[""CLU"", ""HUD""]",False,,[],{},,hyundai_kia_generic.dbc,b6c4a670ceaaacd5ff6326c9f2148df57138200b44513cce6848d951b135be0d
CGW4.CF_Gway_IMSBuzzer,CGW4,CF_Gway_IMSBuzzer,0x559,1369,False,8,15,1,little_endian,False,False,1,0,,0.0,1.0,"[""CLU""]",False,,[],{},,hyundai_kia_generic.dbc,b6c4a670ceaaacd5ff6326c9f2148df57138200b44513cce6848d951b135be0d
CGW4.CF_Gway_DrvSeatBeltInd,CGW4,CF_Gway_DrvSeatBeltInd,0x559,1369,False,8,36,2,little_endian,False,False,1,0,,0.0,3.0,"[""CLU"", ""Dummy""]",False,,[],{},,hyundai_kia_generic.dbc,b6c4a670ceaaacd5ff6326c9f2148df57138200b44513cce6848d951b135be0d
CGW4.CF_Gway_AstSeatBeltInd,CGW4,CF_Gway_AstSeatBeltInd,0x559,1369,False,8,38,2,little_endian,False,False,1,0,,0.0,3.0,"[""CLU""]",False,,[],{},,hyundai_kia_generic.dbc,b6c4a670ceaaacd5ff6326c9f2148df57138200b44513cce6848d951b135be0d
CGW4.CF_Gway_RCSeatBeltInd,CGW4,CF_Gway_RCSeatBeltInd,0x559,1369,False,8,40,2,little_endian,False,False,1,0,,0.0,3.0,"[""CLU""]",False,,[],{},,hyundai_kia_generic.dbc,b6c4a670ceaaacd5ff6326c9f2148df57138200b44513cce6848d951b135be0d
CGW4.CF_Gway_RLSeatBeltInd,CGW4,CF_Gway_RLSeatBeltInd,0x559,1369,False,8,42,2,little_endian,False,False,1,0,,0.0,3.0,"[""CLU""]",False,,[],{},,hyundai_kia_generic.dbc,b6c4a670ceaaacd5ff6326c9f2148df57138200b44513cce6848d951b135be0d
CGW4.CF_Gway_RRSeatBeltInd,CGW4,CF_Gway_RRSeatBeltInd,0x559,1369,False,8,44,2,little_endian,False,False,1,0,,0.0,3.0,"[""CLU""]",False,,[],{},,hyundai_kia_generic.dbc,b6c4a670ceaaacd5ff6326c9f2148df57138200b44513cce6848d951b135be0d
CGW4.CF_Gway_RrWiperHighSw,CGW4,CF_Gway_RrWiperHighSw,0x559,1369,False,8,46,1,little_endian,False,False,1,0,,0.0,1.0,"[""CLU""]",False,,[],{},,hyundai_kia_generic.dbc,b6c4a670ceaaacd5ff6326c9f2148df57138200b44513cce6848d951b135be0d
CGW4.CF_Gway_RrWiperLowSw,CGW4,CF_Gway_RrWiperLowSw,0x559,1369,False,8,47,1,little_endian,False,False,1,0,,0.0,1.0,"[""CLU""]",False,,[],{},,hyundai_kia_generic.dbc,b6c4a670ceaaacd5ff6326c9f2148df57138200b44513cce6848d951b135be0d
EngFrzFrm12.PID_06h,EngFrzFrm12,PID_06h,0x557,1367,False,8,0,8,little_endian,False,False,0.78125,-100.0,%,-100.0,99.22,"[""AAF"", ""IBOX"", ""TCU""]",False,,[],{},,hyundai_kia_generic.dbc,b6c4a670ceaaacd5ff6326c9f2148df57138200b44513cce6848d951b135be0d
EngFrzFrm12.PID_07h,EngFrzFrm12,PID_07h,0x557,1367,False,8,8,8,little_endian,False,False,0.78125,-100.0,%,-100.0,99.22,"[""AAF"", ""IBOX"", ""TCU""]",False,,[],{},,hyundai_kia_generic.dbc,b6c4a670ceaaacd5ff6326c9f2148df57138200b44513cce6848d951b135be0d
EngFrzFrm12.PID_08h,EngFrzFrm12,PID_08h,0x557,1367,False,8,16,8,little_endian,False,False,0.78125,-100.0,%,-100.0,99.22,"[""AAF"", ""IBOX"", ""TCU""]",False,,[],{},,hyundai_kia_generic.dbc,b6c4a670ceaaacd5ff6326c9f2148df57138200b44513cce6848d951b135be0d
EngFrzFrm12.PID_09h,EngFrzFrm12,PID_09h,0x557,1367,False,8,24,8,little_endian,False,False,0.78125,-100.0,%,-100.0,99.22,"[""AAF"", ""IBOX"", ""TCU""]",False,,[],{},,hyundai_kia_generic.dbc,b6c4a670ceaaacd5ff6326c9f2148df57138200b44513cce6848d951b135be0d
EngFrzFrm12.PID_0Bh,EngFrzFrm12,PID_0Bh,0x557,1367,False,8,32,8,little_endian,False,False,1,0,kPa,0.0,255.0,"[""AAF"", ""IBOX"", ""TCU""]",False,,[],{},,hyundai_kia_generic.dbc,b6c4a670ceaaacd5ff6326c9f2148df57138200b44513cce6848d951b135be0d
EngFrzFrm12.PID_23h,EngFrzFrm12,PID_23h,0x557,1367,False,8,40,16,little_endian,False,False,10,0,kPa,0.0,655350.0,"[""AAF"", ""IBOX"", ""TCU""]",False,,[],{},,hyundai_kia_generic.dbc,b6c4a670ceaaacd5ff6326c9f2148df57138200b44513cce6848d951b135be0d
EngFrzFrm11.PID_04h,EngFrzFrm11,PID_04h,0x556,1366,False,8,0,8,little_endian,False,False,0.3921568627,0.0,%,0.0,100.0,"[""AAF"", ""TCU""]",False,,[],{},,hyundai_kia_generic.dbc,b6c4a670ceaaacd5ff6326c9f2148df57138200b44513cce6848d951b135be0d
EngFrzFrm11.PID_05h,EngFrzFrm11,PID_05h,0x556,1366,False,8,8,8,little_endian,False,False,1,-40,deg,-40.0,215.0,"[""AAF"", ""TCU""]",False,,[],{},,hyundai_kia_generic.dbc,b6c4a670ceaaacd5ff6326c9f2148df57138200b44513cce6848d951b135be0d
EngFrzFrm11.PID_0Ch,EngFrzFrm11,PID_0Ch,0x556,1366,False,8,16,16,little_endian,False,False,0.25,0.0,rpm,0.0,16383.75,"[""AAF"", ""TCU""]",False,,[],{},,hyundai_kia_generic.dbc,b6c4a670ceaaacd5ff6326c9f2148df57138200b44513cce6848d951b135be0d
EngFrzFrm11.PID_0Dh,EngFrzFrm11,PID_0Dh,0x556,1366,False,8,32,8,little_endian,False,False,1,0,km/h,0.0,255.0,"[""AAF"", ""TCU""]",False,,[],{},,hyundai_kia_generic.dbc,b6c4a670ceaaacd5ff6326c9f2148df57138200b44513cce6848d951b135be0d
EngFrzFrm11.PID_11h,EngFrzFrm11,PID_11h,0x556,1366,False,8,40,8,little_endian,False,False,0.3921568627,0.0,%,0.0,100.0,"[""AAF"", ""TCU""]",False,,[],{},,hyundai_kia_generic.dbc,b6c4a670ceaaacd5ff6326c9f2148df57138200b44513cce6848d951b135be0d
EngFrzFrm11.PID_03h,EngFrzFrm11,PID_03h,0x556,1366,False,8,48,16,little_endian,False,False,1,0,,0.0,65535.0,"[""AAF"", ""TCU""]",False,,[],{},,hyundai_kia_generic.dbc,b6c4a670ceaaacd5ff6326c9f2148df57138200b44513cce6848d951b135be0d
FPCM11.CR_Fpcm_LPActPre,FPCM11,CR_Fpcm_LPActPre,0x555,1365,False,8,0,8,little_endian,False,False,3.137254902,0.0,kPa,0.0,800.0,"[""EMS""]",False,,[],{},,hyundai_kia_generic.dbc,b6c4a670ceaaacd5ff6326c9f2148df57138200b44513cce6848d951b135be0d
FPCM11.CF_Fpcm_LPPumpOverCur,FPCM11,CF_Fpcm_LPPumpOverCur,0x555,1365,False,8,8,1,little_endian,False,False,1,0,,0.0,1.0,"[""EMS""]",False,,[],{},,hyundai_kia_generic.dbc,b6c4a670ceaaacd5ff6326c9f2148df57138200b44513cce6848d951b135be0d
FPCM11.CF_Fpcm_PreSnrHi,FPCM11,CF_Fpcm_PreSnrHi,0x555,1365,False,8,9,1,little_endian,False,False,1,0,,0.0,1.0,"[""EMS""]",False,,[],{},,hyundai_kia_generic.dbc,b6c4a670ceaaacd5ff6326c9f2148df57138200b44513cce6848d951b135be0d
FPCM11.CF_Fpcm_PreSnrDisc,FPCM11,CF_Fpcm_PreSnrDisc,0x555,1365,False,8,10,1,little_endian,False,False,1,0,,0.0,1.0,"[""EMS""]",False,,[],{},,hyundai_kia_generic.dbc,b6c4a670ceaaacd5ff6326c9f2148df57138200b44513cce6848d951b135be0d
FPCM11.CF_Fpcm_PreSnrShort,FPCM11,CF_Fpcm_PreSnrShort,0x555,1365,False,8,11,1,little_endian,False,False,1,0,,0.0,1.0,"[""EMS""]",False,,[],{},,hyundai_kia_generic.dbc,b6c4a670ceaaacd5ff6326c9f2148df57138200b44513cce6848d951b135be0d
FPCM11.CF_Fpcm_LPPumpDiscShort,FPCM11,CF_Fpcm_LPPumpDiscShort,0x555,1365,False,8,12,1,little_endian,False,False,1,0,,0.0,1.0,"[""EMS""]",False,,[],{},,hyundai_kia_generic.dbc,b6c4a670ceaaacd5ff6326c9f2148df57138200b44513cce6848d951b135be0d
FPCM11.CF_Fpcm_LP_System_Error,FPCM11,CF_Fpcm_LP_System_Error,0x555,1365,False,8,13,1,little_endian,False,False,1,0,,0.0,1.0,"[""EMS""]",False,,[],{},,hyundai_kia_generic.dbc,b6c4a670ceaaacd5ff6326c9f2148df57138200b44513cce6848d951b135be0d
FPCM11.CF_Fpcm_PreSnrSigErr,FPCM11,CF_Fpcm_PreSnrSigErr,0x555,1365,False,8,14,1,little_endian,False,False,1,0,,0.0,1.0,"[""EMS""]",False,,[],{},,hyundai_kia_generic.dbc,b6c4a670ceaaacd5ff6326c9f2148df57138200b44513cce6848d951b135be0d
FPCM11.CF_Fpcm_LPCtrCirFlt,FPCM11,CF_Fpcm_LPCtrCirFlt,0x555,1365,False,8,15,1,little_endian,False,False,1,0,,0.0,1.0,"[""EMS""]",False,,[],{},,hyundai_kia_generic.dbc,b6c4a670ceaaacd5ff6326c9f2148df57138200b44513cce6848d951b135be0d
LVR12.CF_Lvr_CruiseSet,LVR12,CF_Lvr_CruiseSet,0x367,871,False,8,0,8,little_endian,False,False,1,0,,0.0,255.0,"[""CLU"", ""TCU""]",False,,[],{},,hyundai_kia_generic.dbc,b6c4a670ceaaacd5ff6326c9f2148df57138200b44513cce6848d951b135be0d
LVR12.CF_Lvr_IsgState,LVR12,CF_Lvr_IsgState,0x367,871,False,8,8,2,little_endian,False,False,1.0,0.0,,0.0,3.0,"[""CLU"", ""TCU""]",False,,[],"{""0"": ""enabled"", ""1"": ""activated"", ""2"": ""unknown"", ""3"": ""disabled""}",Idle Stop and Go,hyundai_kia_generic.dbc,b6c4a670ceaaacd5ff6326c9f2148df57138200b44513cce6848d951b135be0d
LVR12.CF_Lvr_Gear,LVR12,CF_Lvr_Gear,0x367,871,False,8,32,4,little_endian,False,False,1.0,0.0,,0.0,15.0,"[""CLU"", ""TCU""]",False,,[],"{""12"": ""T"", ""5"": ""D"", ""8"": ""S"", ""6"": ""N"", ""7"": ""R"", ""0"": ""P""}",,hyundai_kia_generic.dbc,b6c4a670ceaaacd5ff6326c9f2148df57138200b44513cce6848d951b135be0d
LVR11.CF_Lvr_GearInf,LVR11,CF_Lvr_GearInf,0x368,872,False,8,0,4,little_endian,False,False,1,0,,0.0,15.0,"[""CLU"", ""TCU""]",False,,[],{},,hyundai_kia_generic.dbc,b6c4a670ceaaacd5ff6326c9f2148df57138200b44513cce6848d951b135be0d
LVR11.CF_Lvr_PRelStat,LVR11,CF_Lvr_PRelStat,0x368,872,False,8,4,1,little_endian,False,False,1,0,,0.0,1.0,"[""BCM"", ""CLU"", ""SMK"", ""TCU""]",False,,[],{},,hyundai_kia_generic.dbc,b6c4a670ceaaacd5ff6326c9f2148df57138200b44513cce6848d951b135be0d
LVR11.CF_Lvr_BkeAct,LVR11,CF_Lvr_BkeAct,0x368,872,False,8,5,1,little_endian,False,False,1,0,,0.0,1.0,"[""TCU""]",False,,[],{},,hyundai_kia_generic.dbc,b6c4a670ceaaacd5ff6326c9f2148df57138200b44513cce6848d951b135be0d
LVR11.CF_Lvr_NFnStat,LVR11,CF_Lvr_NFnStat,0x368,872,False,8,6,1,little_endian,False,False,1,0,,0.0,1.0,"[""CLU""]",False,,[],{},,hyundai_kia_generic.dbc,b6c4a670ceaaacd5ff6326c9f2148df57138200b44513cce6848d951b135be0d
LVR11.CF_Lvr_PosInf,LVR11,CF_Lvr_PosInf,0x368,872,False,8,8,4,little_endian,False,False,1,0,,0.0,15.0,"[""TCU""]",False,,[],{},,hyundai_kia_generic.dbc,b6c4a670ceaaacd5ff6326c9f2148df57138200b44513cce6848d951b135be0d
LVR11.CF_Lvr_PosCpl,LVR11,CF_Lvr_PosCpl,0x368,872,False,8,12,4,little_endian,False,False,1,0,,0.0,15.0,"[""TCU""]",False,,[],{},,hyundai_kia_generic.dbc,b6c4a670ceaaacd5ff6326c9f2148df57138200b44513cce6848d951b135be0d
LVR11.CF_Lvr_UlkButStat,LVR11,CF_Lvr_UlkButStat,0x368,872,False,8,18,2,little_endian,False,False,1,0,,0.0,3.0,"[""TCU""]",False,,[],{},,hyundai_kia_generic.dbc,b6c4a670ceaaacd5ff6326c9f2148df57138200b44513cce6848d951b135be0d
LVR11.CF_Lvr_PNStat,LVR11,CF_Lvr_PNStat,0x368,872,False,8,20,2,little_endian,False,False,1,0,,0.0,3.0,"[""CLU""]",False,,[],{},,hyundai_kia_generic.dbc,b6c4a670ceaaacd5ff6326c9f2148df57138200b44513cce6848d951b135be0d
LVR11.CF_Lvr_ShtLkStat,LVR11,CF_Lvr_ShtLkStat,0x368,872,False,8,24,4,little_endian,False,False,1,0,,0.0,15.0,"[""TCU""]",False,,[],{},,hyundai_kia_generic.dbc,b6c4a670ceaaacd5ff6326c9f2148df57138200b44513cce6848d951b135be0d
LVR11.CF_Lvr_ShfErrInf,LVR11,CF_Lvr_ShfErrInf,0x368,872,False,8,28,20,little_endian,False,False,1,0,,0.0,8191.0,"[""CLU"", ""TCU""]",False,,[],{},,hyundai_kia_generic.dbc,b6c4a670ceaaacd5ff6326c9f2148df57138200b44513cce6848d951b135be0d
LVR11.CF_Lvr_AC,LVR11,CF_Lvr_AC,0x368,872,False,8,48,4,little_endian,False,False,1,0,,0.0,15.0,"[""TCU""]",False,,[],{},,hyundai_kia_generic.dbc,b6c4a670ceaaacd5ff6326c9f2148df57138200b44513cce6848d951b135be0d
LVR11.CF_Lvr_CS,LVR11,CF_Lvr_CS,0x368,872,False,8,52,4,little_endian,False,False,1,0,,0.0,15.0,"[""TCU""]",False,,[],{},,hyundai_kia_generic.dbc,b6c4a670ceaaacd5ff6326c9f2148df57138200b44513cce6848d951b135be0d
CGW2.CF_Gway_GwayDiagState,CGW2,CF_Gway_GwayDiagState,0x553,1363,False,8,0,1,little_endian,False,False,1,0,,0.0,3.0,"[""CLU"", ""Dummy""]",False,,[],{},,hyundai_kia_generic.dbc,b6c4a670ceaaacd5ff6326c9f2148df57138200b44513cce6848d951b135be0d
CGW2.CF_Gway_DDMDiagState,CGW2,CF_Gway_DDMDiagState,0x553,1363,False,8,1,1,little_endian,False,False,1,0,,0.0,1.0,"[""CLU"", ""Dummy""]",False,,[],{},,hyundai_kia_generic.dbc,b6c4a670ceaaacd5ff6326c9f2148df57138200b44513cce6848d951b135be0d
CGW2.CF_Gway_SCMDiagState,CGW2,CF_Gway_SCMDiagState,0x553,1363,False,8,2,1,little_endian,False,False,1,0,,0.0,1.0,"[""CLU"", ""Dummy""]",False,,[],{},,hyundai_kia_generic.dbc,b6c4a670ceaaacd5ff6326c9f2148df57138200b44513cce6848d951b135be0d
CGW2.CF_Gway_PSMDiagState,CGW2,CF_Gway_PSMDiagState,0x553,1363,False,8,3,1,little_endian,False,False,1,0,,0.0,1.0,"[""CLU"", ""Dummy""]",False,,[],{},,hyundai_kia_generic.dbc,b6c4a670ceaaacd5ff6326c9f2148df57138200b44513cce6848d951b135be0d
CGW2.CF_Gway_SJBDiagState,CGW2,CF_Gway_SJBDiagState,0x553,1363,False,8,4,1,little_endian,False,False,1,0,,0.0,1.0,"[""CLU"", ""Dummy""]",False,,[],{},,hyundai_kia_generic.dbc,b6c4a670ceaaacd5ff6326c9f2148df57138200b44513cce6848d951b135be0d
CGW2.CF_Gway_IPMDiagState,CGW2,CF_Gway_IPMDiagState,0x553,1363,False,8,5,1,little_endian,False,False,1,0,,0.0,1.0,"[""CLU"", ""Dummy""]",False,,[],{},,hyundai_kia_generic.dbc,b6c4a670ceaaacd5ff6326c9f2148df57138200b44513cce6848d951b135be0d
CGW2.CF_Gway_LDMFail,CGW2,CF_Gway_LDMFail,0x553,1363,False,8,6,2,little_endian,False,False,1,0,,0.0,3.0,"[""CLU"", ""LDWS_LKAS"", ""LDWS_LKAS""]",False,,[],{},,hyundai_kia_generic.dbc,b6c4a670ceaaacd5ff6326c9f2148df57138200b44513cce6848d951b135be0d
CGW2.CF_Gway_CLUSwGuiCtrl,CGW2,CF_Gway_CLUSwGuiCtrl,0x553,1363,False,8,10,3,little_endian,False,False,1,0,,0.0,63.0,"[""CLU"", ""Dummy""]",False,,[],{},,hyundai_kia_generic.dbc,b6c4a670ceaaacd5ff6326c9f2148df57138200b44513cce6848d951b135be0d
CGW2.CF_Gway_CLUSwGroup,CGW2,CF_Gway_CLUSwGroup,0x553,1363,False,8,13,1,little_endian,False,False,1,0,,0.0,1.0,"[""CLU"", ""Dummy""]",False,,[],{},,hyundai_kia_generic.dbc,b6c4a670ceaaacd5ff6326c9f2148df57138200b44513cce6848d951b135be0d
CGW2.CF_Gway_CLUSwMode,CGW2,CF_Gway_CLUSwMode,0x553,1363,False,8,14,1,little_endian,False,False,1,0,,0.0,1.0,"[""CLU"", ""Dummy""]",False,,[],{},,hyundai_kia_generic.dbc,b6c4a670ceaaacd5ff6326c9f2148df57138200b44513cce6848d951b135be0d
CGW2.CF_Gway_CLUSwEnter,CGW2,CF_Gway_CLUSwEnter,0x553,1363,False,8,15,1,little_endian,False,False,1,0,,0.0,1.0,"[""CLU"", ""Dummy""]",False,,[],{},,hyundai_kia_generic.dbc,b6c4a670ceaaacd5ff6326c9f2148df57138200b44513cce6848d951b135be0d
CGW2.CF_Gway_AutoLightValue,CGW2,CF_Gway_AutoLightValue,0x553,1363,False,8,16,1,little_endian,False,False,1,0,,0.0,1.0,"[""LCA"", ""LCA""]",False,,[],{},,hyundai_kia_generic.dbc,b6c4a670ceaaacd5ff6326c9f2148df57138200b44513cce6848d951b135be0d
CGW2.CF_Gway_BrakeFluidSw,CGW2,CF_Gway_BrakeFluidSw,0x553,1363,False,8,17,1,little_endian,False,False,1,0,,0.0,1.0,"[""CLU"", ""Dummy""]",False,,[],{},,hyundai_kia_generic.dbc,b6c4a670ceaaacd5ff6326c9f2148df57138200b44513cce6848d951b135be0d
CGW2.CF_Gway_DrvSeatBeltInd,CGW2,CF_Gway_DrvSeatBeltInd,0x553,1363,False,8,18,2,little_endian,False,False,1,0,,0.0,3.0,"[""CLU""]",False,,[],{},,hyundai_kia_generic.dbc,b6c4a670ceaaacd5ff6326c9f2148df57138200b44513cce6848d951b135be0d
CGW2.CF_Gway_AvTail,CGW2,CF_Gway_AvTail,0x553,1363,False,8,20,1,little_endian,False,False,1,0,,0.0,3.0,"[""CLU"", ""SNV"", ""SNV""]",False,,[],{},,hyundai_kia_generic.dbc,b6c4a670ceaaacd5ff6326c9f2148df57138200b44513cce6848d951b135be0d
CGW2.CF_Gway_RearFogAct,CGW2,CF_Gway_RearFogAct,0x553,1363,False,8,21,1,little_endian,False,False,1,0,,0.0,1.0,"[""CLU"", ""Dummy""]",False,,[],{},,hyundai_kia_generic.dbc,b6c4a670ceaaacd5ff6326c9f2148df57138200b44513cce6848d951b135be0d
CGW2.CF_Gway_ExtTailAct,CGW2,CF_Gway_ExtTailAct,0x553,1363,False,8,22,1,little_endian,False,False,1,0,,0.0,1.0,"[""AVM"", ""CLU"", ""LCA"", ""PGS"", ""SPAS"", ""AVM"", ""LCA"", ""PGS"", ""SPAS""]",False,,[],{},,hyundai_kia_generic.dbc,b6c4a670ceaaacd5ff6326c9f2148df57138200b44513cce6848d951b135be0d
CGW2.CF_Gway_RRDrSw,CGW2,CF_Gway_RRDrSw,0x553,1363,False,8,23,1,little_endian,False,False,1,0,,0.0,1.0,"[""CLU"", ""Dummy""]",False,,[],{},,hyundai_kia_generic.dbc,b6c4a670ceaaacd5ff6326c9f2148df57138200b44513cce6848d951b135be0d
CGW2.CF_Gway_RLDrSw,CGW2,CF_Gway_RLDrSw,0x553,1363,False,8,24,1,little_endian,False,False,1,0,,0.0,1.0,"[""CLU"", ""Dummy""]",False,,[],{},,hyundai_kia_generic.dbc,b6c4a670ceaaacd5ff6326c9f2148df57138200b44513cce6848d951b135be0d
CGW2.CF_Gway_IntTailAct,CGW2,CF_Gway_IntTailAct,0x553,1363,False,8,25,1,little_endian,False,False,1,0,,0.0,1.0,"[""CLU"", ""Dummy""]",False,,[],{},,hyundai_kia_generic.dbc,b6c4a670ceaaacd5ff6326c9f2148df57138200b44513cce6848d951b135be0d
CGW2.CF_Gway_CountryCfg,CGW2,CF_Gway_CountryCfg,0x553,1363,False,8,26,3,little_endian,False,False,1,0,,0.0,7.0,"[""AVM"", ""CLU"", ""PGS"", ""Dummy""]",False,,[],{},,hyundai_kia_generic.dbc,b6c4a670ceaaacd5ff6326c9f2148df57138200b44513cce6848d951b135be0d
CGW2.CF_Gway_WiperParkPosition,CGW2,CF_Gway_WiperParkPosition,0x553,1363,False,8,32,1,little_endian,False,False,1,0,,0.0,1.0,"[""AFLS"", ""EMS"", ""LDWS_LKAS"", ""AFLS"", ""EMS"", ""LDWS_LKAS""]",False,,[],{},,hyundai_kia_generic.dbc,b6c4a670ceaaacd5ff6326c9f2148df57138200b44513cce6848d951b135be0d
CGW2.CF_Gway_HLLowLHFail,CGW2,CF_Gway_HLLowLHFail,0x553,1363,False,8,33,1,little_endian,False,False,1,0,,0.0,1.0,"[""LDWS_LKAS"", ""SNV"", ""LDWS_LKAS"", ""SNV""]",False,,[],{},,hyundai_kia_generic.dbc,b6c4a670ceaaacd5ff6326c9f2148df57138200b44513cce6848d951b135be0d
CGW2.CF_Gway_HLLowRHFail,CGW2,CF_Gway_HLLowRHFail,0x553,1363,False,8,34,1,little_endian,False,False,1,0,,0.0,1.0,"[""LDWS_LKAS"", ""SNV"", ""LDWS_LKAS"", ""SNV""]",False,,[],{},,hyundai_kia_generic.dbc,b6c4a670ceaaacd5ff6326c9f2148df57138200b44513cce6848d951b135be0d
CGW2.CF_Gway_ESCLFailWarn,CGW2,CF_Gway_ESCLFailWarn,0x553,1363,False,8,35,1,little_endian,False,False,1,0,,0.0,1.0,"[""CLU"", ""Dummy""]",False,,[],{},,hyundai_kia_generic.dbc,b6c4a670ceaaacd5ff6326c9f2148df57138200b44513cce6848d951b135be0d
CGW2.CF_Gway_ESCLNotLockedWarn,CGW2,CF_Gway_ESCLNotLockedWarn,0x553,1363,False,8,36,1,little_endian,False,False,1,0,,0.0,1.0,"[""CLU"", ""Dummy""]",False,,[],{},,hyundai_kia_generic.dbc,b6c4a670ceaaacd5ff6326c9f2148df57138200b44513cce6848d951b135be0d
CGW2.CF_Gway_ESCLNotUnlockWarn,CGW2,CF_Gway_ESCLNotUnlockWarn,0x553,1363,False,8,37,1,little_endian,False,False,1,0,,0.0,1.0,"[""CLU"", ""Dummy""]",False,,[],{},,hyundai_kia_generic.dbc,b6c4a670ceaaacd5ff6326c9f2148df57138200b44513cce6848d951b135be0d
CGW2.CF_Gway_IDoutWarn,CGW2,CF_Gway_IDoutWarn,0x553,1363,False,8,38,1,little_endian,False,False,1,0,,0.0,1.0,"[""CLU"", ""Dummy""]",False,,[],{},,hyundai_kia_generic.dbc,b6c4a670ceaaacd5ff6326c9f2148df57138200b44513cce6848d951b135be0d
CGW2.CF_Gway_ImmoLp,CGW2,CF_Gway_ImmoLp,0x553,1363,False,8,40,1,little_endian,False,False,1,0,,0.0,3.0,"[""CLU"", ""Dummy""]",False,,[],{},,hyundai_kia_generic.dbc,b6c4a670ceaaacd5ff6326c9f2148df57138200b44513cce6848d951b135be0d
CGW2.CF_Gway_BCMRKEID,CGW2,CF_Gway_BCMRKEID,0x553,1363,False,8,41,3,little_endian,False,False,1,0,,0.0,7.0,"[""CLU"", ""Dummy""]",False,,[],{},,hyundai_kia_generic.dbc,b6c4a670ceaaacd5ff6326c9f2148df57138200b44513cce6848d951b135be0d
CGW2.CF_Gway_VehicleNotPWarn,CGW2,CF_Gway_VehicleNotPWarn,0x553,1363,False,8,44,1,little_endian,False,False,1,0,,0.0,1.0,"[""CLU"", ""Dummy""]",False,,[],{},,hyundai_kia_generic.dbc,b6c4a670ceaaacd5ff6326c9f2148df57138200b44513cce6848d951b135be0d
CGW2.CF_Gway_DeactivationWarn,CGW2,CF_Gway_DeactivationWarn,0x553,1363,False,8,45,1,little_endian,False,False,1,0,,0.0,1.0,"[""CLU"", ""Dummy""]",False,,[],{},,hyundai_kia_generic.dbc,b6c4a670ceaaacd5ff6326c9f2148df57138200b44513cce6848d951b135be0d
CGW2.CF_Gway_KeyBATDischargeWarn,CGW2,CF_Gway_KeyBATDischargeWarn,0x553,1363,False,8,46,1,little_endian,False,False,1,0,,0.0,1.0,"[""CLU"", ""Dummy""]",False,,[],{},,hyundai_kia_generic.dbc,b6c4a670ceaaacd5ff6326c9f2148df57138200b44513cce6848d951b135be0d
CGW2.CF_Gway_SSBWarn,CGW2,CF_Gway_SSBWarn,0x553,1363,False,8,47,1,little_endian,False,False,1,0,,0.0,1.0,"[""CLU"", ""Dummy""]",False,,[],{},,hyundai_kia_generic.dbc,b6c4a670ceaaacd5ff6326c9f2148df57138200b44513cce6848d951b135be0d
CGW2.CF_Gway_SMKFobID,CGW2,CF_Gway_SMKFobID,0x553,1363,False,8,48,3,little_endian,False,False,1,0,,0.0,7.0,"[""CLU"", ""Dummy""]",False,,[],{},,hyundai_kia_generic.dbc,b6c4a670ceaaacd5ff6326c9f2148df57138200b44513cce6848d951b135be0d
CGW2.CF_Gway_SMKRKECmd,CGW2,CF_Gway_SMKRKECmd,0x553,1363,False,8,51,3,little_endian,False,False,1,0,,0.0,7.0,"[""CLU"", ""Dummy""]",False,,[],{},,hyundai_kia_generic.dbc,b6c4a670ceaaacd5ff6326c9f2148df57138200b44513cce6848d951b135be0d
CGW2.CF_Gway_AutoLightOption,CGW2,CF_Gway_AutoLightOption,0x553,1363,False,8,54,1,little_endian,False,False,1,0,,0.0,1.0,"[""CLU""]",False,,[],{},,hyundai_kia_generic.dbc,b6c4a670ceaaacd5ff6326c9f2148df57138200b44513cce6848d951b135be0d
CGW2.CF_Gway_SJBDeliveryMode,CGW2,CF_Gway_SJBDeliveryMode,0x553,1363,False,8,55,1,little_endian,False,False,1,0,,0.0,1.0,"[""CLU"", ""Dummy""]",False,,[],{},,hyundai_kia_generic.dbc,b6c4a670ceaaacd5ff6326c9f2148df57138200b44513cce6848d951b135be0d
CGW2.CF_Gway_KeyoutLp,CGW2,CF_Gway_KeyoutLp,0x553,1363,False,8,56,1,little_endian,False,False,1,0,,0.0,1.0,"[""CLU"", ""Dummy""]",False,,[],{},,hyundai_kia_generic.dbc,b6c4a670ceaaacd5ff6326c9f2148df57138200b44513cce6848d951b135be0d
CGW2.CF_Gway_SMKDispWarn,CGW2,CF_Gway_SMKDispWarn,0x553,1363,False,8,57,4,little_endian,False,False,1,0,,0.0,15.0,"[""CLU"", ""Dummy""]",False,,[],{},,hyundai_kia_generic.dbc,b6c4a670ceaaacd5ff6326c9f2148df57138200b44513cce6848d951b135be0d
CGW2.CF_Gway_WngBuz,CGW2,CF_Gway_WngBuz,0x553,1363,False,8,61,3,little_endian,False,False,1,0,,0.0,7.0,"[""CLU"", ""Dummy""]",False,,[],{},,hyundai_kia_generic.dbc,b6c4a670ceaaacd5ff6326c9f2148df57138200b44513cce6848d951b135be0d
TCS11.TCS_REQ,TCS11,TCS_REQ,0x153,339,False,8,0,1,little_endian,False,False,1,0,,0.0,1.0,"[""_4WD"", ""EMS"", ""EPB"", ""TCU""]",False,,[],{},,hyundai_kia_generic.dbc,b6c4a670ceaaacd5ff6326c9f2148df57138200b44513cce6848d951b135be0d
TCS11.MSR_C_REQ,TCS11,MSR_C_REQ,0x153,339,False,8,1,1,little_endian,False,False,1,0,,0.0,1.0,"[""EMS"", ""EPB"", ""SCC"", ""TCU""]",False,,[],{},,hyundai_kia_generic.dbc,b6c4a670ceaaacd5ff6326c9f2148df57138200b44513cce6848d951b135be0d
TCS11.TCS_PAS,TCS11,TCS_PAS,0x153,339,False,8,2,1,little_endian,False,False,1,0,,0.0,1.0,"[""_4WD"", ""CLU"", ""EMS"", ""SCC"", ""SPAS"", ""TCU""]",False,,[],{},,hyundai_kia_generic.dbc,b6c4a670ceaaacd5ff6326c9f2148df57138200b44513cce6848d951b135be0d
TCS11.TCS_GSC,TCS11,TCS_GSC,0x153,339,False,8,3,1,little_endian,False,False,1,0,,0.0,1.0,"[""_4WD"", ""EMS"", ""TCU""]",False,,[],{},,hyundai_kia_generic.dbc,b6c4a670ceaaacd5ff6326c9f2148df57138200b44513cce6848d951b135be0d
TCS11.CF_Esc_LimoInfo,TCS11,CF_Esc_LimoInfo,0x153,339,False,8,4,2,little_endian,False,False,1,0,,0.0,3.0,"[""_4WD"", ""SCC""]",False,,[],{},,hyundai_kia_generic.dbc,b6c4a670ceaaacd5ff6326c9f2148df57138200b44513cce6848d951b135be0d
TCS11.ABS_DIAG,TCS11,ABS_DIAG,0x153,339,False,8,6,1,little_endian,False,False,1,0,,0.0,1.0,"[""_4WD"", ""CLU"", ""EMS"", ""EPB""]",False,,[],{},,hyundai_kia_generic.dbc,b6c4a670ceaaacd5ff6326c9f2148df57138200b44513cce6848d951b135be0d
TCS11.ABS_DEF,TCS11,ABS_DEF,0x153,339,False,8,7,1,little_endian,False,False,1,0,,0.0,1.0,"[""_4WD"", ""ACU"", ""ECS"", ""EMS"", ""EPB"", ""SCC"", ""SPAS"", ""TCU""]",False,,[],{},,hyundai_kia_generic.dbc,b6c4a670ceaaacd5ff6326c9f2148df57138200b44513cce6848d951b135be0d
TCS11.TCS_DEF,TCS11,TCS_DEF,0x153,339,False,8,8,1,little_endian,False,False,1,0,,0.0,1.0,"[""_4WD"", ""EMS"", ""EPB"", ""SCC"", ""SPAS"", ""TCU""]",False,,[],{},,hyundai_kia_generic.dbc,b6c4a670ceaaacd5ff6326c9f2148df57138200b44513cce6848d951b135be0d
TCS11.TCS_CTL,TCS11,TCS_CTL,0x153,339,False,8,9,1,little_endian,False,False,1,0,,0.0,1.0,"[""_4WD"", ""EMS"", ""EPB"", ""SCC"", ""SPAS"", ""TCU""]",False,,[],{},,hyundai_kia_generic.dbc,b6c4a670ceaaacd5ff6326c9f2148df57138200b44513cce6848d951b135be0d
TCS11.ABS_ACT,TCS11,ABS_ACT,0x153,339,False,8,10,1,little_endian,False,False,1,0,,0.0,1.0,"[""_4WD"", ""ACU"", ""ECS"", ""EMS"", ""EPB"", ""LDWS_LKAS"", ""SCC"", ""SPAS"", ""TCU""]",False,,[],{},,hyundai_kia_generic.dbc,b6c4a670ceaaacd5ff6326c9f2148df57138200b44513cce6848d951b135be0d
TCS11.EBD_DEF,TCS11,EBD_DEF,0x153,339,False,8,11,1,little_endian,False,False,1,0,,0.0,1.0,"[""_4WD"", ""EMS"", ""EPB"", ""SPAS"", ""TCU""]",False,,[],{},,hyundai_kia_generic.dbc,b6c4a670ceaaacd5ff6326c9f2148df57138200b44513cce6848d951b135be0d
TCS11.ESP_PAS,TCS11,ESP_PAS,0x153,339,False,8,12,1,little_endian,False,False,1,0,,0.0,1.0,"[""_4WD"", ""ACU"", ""CLU"", ""EMS"", ""EPB"", ""LDWS_LKAS"", ""SCC"", ""TCU""]",False,,[],{},,hyundai_kia_generic.dbc,b6c4a670ceaaacd5ff6326c9f2148df57138200b44513cce6848d951b135be0d
TCS11.ESP_DEF,TCS11,ESP_DEF,0x153,339,False,8,13,1,little_endian,False,False,1,0,,0.0,1.0,"[""_4WD"", ""ACU"", ""ECS"", ""EMS"", ""EPB"", ""LDWS_LKAS"", ""SCC"", ""TCU""]",False,,[],{},,hyundai_kia_generic.dbc,b6c4a670ceaaacd5ff6326c9f2148df57138200b44513cce6848d951b135be0d
TCS11.ESP_CTL,TCS11,ESP_CTL,0x153,339,False,8,14,1,little_endian,False,False,1,0,,0.0,1.0,"[""_4WD"", ""ACU"", ""ECS"", ""EMS"", ""EPB"", ""LDWS_LKAS"", ""SCC"", ""SPAS"", ""TCU""]",False,,[],{},,hyundai_kia_generic.dbc,b6c4a670ceaaacd5ff6326c9f2148df57138200b44513cce6848d951b135be0d
TCS11.TCS_MFRN,TCS11,TCS_MFRN,0x153,339,False,8,15,1,little_endian,False,False,1,0,,0.0,1.0,"[""EMS"", ""EPB"", ""TCU""]",False,,[],{},,hyundai_kia_generic.dbc,b6c4a670ceaaacd5ff6326c9f2148df57138200b44513cce6848d951b135be0d
TCS11.DBC_CTL,TCS11,DBC_CTL,0x153,339,False,8,16,1,little_endian,False,False,1,0,,0.0,1.0,"[""_4WD"", ""EMS"", ""EPB""]",False,,[],{},,hyundai_kia_generic.dbc,b6c4a670ceaaacd5ff6326c9f2148df57138200b44513cce6848d951b135be0d
TCS11.DBC_PAS,TCS11,DBC_PAS,0x153,339,False,8,17,1,little_endian,False,False,1,0,,0.0,1.0,"[""_4WD"", ""EMS"", ""EPB""]",False,,[],{},,hyundai_kia_generic.dbc,b6c4a670ceaaacd5ff6326c9f2148df57138200b44513cce6848d951b135be0d
TCS11.DBC_DEF,TCS11,DBC_DEF,0x153,339,False,8,18,1,little_endian,False,False,1,0,,0.0,1.0,"[""_4WD"", ""EMS"", ""EPB""]",False,,[],{},,hyundai_kia_generic.dbc,b6c4a670ceaaacd5ff6326c9f2148df57138200b44513cce6848d951b135be0d
TCS11.HAC_CTL,TCS11,HAC_CTL,0x153,339,False,8,19,1,little_endian,False,False,1,0,,0.0,1.0,"[""_4WD"", ""CLU"", ""EMS"", ""EPB"", ""TCU""]",False,,[],{},,hyundai_kia_generic.dbc,b6c4a670ceaaacd5ff6326c9f2148df57138200b44513cce6848d951b135be0d
TCS11.HAC_PAS,TCS11,HAC_PAS,0x153,339,False,8,20,1,little_endian,False,False,1,0,,0.0,1.0,"[""_4WD"", ""CLU"", ""EMS"", ""EPB"", ""TCU""]",False,,[],{},,hyundai_kia_generic.dbc,b6c4a670ceaaacd5ff6326c9f2148df57138200b44513cce6848d951b135be0d
TCS11.HAC_DEF,TCS11,HAC_DEF,0x153,339,False,8,21,1,little_endian,False,False,1,0,,0.0,1.0,"[""_4WD"", ""CLU"", ""EMS"", ""EPB"", ""TCU""]",False,,[],{},,hyundai_kia_generic.dbc,b6c4a670ceaaacd5ff6326c9f2148df57138200b44513cce6848d951b135be0d
TCS11.ESS_STAT,TCS11,ESS_STAT,0x153,339,False,8,22,2,little_endian,False,False,1,0,,0.0,3.0,"[""_4WD"", ""BCM"", ""CLU"", ""EMS"", ""EPB""]",False,,[],{},,hyundai_kia_generic.dbc,b6c4a670ceaaacd5ff6326c9f2148df57138200b44513cce6848d951b135be0d
TCS11.TQI_TCS,TCS11,TQI_TCS,0x153,339,False,8,24,8,little_endian,False,False,0.390625,0.0,%,0.0,99.609375,"[""EMS"", ""EPB"", ""TCU""]",False,,[],{},,hyundai_kia_generic.dbc,b6c4a670ceaaacd5ff6326c9f2148df57138200b44513cce6848d951b135be0d
TCS11.TQI_MSR,TCS11,TQI_MSR,0x153,339,False,8,32,8,little_endian,False,False,0.390625,0.0,%,0.0,99.609375,"[""EMS"", ""EPB"", ""TCU""]",False,,[],{},,hyundai_kia_generic.dbc,b6c4a670ceaaacd5ff6326c9f2148df57138200b44513cce6848d951b135be0d
TCS11.TQI_SLW_TCS,TCS11,TQI_SLW_TCS,0x153,339,False,8,40,8,little_endian,False,False,0.390625,0.0,%,0.0,99.609375,"[""EMS"", ""EPB"", ""TCU""]",False,,[],{},,hyundai_kia_generic.dbc,b6c4a670ceaaacd5ff6326c9f2148df57138200b44513cce6848d951b135be0d
TCS11.CF_Esc_BrkCtl,TCS11,CF_Esc_BrkCtl,0x153,339,False,8,48,1,little_endian,False,False,1,0,,0.0,1.0,"[""EMS""]",False,,[],{},,hyundai_kia_generic.dbc,b6c4a670ceaaacd5ff6326c9f2148df57138200b44513cce6848d951b135be0d
TCS11.BLA_CTL,TCS11,BLA_CTL,0x153,339,False,8,49,2,little_endian,False,False,1,0,,0.0,3.0,"[""BCM"", ""CGW"", ""CLU""]",False,,[],{},,hyundai_kia_generic.dbc,b6c4a670ceaaacd5ff6326c9f2148df57138200b44513cce6848d951b135be0d
TCS11.AliveCounter_TCS1,TCS11,AliveCounter_TCS1,0x153,339,False,8,52,4,little_endian,False,False,1,0,,0.0,14.0,"[""EMS"", ""EPB"", ""LDWS_LKAS""]",False,,[],{},,hyundai_kia_generic.dbc,b6c4a670ceaaacd5ff6326c9f2148df57138200b44513cce6848d951b135be0d
TCS11.CheckSum_TCS1,TCS11,CheckSum_TCS1,0x153,339,False,8,56,8,little_endian,False,False,1,0,,0.0,255.0,"[""EMS"", ""EPB"", ""LDWS_LKAS""]",False,,[],{},,hyundai_kia_generic.dbc,b6c4a670ceaaacd5ff6326c9f2148df57138200b44513cce6848d951b135be0d
SNV11.CF_SNV_DisplayControl,SNV11,CF_SNV_DisplayControl,0x552,1362,False,4,0,2,little_endian,False,False,1,0,,0.0,3.0,"[""CLU"", ""HUD""]",False,,[],{},,hyundai_kia_generic.dbc,b6c4a670ceaaacd5ff6326c9f2148df57138200b44513cce6848d951b135be0d
SNV11.CF_Snv_BeepWarning,SNV11,CF_Snv_BeepWarning,0x552,1362,False,4,2,2,little_endian,False,False,1,0,,0.0,3.0,"[""CLU"", ""HUD""]",False,,[],{},,hyundai_kia_generic.dbc,b6c4a670ceaaacd5ff6326c9f2148df57138200b44513cce6848d951b135be0d
SNV11.CF_Snv_WarningMessage,SNV11,CF_Snv_WarningMessage,0x552,1362,False,4,4,3,little_endian,False,False,1,0,,0.0,7.0,"[""CLU"", ""HUD""]",False,,[],{},,hyundai_kia_generic.dbc,b6c4a670ceaaacd5ff6326c9f2148df57138200b44513cce6848d951b135be0d
SNV11.CF_Snv_DetectionEnable,SNV11,CF_Snv_DetectionEnable,0x552,1362,False,4,7,1,little_endian,False,False,1,0,,0.0,1.0,"[""BCM"", ""CLU"", ""HUD""]",False,,[],{},,hyundai_kia_generic.dbc,b6c4a670ceaaacd5ff6326c9f2148df57138200b44513cce6848d951b135be0d
SNV11.CF_Snv_PedestrianDetect,SNV11,CF_Snv_PedestrianDetect,0x552,1362,False,4,8,2,little_endian,False,False,1,0,,0.0,3.0,"[""BCM"", ""CLU"", ""HUD""]",False,,[],{},,hyundai_kia_generic.dbc,b6c4a670ceaaacd5ff6326c9f2148df57138200b44513cce6848d951b135be0d
SNV11.CF_Snv_IRLampControl,SNV11,CF_Snv_IRLampControl,0x552,1362,False,4,10,2,little_endian,False,False,1,0,,0.0,3.0,"[""BCM"", ""CLU"", ""HUD""]",False,,[],{},,hyundai_kia_generic.dbc,b6c4a670ceaaacd5ff6326c9f2148df57138200b44513cce6848d951b135be0d
MDPS12.CR_Mdps_StrColTq,MDPS12,CR_Mdps_StrColTq,0x251,593,False,8,0,11,little_endian,False,False,1,-1024,,-1024.0,1024.0,"[""LDWS_LKAS""]",False,,[],{},,hyundai_kia_generic.dbc,b6c4a670ceaaacd5ff6326c9f2148df57138200b44513cce6848d951b135be0d
MDPS12.CF_Mdps_Def,MDPS12,CF_Mdps_Def,0x251,593,False,8,11,1,little_endian,False,False,1,0,,0.0,1.0,"[""ESC""]",False,,[],{},,hyundai_kia_generic.dbc,b6c4a670ceaaacd5ff6326c9f2148df57138200b44513cce6848d951b135be0d
MDPS12.CF_Mdps_ToiUnavail,MDPS12,CF_Mdps_ToiUnavail,0x251,593,False,8,12,1,little_endian,False,False,1,0,,0.0,1.0,"[""LDWS_LKAS""]",False,,[],{},,hyundai_kia_generic.dbc,b6c4a670ceaaacd5ff6326c9f2148df57138200b44513cce6848d951b135be0d
MDPS12.CF_Mdps_ToiActive,MDPS12,CF_Mdps_ToiActive,0x251,593,False,8,13,1,little_endian,False,False,1,0,,0.0,1.0,"[""LDWS_LKAS""]",False,,[],{},,hyundai_kia_generic.dbc,b6c4a670ceaaacd5ff6326c9f2148df57138200b44513cce6848d951b135be0d
MDPS12.CF_Mdps_ToiFlt,MDPS12,CF_Mdps_ToiFlt,0x251,593,False,8,14,1,little_endian,False,False,1,0,,0.0,1.0,"[""LDWS_LKAS""]",False,,[],{},,hyundai_kia_generic.dbc,b6c4a670ceaaacd5ff6326c9f2148df57138200b44513cce6848d951b135be0d
MDPS12.CF_Mdps_FailStat,MDPS12,CF_Mdps_FailStat,0x251,593,False,8,15,1,little_endian,False,False,1,0,,0.0,1.0,"[""LDWS_LKAS""]",False,,[],{},,hyundai_kia_generic.dbc,b6c4a670ceaaacd5ff6326c9f2148df57138200b44513cce6848d951b135be0d
MDPS12.CF_Mdps_MsgCount2,MDPS12,CF_Mdps_MsgCount2,0x251,593,False,8,16,8,little_endian,False,False,1,0,,0.0,255.0,"[""ESC"", ""LDWS_LKAS""]",False,,[],{},,hyundai_kia_generic.dbc,b6c4a670ceaaacd5ff6326c9f2148df57138200b44513cce6848d951b135be0d
MDPS12.CF_Mdps_Chksum2,MDPS12,CF_Mdps_Chksum2,0x251,593,False,8,24,8,little_endian,False,False,1,0,,0.0,255.0,"[""ESC"", ""LDWS_LKAS""]",False,,[],{},,hyundai_kia_generic.dbc,b6c4a670ceaaacd5ff6326c9f2148df57138200b44513cce6848d951b135be0d
MDPS12.CF_Mdps_SErr,MDPS12,CF_Mdps_SErr,0x251,593,False,8,37,1,little_endian,False,False,1,0,,0.0,1.0,"[""ESC""]",False,,[],{},,hyundai_kia_generic.dbc,b6c4a670ceaaacd5ff6326c9f2148df57138200b44513cce6848d951b135be0d
MDPS12.CR_Mdps_StrTq,MDPS12,CR_Mdps_StrTq,0x251,593,False,8,40,12,little_endian,False,False,0.01,-20.48,Nm,-20.48,20.47,"[""ESC""]",False,,[],{},,hyundai_kia_generic.dbc,b6c4a670ceaaacd5ff6326c9f2148df57138200b44513cce6848d951b135be0d
MDPS12.CR_Mdps_OutTq,MDPS12,CR_Mdps_OutTq,0x251,593,False,8,52,12,little_endian,False,False,0.1,-204.8,,-204.8,204.7,"[""ESC"", ""LDWS_LKAS""]",False,,[],{},,hyundai_kia_generic.dbc,b6c4a670ceaaacd5ff6326c9f2148df57138200b44513cce6848d951b135be0d
IAP11.CF_Iap_EcoPmodSwi,IAP11,CF_Iap_EcoPmodSwi,0x550,1360,False,3,0,1,little_endian,False,False,1,0,,0.0,1.0,"[""CLU""]",False,,[],{},,hyundai_kia_generic.dbc,b6c4a670ceaaacd5ff6326c9f2148df57138200b44513cce6848d951b135be0d
IAP11.CF_Iap_EcoPmodAct,IAP11,CF_Iap_EcoPmodAct,0x550,1360,False,3,1,1,little_endian,False,False,1,0,,0.0,1.0,"[""CLU""]",False,,[],{},,hyundai_kia_generic.dbc,b6c4a670ceaaacd5ff6326c9f2148df57138200b44513cce6848d951b135be0d
IAP11.CF_Iap_ReqWarn,IAP11,CF_Iap_ReqWarn,0x550,1360,False,3,2,2,little_endian,False,False,1,0,,0.0,3.0,"[""CLU""]",False,,[],{},,hyundai_kia_generic.dbc,b6c4a670ceaaacd5ff6326c9f2148df57138200b44513cce6848d951b135be0d
TCU_DCT14.Vehicle_Stop_Time,TCU_DCT14,Vehicle_Stop_Time,0x54C,1356,False,8,0,5,little_endian,False,False,1,0,,0.0,0.0,"[""CLU""]",False,,[],{},,hyundai_kia_generic.dbc,b6c4a670ceaaacd5ff6326c9f2148df57138200b44513cce6848d951b135be0d
TCU_DCT14.HILL_HOLD_WARNING,TCU_DCT14,HILL_HOLD_WARNING,0x54C,1356,False,8,5,1,little_endian,False,False,1,0,,0.0,0.0,"[""CLU""]",False,,[],{},,hyundai_kia_generic.dbc,b6c4a670ceaaacd5ff6326c9f2148df57138200b44513cce6848d951b135be0d
BAT11.BAT_SNSR_I,BAT11,BAT_SNSR_I,0x549,1353,False,8,0,16,little_endian,False,False,0.01,-327.0,A,-327.0,328.0,"[""CGW"", ""CUBIS"", ""IBOX"", ""TMU""]",False,,[],{},,hyundai_kia_generic.dbc,b6c4a670ceaaacd5ff6326c9f2148df57138200b44513cce6848d951b135be0d
BAT11.BAT_SOC,BAT11,BAT_SOC,0x549,1353,False,8,16,8,little_endian,False,False,1,0,%,0.0,100.0,"[""CGW"", ""CUBIS"", ""IBOX"", ""TMU""]",False,,[],{},,hyundai_kia_generic.dbc,b6c4a670ceaaacd5ff6326c9f2148df57138200b44513cce6848d951b135be0d
BAT11.BAT_SNSR_V,BAT11,BAT_SNSR_V,0x549,1353,False,8,24,14,little_endian,False,False,0.001,6.0,V,6.0,18.0,"[""CGW"", ""CUBIS"", ""IBOX"", ""TMU""]",False,,[],{},,hyundai_kia_generic.dbc,b6c4a670ceaaacd5ff6326c9f2148df57138200b44513cce6848d951b135be0d
BAT11.BAT_SNSR_Temp,BAT11,BAT_SNSR_Temp,0x549,1353,False,8,38,9,little_endian,True,False,0.5,-40.0,deg,-40.0,125.0,"[""CGW"", ""CUBIS"", ""IBOX"", ""TMU""]",False,,[],{},,hyundai_kia_generic.dbc,b6c4a670ceaaacd5ff6326c9f2148df57138200b44513cce6848d951b135be0d
BAT11.BAT_SNSR_State,BAT11,BAT_SNSR_State,0x549,1353,False,8,47,1,little_endian,False,False,1,0,,0.0,1.0,"[""CGW"", ""CUBIS"", ""IBOX"", ""TMU""]",False,,[],{},,hyundai_kia_generic.dbc,b6c4a670ceaaacd5ff6326c9f2148df57138200b44513cce6848d951b135be0d
BAT11.BAT_SOH,BAT11,BAT_SOH,0x549,1353,False,8,48,7,little_endian,False,False,1,0,%,0.0,100.0,"[""CGW"", ""CUBIS"", ""IBOX"", ""TMU""]",False,,[],{},,hyundai_kia_generic.dbc,b6c4a670ceaaacd5ff6326c9f2148df57138200b44513cce6848d951b135be0d
BAT11.BAT_SNSR_Invalid,BAT11,BAT_SNSR_Invalid,0x549,1353,False,8,55,1,little_endian,False,False,1,0,,0.0,1.0,"[""CGW"", ""CUBIS"", ""IBOX"", ""TMU""]",False,,[],{},,hyundai_kia_generic.dbc,b6c4a670ceaaacd5ff6326c9f2148df57138200b44513cce6848d951b135be0d
BAT11.BAT_SOF,BAT11,BAT_SOF,0x549,1353,False,8,56,7,little_endian,False,False,0.1,0.0,V,0.0,12.0,"[""CGW"", ""CUBIS"", ""IBOX"", ""TMU""]",False,,[],{},,hyundai_kia_generic.dbc,b6c4a670ceaaacd5ff6326c9f2148df57138200b44513cce6848d951b135be0d
BAT11.BAT_SNSR_Error,BAT11,BAT_SNSR_Error,0x549,1353,False,8,63,1,little_endian,False,False,1,0,,0.0,1.0,"[""CGW"", ""CUBIS"", ""IBOX"", ""TMU""]",False,,[],{},,hyundai_kia_generic.dbc,b6c4a670ceaaacd5ff6326c9f2148df57138200b44513cce6848d951b135be0d
EMS15.ECGPOvrd,EMS15,ECGPOvrd,0x547,1351,False,8,0,1,little_endian,False,False,1,0,,0.0,1.0,"[""ESC"", ""IBOX"", ""SCC""]",False,,[],{},,hyundai_kia_generic.dbc,b6c4a670ceaaacd5ff6326c9f2148df57138200b44513cce6848d951b135be0d
EMS15.QECACC,EMS15,QECACC,0x547,1351,False,8,1,1,little_endian,False,False,1,0,,0.0,1.0,"[""ESC"", ""IBOX""]",False,,[],{},,hyundai_kia_generic.dbc,b6c4a670ceaaacd5ff6326c9f2148df57138200b44513cce6848d951b135be0d
EMS15.ECFail,EMS15,ECFail,0x547,1351,False,8,2,1,little_endian,False,False,1,0,,0.0,1.0,"[""ESC"", ""IBOX""]",False,,[],{},,hyundai_kia_generic.dbc,b6c4a670ceaaacd5ff6326c9f2148df57138200b44513cce6848d951b135be0d
EMS15.SwitchOffCondExt,EMS15,SwitchOffCondExt,0x547,1351,False,8,3,1,little_endian,False,False,1,0,,0.0,1.0,"[""ESC"", ""IBOX""]",False,,[],{},,hyundai_kia_generic.dbc,b6c4a670ceaaacd5ff6326c9f2148df57138200b44513cce6848d951b135be0d
EMS15.BLECFail,EMS15,BLECFail,0x547,1351,False,8,4,1,little_endian,False,False,1,0,,0.0,1.0,"[""ESC"", ""IBOX""]",False,,[],{},,hyundai_kia_generic.dbc,b6c4a670ceaaacd5ff6326c9f2148df57138200b44513cce6848d951b135be0d
EMS15.CF_Ems_IsaAct,EMS15,CF_Ems_IsaAct,0x547,1351,False,8,5,1,little_endian,False,False,1,0,,0.0,1.0,"[""CLU""]",False,,[],{},,hyundai_kia_generic.dbc,b6c4a670ceaaacd5ff6326c9f2148df57138200b44513cce6848d951b135be0d
EMS15.FA_PV_CAN,EMS15,FA_PV_CAN,0x547,1351,False,8,8,8,little_endian,False,False,0.3906,0.0,%,0.0,99.2,"[""IBOX"", ""LDWS_LKAS"", ""TCU""]",False,,[],{},,hyundai_kia_generic.dbc,b6c4a670ceaaacd5ff6326c9f2148df57138200b44513cce6848d951b135be0d
EMS15.IntAirTemp,EMS15,IntAirTemp,0x547,1351,False,8,16,8,little_endian,False,False,0.75,-48.0,deg,-48.0,143.25,"[""_4WD"", ""ECS"", ""EPB"", ""IBOX"", ""TCU""]",False,,[],{},,hyundai_kia_generic.dbc,b6c4a670ceaaacd5ff6326c9f2148df57138200b44513cce6848d951b135be0d
EMS15.STATE_DC_OBD,EMS15,STATE_DC_OBD,0x547,1351,False,8,24,7,little_endian,False,False,1,0,,0.0,127.0,"[""IBOX"", ""TCU""]",False,,[],{},,hyundai_kia_generic.dbc,b6c4a670ceaaacd5ff6326c9f2148df57138200b44513cce6848d951b135be0d
EMS15.INH_DC_OBD,EMS15,INH_DC_OBD,0x547,1351,False,8,31,1,little_endian,False,False,1,0,,0.0,1.0,"[""IBOX"", ""TCU""]",False,,[],{},,hyundai_kia_generic.dbc,b6c4a670ceaaacd5ff6326c9f2148df57138200b44513cce6848d951b135be0d
EMS15.CTR_IG_CYC_OBD,EMS15,CTR_IG_CYC_OBD,0x547,1351,False,8,32,16,little_endian,False,False,1,0,,0.0,65535.0,"[""ACU"", ""IBOX"", ""TCU""]",False,,[],{},,hyundai_kia_generic.dbc,b6c4a670ceaaacd5ff6326c9f2148df57138200b44513cce6848d951b135be0d
EMS15.CTR_CDN_OBD,EMS15,CTR_CDN_OBD,0x547,1351,False,8,48,16,little_endian,False,False,1,0,,0.0,65535.0,"[""IBOX"", ""TCU""]",False,,[],{},,hyundai_kia_generic.dbc,b6c4a670ceaaacd5ff6326c9f2148df57138200b44513cce6848d951b135be0d
DI_BOX12.CF_DiBox_FrtInjVDiagReg0,DI_BOX12,CF_DiBox_FrtInjVDiagReg0,0x546,1350,False,8,0,8,little_endian,False,False,1,0,,0.0,255.0,"[""EMS""]",False,,[],{},,hyundai_kia_generic.dbc,b6c4a670ceaaacd5ff6326c9f2148df57138200b44513cce6848d951b135be0d
DI_BOX12.CF_DiBox_FrtInjVDiagReg1,DI_BOX12,CF_DiBox_FrtInjVDiagReg1,0x546,1350,False,8,8,8,little_endian,False,False,1,0,,0.0,255.0,"[""EMS""]",False,,[],{},,hyundai_kia_generic.dbc,b6c4a670ceaaacd5ff6326c9f2148df57138200b44513cce6848d951b135be0d
DI_BOX12.CF_DiBox_FrtInjVDiagReg2,DI_BOX12,CF_DiBox_FrtInjVDiagReg2,0x546,1350,False,8,16,8,little_endian,False,False,1,0,,0.0,255.0,"[""EMS""]",False,,[],{},,hyundai_kia_generic.dbc,b6c4a670ceaaacd5ff6326c9f2148df57138200b44513cce6848d951b135be0d
DI_BOX12.CF_DiBox_SedInjVDiagReg0,DI_BOX12,CF_DiBox_SedInjVDiagReg0,0x546,1350,False,8,24,8,little_endian,False,False,1,0,,0.0,255.0,"[""EMS""]",False,,[],{},,hyundai_kia_generic.dbc,b6c4a670ceaaacd5ff6326c9f2148df57138200b44513cce6848d951b135be0d
DI_BOX12.CF_DiBox_SedInjVDiagReg1,DI_BOX12,CF_DiBox_SedInjVDiagReg1,0x546,1350,False,8,32,8,little_endian,False,False,1,0,,0.0,255.0,"[""EMS""]",False,,[],{},,hyundai_kia_generic.dbc,b6c4a670ceaaacd5ff6326c9f2148df57138200b44513cce6848d951b135be0d
DI_BOX12.CF_DiBox_SedInjVDiagReg2,DI_BOX12,CF_DiBox_SedInjVDiagReg2,0x546,1350,False,8,40,8,little_endian,False,False,1,0,,0.0,255.0,"[""EMS""]",False,,[],{},,hyundai_kia_generic.dbc,b6c4a670ceaaacd5ff6326c9f2148df57138200b44513cce6848d951b135be0d
DI_BOX12.CR_DiBox_BatVol,DI_BOX12,CR_DiBox_BatVol,0x546,1350,False,8,48,8,little_endian,False,False,0.1,0.0,V,0.0,25.5,"[""EMS""]",False,,[],{},,hyundai_kia_generic.dbc,b6c4a670ceaaacd5ff6326c9f2148df57138200b44513cce6848d951b135be0d
DI_BOX12.CF_DiBox_SedInjVChg,DI_BOX12,CF_DiBox_SedInjVChg,0x546,1350,False,8,56,1,little_endian,False,False,1,0,,0.0,1.0,"[""EMS""]",False,,[],{},,hyundai_kia_generic.dbc,b6c4a670ceaaacd5ff6326c9f2148df57138200b44513cce6848d951b135be0d
DI_BOX12.CF_DiBox_FrtInjVChg,DI_BOX12,CF_DiBox_FrtInjVChg,0x546,1350,False,8,57,1,little_endian,False,False,1,0,,0.0,1.0,"[""EMS""]",False,,[],{},,hyundai_kia_generic.dbc,b6c4a670ceaaacd5ff6326c9f2148df57138200b44513cce6848d951b135be0d
DI_BOX12.CF_DiBox_SedInjVErrSPI,DI_BOX12,CF_DiBox_SedInjVErrSPI,0x546,1350,False,8,58,1,little_endian,False,False,1,0,,0.0,1.0,"[""EMS""]",False,,[],{},,hyundai_kia_generic.dbc,b6c4a670ceaaacd5ff6326c9f2148df57138200b44513cce6848d951b135be0d
DI_BOX12.CF_DiBox_FrtInjVErrSPI,DI_BOX12,CF_DiBox_FrtInjVErrSPI,0x546,1350,False,8,59,1,little_endian,False,False,1,0,,0.0,1.0,"[""EMS""]",False,,[],{},,hyundai_kia_generic.dbc,b6c4a670ceaaacd5ff6326c9f2148df57138200b44513cce6848d951b135be0d
EMS14.IMMO_LAMP_STAT,EMS14,IMMO_LAMP_STAT,0x545,1349,False,8,0,1,little_endian,False,False,1,0,,0.0,1.0,"[""CLU"", ""IBOX""]",False,,[],{},,hyundai_kia_generic.dbc,b6c4a670ceaaacd5ff6326c9f2148df57138200b44513cce6848d951b135be0d
EMS14.L_MIL,EMS14,L_MIL,0x545,1349,False,8,1,1,little_endian,False,False,1,0,,0.0,1.0,"[""CLU"", ""CUBIS"", ""IBOX""]",False,,[],{},,hyundai_kia_generic.dbc,b6c4a670ceaaacd5ff6326c9f2148df57138200b44513cce6848d951b135be0d
EMS14.IM_STAT,EMS14,IM_STAT,0x545,1349,False,8,2,1,little_endian,False,False,1,0,,0.0,1.0,"[""CLU"", ""IBOX""]",False,,[],{},,hyundai_kia_generic.dbc,b6c4a670ceaaacd5ff6326c9f2148df57138200b44513cce6848d951b135be0d
EMS14.AMP_CAN,EMS14,AMP_CAN,0x545,1349,False,8,3,5,little_endian,False,False,10.731613,458.98,mmHg,458.98,791.660003,"[""CLU"", ""IBOX"", ""TCU"", ""TPMS""]",False,,[],{},,hyundai_kia_generic.dbc,b6c4a670ceaaacd5ff6326c9f2148df57138200b44513cce6848d951b135be0d
EMS14.BAT_Alt_FR_Duty,EMS14,BAT_Alt_FR_Duty,0x545,1349,False,8,8,8,little_endian,False,False,0.4,0.0,%,0.0,100.0,"[""CGW"", ""CUBIS"", ""IBOX"", ""TMU""]",False,,[],{},,hyundai_kia_generic.dbc,b6c4a670ceaaacd5ff6326c9f2148df57138200b44513cce6848d951b135be0d
EMS14.VB,EMS14,VB,0x545,1349,False,8,24,8,little_endian,False,False,0.1015625,0.0,V,0.0,25.8984375,"[""CLU"", ""CUBIS"", ""DATC"", ""EPB"", ""FPCM"", ""IBOX""]",False,,[],{},,hyundai_kia_generic.dbc,b6c4a670ceaaacd5ff6326c9f2148df57138200b44513cce6848d951b135be0d
EMS14.EMS_VS,EMS14,EMS_VS,0x545,1349,False,8,32,12,little_endian,False,False,0.0625,0.0,km/h,0.0,255.875,"[""CLU""]",False,,[],{},,hyundai_kia_generic.dbc,b6c4a670ceaaacd5ff6326c9f2148df57138200b44513cce6848d951b135be0d
EMS14.TEMP_FUEL,EMS14,TEMP_FUEL,0x545,1349,False,8,56,8,little_endian,False,False,0.75,-48.0,deg,-48.0,143.25,"[""FPCM""]",False,,[],{},,hyundai_kia_generic.dbc,b6c4a670ceaaacd5ff6326c9f2148df57138200b44513cce6848d951b135be0d
DATC11.CF_Datc_Type,DATC11,CF_Datc_Type,0x044,68,False,8,0,8,little_endian,False,False,1,0,,0.0,255.0,"[""CLU""]",False,,[],{},,hyundai_kia_generic.dbc,b6c4a670ceaaacd5ff6326c9f2148df57138200b44513cce6848d951b135be0d
DATC11.CF_Datc_VerMaj,DATC11,CF_Datc_VerMaj,0x044,68,False,8,8,8,little_endian,False,False,1,0,,0.0,255.0,"[""CLU""]",False,,[],{},,hyundai_kia_generic.dbc,b6c4a670ceaaacd5ff6326c9f2148df57138200b44513cce6848d951b135be0d
DATC11.CF_Datc_VerMin,DATC11,CF_Datc_VerMin,0x044,68,False,8,16,8,little_endian,False,False,1,0,,0.0,255.0,"[""CLU""]",False,,[],{},,hyundai_kia_generic.dbc,b6c4a670ceaaacd5ff6326c9f2148df57138200b44513cce6848d951b135be0d
DATC11.CR_Datc_OutTempC,DATC11,CR_Datc_OutTempC,0x044,68,False,8,24,8,little_endian,False,False,0.5,-41.0,deg,-41.0,86.5,"[""CLU"", ""FPCM""]",False,,[],{},,hyundai_kia_generic.dbc,b6c4a670ceaaacd5ff6326c9f2148df57138200b44513cce6848d951b135be0d
DATC11.CR_Datc_OutTempF,DATC11,CR_Datc_OutTempF,0x044,68,False,8,32,8,little_endian,False,False,1,-42,deg,-42.0,213.0,"[""CLU""]",False,,[],{},,hyundai_kia_generic.dbc,b6c4a670ceaaacd5ff6326c9f2148df57138200b44513cce6848d951b135be0d
DATC11.CF_Datc_IncarTemp,DATC11,CF_Datc_IncarTemp,0x044,68,False,8,40,8,little_endian,False,False,0.5,-40.0,deg,-40.0,60.0,"[""BCM"", ""CLU""]",False,,[],{},,hyundai_kia_generic.dbc,b6c4a670ceaaacd5ff6326c9f2148df57138200b44513cce6848d951b135be0d
DATC13.CF_Datc_TempDispUnit,DATC13,CF_Datc_TempDispUnit,0x043,67,False,8,0,2,little_endian,False,False,1,0,,0.0,3.0,"[""CLU"", ""IBOX""]",False,,[],{},,hyundai_kia_generic.dbc,b6c4a670ceaaacd5ff6326c9f2148df57138200b44513cce6848d951b135be0d
DATC13.CF_Datc_ModDisp,DATC13,CF_Datc_ModDisp,0x043,67,False,8,2,4,little_endian,False,False,1,0,,0.0,15.0,"[""CLU""]",False,,[],{},,hyundai_kia_generic.dbc,b6c4a670ceaaacd5ff6326c9f2148df57138200b44513cce6848d951b135be0d
DATC13.CF_Datc_IonClean,DATC13,CF_Datc_IonClean,0x043,67,False,8,6,2,little_endian,False,False,1,0,,0.0,3.0,"[""CLU""]",False,,[],{},,hyundai_kia_generic.dbc,b6c4a670ceaaacd5ff6326c9f2148df57138200b44513cce6848d951b135be0d
DATC13.CF_Datc_ChgReqDisp,DATC13,CF_Datc_ChgReqDisp,0x043,67,False,8,8,2,little_endian,False,False,1,0,,0.0,3.0,"[""CLU""]",False,,[],{},,hyundai_kia_generic.dbc,b6c4a670ceaaacd5ff6326c9f2148df57138200b44513cce6848d951b135be0d
DATC13.CF_Datc_IntakeDisp,DATC13,CF_Datc_IntakeDisp,0x043,67,False,8,10,2,little_endian,False,False,1,0,,0.0,3.0,"[""CLU""]",False,,[],{},,hyundai_kia_generic.dbc,b6c4a670ceaaacd5ff6326c9f2148df57138200b44513cce6848d951b135be0d
DATC13.CF_Datc_AutoDisp,DATC13,CF_Datc_AutoDisp,0x043,67,False,8,12,2,little_endian,False,False,1,0,,0.0,3.0,"[""CLU""]",False,,[],{},,hyundai_kia_generic.dbc,b6c4a670ceaaacd5ff6326c9f2148df57138200b44513cce6848d951b135be0d
DATC13.CF_Datc_FrDefLed,DATC13,CF_Datc_FrDefLed,0x043,67,False,8,14,2,little_endian,False,False,1,0,,0.0,3.0,"[""CLU"", ""IBOX""]",False,,[],{},,hyundai_kia_generic.dbc,b6c4a670ceaaacd5ff6326c9f2148df57138200b44513cce6848d951b135be0d
DATC13.CF_Datc_AutoDefogBlink,DATC13,CF_Datc_AutoDefogBlink,0x043,67,False,8,16,2,little_endian,False,False,1,0,,0.0,3.0,"[""CLU""]",False,,[],{},,hyundai_kia_generic.dbc,b6c4a670ceaaacd5ff6326c9f2148df57138200b44513cce6848d951b135be0d
DATC13.CF_Datc_ClmScanDisp,DATC13,CF_Datc_ClmScanDisp,0x043,67,False,8,18,2,little_endian,False,False,1,0,,0.0,3.0,"[""CLU""]",False,,[],{},,hyundai_kia_generic.dbc,b6c4a670ceaaacd5ff6326c9f2148df57138200b44513cce6848d951b135be0d
DATC13.CF_Datc_AqsDisp,DATC13,CF_Datc_AqsDisp,0x043,67,False,8,20,2,little_endian,False,False,1,0,,0.0,3.0,"[""CLU""]",False,,[],{},,hyundai_kia_generic.dbc,b6c4a670ceaaacd5ff6326c9f2148df57138200b44513cce6848d951b135be0d
DATC13.CF_Datc_AcDisp,DATC13,CF_Datc_AcDisp,0x043,67,False,8,22,2,little_endian,False,False,1,0,,0.0,3.0,"[""CLU""]",False,,[],{},,hyundai_kia_generic.dbc,b6c4a670ceaaacd5ff6326c9f2148df57138200b44513cce6848d951b135be0d
DATC13.CF_Datc_OpSts,DATC13,CF_Datc_OpSts,0x043,67,False,8,25,3,little_endian,False,False,1,0,,0.0,7.0,"[""CLU""]",False,,[],{},,hyundai_kia_generic.dbc,b6c4a670ceaaacd5ff6326c9f2148df57138200b44513cce6848d951b135be0d
DATC13.CF_Mtc_MaxAcDisp,DATC13,CF_Mtc_MaxAcDisp,0x043,67,False,8,28,2,little_endian,False,False,1,0,,0.0,3.0,"[""CLU""]",False,,[],{},,hyundai_kia_generic.dbc,b6c4a670ceaaacd5ff6326c9f2148df57138200b44513cce6848d951b135be0d
DATC13.CF_Datc_DualDisp,DATC13,CF_Datc_DualDisp,0x043,67,False,8,30,2,little_endian,False,False,1,0,,0.0,3.0,"[""CLU""]",False,,[],{},,hyundai_kia_generic.dbc,b6c4a670ceaaacd5ff6326c9f2148df57138200b44513cce6848d951b135be0d
DATC13.CF_Datc_PwrInf,DATC13,CF_Datc_PwrInf,0x043,67,False,8,32,4,little_endian,False,False,1,0,,0.0,15.0,"[""CLU""]",False,,[],{},,hyundai_kia_generic.dbc,b6c4a670ceaaacd5ff6326c9f2148df57138200b44513cce6848d951b135be0d
DATC13.CF_Datc_RearManual,DATC13,CF_Datc_RearManual,0x043,67,False,8,38,2,little_endian,False,False,1,0,,0.0,3.0,"[""CLU""]",False,,[],{},,hyundai_kia_generic.dbc,b6c4a670ceaaacd5ff6326c9f2148df57138200b44513cce6848d951b135be0d
DATC13.CF_Datc_RearAutoDisp,DATC13,CF_Datc_RearAutoDisp,0x043,67,False,8,40,2,little_endian,False,False,1,0,,0.0,1.0,"[""CLU""]",False,,[],{},,hyundai_kia_generic.dbc,b6c4a670ceaaacd5ff6326c9f2148df57138200b44513cce6848d951b135be0d
DATC13.CF_Datc_RearOffDisp,DATC13,CF_Datc_RearOffDisp,0x043,67,False,8,42,2,little_endian,False,False,1,0,,0.0,3.0,"[""CLU""]",False,,[],{},,hyundai_kia_generic.dbc,b6c4a670ceaaacd5ff6326c9f2148df57138200b44513cce6848d951b135be0d
DATC13.CF_Datc_RearClimateScnDisp,DATC13,CF_Datc_RearClimateScnDisp,0x043,67,False,8,44,2,little_endian,False,False,1,0,,0.0,3.0,"[""CLU""]",False,,[],{},,hyundai_kia_generic.dbc,b6c4a670ceaaacd5ff6326c9f2148df57138200b44513cce6848d951b135be0d
DATC13.CF_Datc_RearChgReqDisp,DATC13,CF_Datc_RearChgReqDisp,0x043,67,False,8,46,2,little_endian,False,False,1,0,,0.0,3.0,"[""CLU""]",False,,[],{},,hyundai_kia_generic.dbc,b6c4a670ceaaacd5ff6326c9f2148df57138200b44513cce6848d951b135be0d
DATC13.CF_Datc_RearModDisp,DATC13,CF_Datc_RearModDisp,0x043,67,False,8,48,4,little_endian,False,False,1,0,,0.0,15.0,"[""CLU""]",False,,[],{},,hyundai_kia_generic.dbc,b6c4a670ceaaacd5ff6326c9f2148df57138200b44513cce6848d951b135be0d
DATC13.CF_Datc_RearBlwDisp,DATC13,CF_Datc_RearBlwDisp,0x043,67,False,8,52,4,little_endian,False,False,1,0,,0.0,15.0,"[""CLU""]",False,,[],{},,hyundai_kia_generic.dbc,b6c4a670ceaaacd5ff6326c9f2148df57138200b44513cce6848d951b135be0d
DATC13.CF_Datc_PSModDisp,DATC13,CF_Datc_PSModDisp,0x043,67,False,8,56,4,little_endian,False,False,1,0,,0.0,15.0,"[""CLU""]",False,,[],{},,hyundai_kia_generic.dbc,b6c4a670ceaaacd5ff6326c9f2148df57138200b44513cce6848d951b135be0d
DATC13.CF_Datc_FrontBlwDisp,DATC13,CF_Datc_FrontBlwDisp,0x043,67,False,8,60,4,little_endian,False,False,1,0,,0.0,15.0,"[""CLU"", ""IBOX""]",False,,[],{},,hyundai_kia_generic.dbc,b6c4a670ceaaacd5ff6326c9f2148df57138200b44513cce6848d951b135be0d
DATC12.CR_Datc_DrTempDispC,DATC12,CR_Datc_DrTempDispC,0x042,66,False,8,0,8,little_endian,False,False,0.5,14.0,deg,15.0,32.0,"[""CLU"", ""IBOX""]",False,,[],{},,hyundai_kia_generic.dbc,b6c4a670ceaaacd5ff6326c9f2148df57138200b44513cce6848d951b135be0d
DATC12.CR_Datc_DrTempDispF,DATC12,CR_Datc_DrTempDispF,0x042,66,False,8,8,8,little_endian,False,False,1,56,deg,58.0,90.0,"[""CLU"", ""IBOX""]",False,,[],{},,hyundai_kia_generic.dbc,b6c4a670ceaaacd5ff6326c9f2148df57138200b44513cce6848d951b135be0d
DATC12.CR_Datc_PsTempDispC,DATC12,CR_Datc_PsTempDispC,0x042,66,False,8,16,8,little_endian,False,False,0.5,14.0,deg,15.0,32.0,"[""CLU"", ""IBOX""]",False,,[],{},,hyundai_kia_generic.dbc,b6c4a670ceaaacd5ff6326c9f2148df57138200b44513cce6848d951b135be0d
DATC12.CR_Datc_PsTempDispF,DATC12,CR_Datc_PsTempDispF,0x042,66,False,8,24,8,little_endian,False,False,1,56,deg,58.0,90.0,"[""CLU"", ""IBOX""]",False,,[],{},,hyundai_kia_generic.dbc,b6c4a670ceaaacd5ff6326c9f2148df57138200b44513cce6848d951b135be0d
DATC12.CR_Datc_RearDrTempDispC,DATC12,CR_Datc_RearDrTempDispC,0x042,66,False,8,40,8,little_endian,False,False,0.5,14.0,deg,15.0,32.0,"[""CLU""]",False,,[],{},,hyundai_kia_generic.dbc,b6c4a670ceaaacd5ff6326c9f2148df57138200b44513cce6848d951b135be0d
DATC12.CR_Datc_RearDrTempDispF,DATC12,CR_Datc_RearDrTempDispF,0x042,66,False,8,48,8,little_endian,False,False,1,58,deg,58.0,90.0,"[""CLU""]",False,,[],{},,hyundai_kia_generic.dbc,b6c4a670ceaaacd5ff6326c9f2148df57138200b44513cce6848d951b135be0d
DATC12.CF_Datc_CO2_Warning,DATC12,CF_Datc_CO2_Warning,0x042,66,False,8,56,8,little_endian,False,False,1,0,,0.0,3.0,"[""CLU""]",False,,[],{},,hyundai_kia_generic.dbc,b6c4a670ceaaacd5ff6326c9f2148df57138200b44513cce6848d951b135be0d
CGW1.CF_Gway_IGNSw,CGW1,CF_Gway_IGNSw,0x541,1345,False,8,0,3,little_endian,False,False,1,0,,0.0,7.0,"[""AVM"", ""CLU"", ""ECS"", ""EMS"", ""EPB"", ""ESC"", ""IBOX"", ""LVR"", ""MDPS"", ""SAS"", ""SCC"", ""ECS"", ""EMS"", ""EPB"", ""ESC"", ""IBOX"", ""LVR"", ""MDPS"", ""SAS"", ""SCC""]",False,,[],{},,hyundai_kia_generic.dbc,b6c4a670ceaaacd5ff6326c9f2148df57138200b44513cce6848d951b135be0d
CGW1.CF_Gway_RKECmd,CGW1,CF_Gway_RKECmd,0x541,1345,False,8,3,3,little_endian,False,False,1,0,,0.0,7.0,"[""CLU"", ""ECS"", ""EMS"", ""IBOX"", ""ECS"", ""EMS"", ""IBOX""]",False,,[],{},,hyundai_kia_generic.dbc,b6c4a670ceaaacd5ff6326c9f2148df57138200b44513cce6848d951b135be0d
CGW1.CF_Gway_DrvKeyLockSw,CGW1,CF_Gway_DrvKeyLockSw,0x541,1345,False,8,6,1,little_endian,False,False,1,0,,0.0,1.0,"[""ECS"", ""EMS"", ""IBOX"", ""ECS"", ""EMS"", ""IBOX""]",False,,[],{},,hyundai_kia_generic.dbc,b6c4a670ceaaacd5ff6326c9f2148df57138200b44513cce6848d951b135be0d
CGW1.CF_Gway_DrvKeyUnlockSw,CGW1,CF_Gway_DrvKeyUnlockSw,0x541,1345,False,8,7,1,little_endian,False,False,1,0,,0.0,1.0,"[""ECS"", ""EMS"", ""IBOX"", ""ECS"", ""EMS"", ""IBOX""]",False,,[],{},,hyundai_kia_generic.dbc,b6c4a670ceaaacd5ff6326c9f2148df57138200b44513cce6848d951b135be0d
CGW1.CF_Gway_DrvDrSw,CGW1,CF_Gway_DrvDrSw,0x541,1345,False,8,8,2,little_endian,False,False,1,0,,0.0,3.0,"[""CLU"", ""ECS"", ""EMS"", ""EPB"", ""ESC"", ""IBOX"", ""SCC"", ""TCU"", ""ECS"", ""EMS"", ""EPB"", ""ESC"", ""IBOX"", ""SCC"", ""TCU""]",False,,[],{},,hyundai_kia_generic.dbc,b6c4a670ceaaacd5ff6326c9f2148df57138200b44513cce6848d951b135be0d
CGW1.CF_Gway_DrvSeatBeltSw,CGW1,CF_Gway_DrvSeatBeltSw,0x541,1345,False,8,10,2,little_endian,False,False,1,0,,0.0,3.0,"[""EMS"", ""EPB"", ""ESC"", ""IBOX"", ""PSB"", ""TCU"", ""EMS"", ""EPB"", ""ESC"", ""IBOX"", ""PSB"", ""TCU""]",False,,[],{},,hyundai_kia_generic.dbc,b6c4a670ceaaacd5ff6326c9f2148df57138200b44513cce6848d951b135be0d
CGW1.CF_Gway_TrunkTgSw,CGW1,CF_Gway_TrunkTgSw,0x541,1345,False,8,12,2,little_endian,False,False,1,0,,0.0,3.0,"[""CLU"", ""ECS"", ""EMS"", ""EPB"", ""ESC"", ""IBOX"", ""ECS"", ""EMS"", ""EPB"", ""ESC"", ""IBOX""]",False,,[],{},,hyundai_kia_generic.dbc,b6c4a670ceaaacd5ff6326c9f2148df57138200b44513cce6848d951b135be0d
CGW1.CF_Gway_AstSeatBeltSw,CGW1,CF_Gway_AstSeatBeltSw,0x541,1345,False,8,14,2,little_endian,False,False,1,0,,0.0,3.0,"[""IBOX"", ""PSB"", ""IBOX"", ""PSB""]",False,,[],{},,hyundai_kia_generic.dbc,b6c4a670ceaaacd5ff6326c9f2148df57138200b44513cce6848d951b135be0d
CGW1.CF_Gway_SMKOption,CGW1,CF_Gway_SMKOption,0x541,1345,False,8,16,1,little_endian,False,False,1,0,,0.0,1.0,"[""CLU"", ""EMS"", ""IBOX"", ""EMS"", ""IBOX"", ""SMK""]",False,,[],{},,hyundai_kia_generic.dbc,b6c4a670ceaaacd5ff6326c9f2148df57138200b44513cce6848d951b135be0d
CGW1.CF_Gway_HoodSw,CGW1,CF_Gway_HoodSw,0x541,1345,False,8,17,2,little_endian,False,False,1,0,,0.0,3.0,"[""CLU"", ""EMS"", ""EPB"", ""ESC"", ""IBOX"", ""EMS"", ""EPB"", ""ESC"", ""IBOX""]",False,,[],{},,hyundai_kia_generic.dbc,b6c4a670ceaaacd5ff6326c9f2148df57138200b44513cce6848d951b135be0d
CGW1.CF_Gway_TurnSigLh,CGW1,CF_Gway_TurnSigLh,0x541,1345,False,8,19,2,little_endian,False,False,1,0,,0.0,3.0,"[""CLU"", ""EMS"", ""IBOX"", ""LCA"", ""LDWS_LKAS"", ""SCC"", ""EMS"", ""IBOX"", ""LCA"", ""LDWS_LKAS"", ""SCC""]",False,,[],{},,hyundai_kia_generic.dbc,b6c4a670ceaaacd5ff6326c9f2148df57138200b44513cce6848d951b135be0d
CGW1.CF_Gway_WiperIntT,CGW1,CF_Gway_WiperIntT,0x541,1345,False,8,21,3,little_endian,False,False,1,0,,0.0,7.0,"[""CLU"", ""EMS"", ""IBOX"", ""LDWS_LKAS"", ""EMS"", ""ESC"", ""IBOX"", ""LDWS_LKAS""]",False,,[],{},,hyundai_kia_generic.dbc,b6c4a670ceaaacd5ff6326c9f2148df57138200b44513cce6848d951b135be0d
CGW1.CF_Gway_WiperIntSw,CGW1,CF_Gway_WiperIntSw,0x541,1345,False,8,24,1,little_endian,False,False,1,0,,0.0,1.0,"[""CLU"", ""EMS"", ""IBOX"", ""LDWS_LKAS"", ""EMS"", ""ESC"", ""IBOX"", ""LDWS_LKAS""]",False,,[],{},,hyundai_kia_generic.dbc,b6c4a670ceaaacd5ff6326c9f2148df57138200b44513cce6848d951b135be0d
CGW1.CF_Gway_WiperLowSw,CGW1,CF_Gway_WiperLowSw,0x541,1345,False,8,25,1,little_endian,False,False,1,0,,0.0,1.0,"[""CLU"", ""EMS"", ""IBOX"", ""LDWS_LKAS"", ""EMS"", ""ESC"", ""IBOX"", ""LDWS_LKAS""]",False,,[],{},,hyundai_kia_generic.dbc,b6c4a670ceaaacd5ff6326c9f2148df57138200b44513cce6848d951b135be0d
CGW1.CF_Gway_WiperHighSw,CGW1,CF_Gway_WiperHighSw,0x541,1345,False,8,26,1,little_endian,False,False,1,0,,0.0,1.0,"[""CLU"", ""EMS"", ""IBOX"", ""LDWS_LKAS"", ""EMS"", ""ESC"", ""IBOX"", ""LDWS_LKAS""]",False,,[],{},,hyundai_kia_generic.dbc,b6c4a670ceaaacd5ff6326c9f2148df57138200b44513cce6848d951b135be0d
CGW1.CF_Gway_WiperAutoSw,CGW1,CF_Gway_WiperAutoSw,0x541,1345,False,8,27,1,little_endian,False,False,1,0,,0.0,1.0,"[""CLU"", ""EMS"", ""IBOX"", ""LDWS_LKAS"", ""EMS"", ""ESC"", ""IBOX"", ""LDWS_LKAS""]",False,,[],{},,hyundai_kia_generic.dbc,b6c4a670ceaaacd5ff6326c9f2148df57138200b44513cce6848d951b135be0d
CGW1.CF_Gway_RainSnsState,CGW1,CF_Gway_RainSnsState,0x541,1345,False,8,28,3,little_endian,False,False,1,0,,0.0,7.0,"[""AFLS"", ""EMS"", ""IBOX"", ""LDWS_LKAS"", ""AFLS"", ""EMS"", ""ESC"", ""IBOX"", ""LDWS_LKAS""]",False,,[],{},,hyundai_kia_generic.dbc,b6c4a670ceaaacd5ff6326c9f2148df57138200b44513cce6848d951b135be0d
CGW1.CF_Gway_HeadLampLow,CGW1,CF_Gway_HeadLampLow,0x541,1345,False,8,31,1,little_endian,False,False,1,0,,0.0,1.0,"[""AFLS"", ""CLU"", ""EMS"", ""IBOX"", ""LDWS_LKAS"", ""SNV"", ""AFLS"", ""EMS"", ""IBOX"", ""LDWS_LKAS"", ""SNV""]",False,,[],{},,hyundai_kia_generic.dbc,b6c4a670ceaaacd5ff6326c9f2148df57138200b44513cce6848d951b135be0d
CGW1.CF_Gway_HeadLampHigh,CGW1,CF_Gway_HeadLampHigh,0x541,1345,False,8,32,1,little_endian,False,False,1,0,,0.0,1.0,"[""AFLS"", ""CLU"", ""EMS"", ""IBOX"", ""LDWS_LKAS"", ""AFLS"", ""EMS"", ""IBOX"", ""LDWS_LKAS""]",False,,[],{},,hyundai_kia_generic.dbc,b6c4a670ceaaacd5ff6326c9f2148df57138200b44513cce6848d951b135be0d
CGW1.CF_Gway_HazardSw,CGW1,CF_Gway_HazardSw,0x541,1345,False,8,33,2,little_endian,False,False,1,0,,0.0,3.0,"[""ABS"", ""EMS"", ""ESC"", ""IBOX"", ""LCA"", ""LDWS_LKAS"", ""ABS"", ""EMS"", ""ESC"", ""IBOX"", ""LCA"", ""LDWS_LKAS""]",False,,[],{},,hyundai_kia_generic.dbc,b6c4a670ceaaacd5ff6326c9f2148df57138200b44513cce6848d951b135be0d
CGW1.CF_Gway_AstDrSw,CGW1,CF_Gway_AstDrSw,0x541,1345,False,8,35,1,little_endian,False,False,1,0,,0.0,1.0,"[""CLU"", ""IBOX"", ""IBOX""]",False,,[],{},,hyundai_kia_generic.dbc,b6c4a670ceaaacd5ff6326c9f2148df57138200b44513cce6848d951b135be0d
CGW1.CF_Gway_DefoggerRly,CGW1,CF_Gway_DefoggerRly,0x541,1345,False,8,36,1,little_endian,False,False,1,0,,0.0,1.0,"[""EMS"", ""IBOX"", ""EMS"", ""IBOX""]",False,,[],{},,hyundai_kia_generic.dbc,b6c4a670ceaaacd5ff6326c9f2148df57138200b44513cce6848d951b135be0d
CGW1.CF_Gway_ALightStat,CGW1,CF_Gway_ALightStat,0x541,1345,False,8,37,1,little_endian,False,False,1,0,,0.0,1.0,"[""AFLS"", ""IBOX"", ""LDWS_LKAS"", ""AFLS"", ""IBOX"", ""LDWS_LKAS""]",False,,[],{},,hyundai_kia_generic.dbc,b6c4a670ceaaacd5ff6326c9f2148df57138200b44513cce6848d951b135be0d
CGW1.CF_Gway_LightSwState,CGW1,CF_Gway_LightSwState,0x541,1345,False,8,38,2,little_endian,False,False,1,0,,0.0,3.0,"[""AFLS"", ""IBOX"", ""LDWS_LKAS"", ""AFLS"", ""IBOX"", ""LDWS_LKAS""]",False,,[],{},,hyundai_kia_generic.dbc,b6c4a670ceaaacd5ff6326c9f2148df57138200b44513cce6848d951b135be0d
CGW1.CF_Gway_Frt_Fog_Act,CGW1,CF_Gway_Frt_Fog_Act,0x541,1345,False,8,40,1,little_endian,False,False,1,0,,0.0,1.0,"[""AFLS"", ""CLU"", ""IBOX"", ""LDWS_LKAS"", ""AFLS"", ""IBOX"", ""LDWS_LKAS""]",False,,[],{},,hyundai_kia_generic.dbc,b6c4a670ceaaacd5ff6326c9f2148df57138200b44513cce6848d951b135be0d
CGW1.CF_Gway_TSigRHSw,CGW1,CF_Gway_TSigRHSw,0x541,1345,False,8,41,1,little_endian,False,False,1,0,,0.0,1.0,"[""IBOX"", ""LDWS_LKAS"", ""IBOX"", ""LDWS_LKAS""]",False,,[],{},,hyundai_kia_generic.dbc,b6c4a670ceaaacd5ff6326c9f2148df57138200b44513cce6848d951b135be0d
CGW1.CF_Gway_TSigLHSw,CGW1,CF_Gway_TSigLHSw,0x541,1345,False,8,42,1,little_endian,False,False,1,0,,0.0,1.0,"[""IBOX"", ""LDWS_LKAS"", ""IBOX"", ""LDWS_LKAS""]",False,,[],{},,hyundai_kia_generic.dbc,b6c4a670ceaaacd5ff6326c9f2148df57138200b44513cce6848d951b135be0d
CGW1.CF_Gway_DriveTypeOption,CGW1,CF_Gway_DriveTypeOption,0x541,1345,False,8,43,1,little_endian,False,False,1,0,,0.0,1.0,"[""CLU"", ""IBOX"", ""LDWS_LKAS"", ""IBOX"", ""LDWS_LKAS""]",False,,[],{},,hyundai_kia_generic.dbc,b6c4a670ceaaacd5ff6326c9f2148df57138200b44513cce6848d951b135be0d
CGW1.CF_Gway_StarterRlyState,CGW1,CF_Gway_StarterRlyState,0x541,1345,False,8,44,1,little_endian,False,False,1,0,,0.0,1.0,"[""EMS"", ""IBOX"", ""EMS"", ""IBOX"", ""SMK""]",False,,[],{},,hyundai_kia_generic.dbc,b6c4a670ceaaacd5ff6326c9f2148df57138200b44513cce6848d951b135be0d
CGW1.CF_Gway_PassiveAccessLock,CGW1,CF_Gway_PassiveAccessLock,0x541,1345,False,8,45,2,little_endian,False,False,1,0,,0.0,7.0,"[""CLU"", ""ECS"", ""EMS"", ""IBOX"", ""ECS"", ""EMS"", ""IBOX"", ""SMK""]",False,,[],{},,hyundai_kia_generic.dbc,b6c4a670ceaaacd5ff6326c9f2148df57138200b44513cce6848d951b135be0d
CGW1.CF_Gway_WiperMistSw,CGW1,CF_Gway_WiperMistSw,0x541,1345,False,8,47,1,little_endian,False,False,1,0,,0.0,1.0,"[""CLU"", ""EMS"", ""IBOX"", ""LDWS_LKAS""]",False,,[],{},,hyundai_kia_generic.dbc,b6c4a670ceaaacd5ff6326c9f2148df57138200b44513cce6848d951b135be0d
CGW1.CF_Gway_PassiveAccessUnlock,CGW1,CF_Gway_PassiveAccessUnlock,0x541,1345,False,8,48,2,little_endian,False,False,1,0,,0.0,7.0,"[""CLU"", ""ECS"", ""EMS"", ""IBOX"", ""ECS"", ""EMS"", ""IBOX"", ""SMK""]",False,,[],{},,hyundai_kia_generic.dbc,b6c4a670ceaaacd5ff6326c9f2148df57138200b44513cce6848d951b135be0d
CGW1.CF_Gway_RrSunRoofOpenState,CGW1,CF_Gway_RrSunRoofOpenState,0x541,1345,False,8,50,1,little_endian,False,False,1,0,,0.0,1.0,"[""CLU"", ""DATC"", ""IBOX""]",False,,[],{},,hyundai_kia_generic.dbc,b6c4a670ceaaacd5ff6326c9f2148df57138200b44513cce6848d951b135be0d
CGW1.CF_Gway_PassingSW,CGW1,CF_Gway_PassingSW,0x541,1345,False,8,51,1,little_endian,False,False,1,0,,0.0,1.0,"[""AFLS"", ""IBOX"", ""LDWS_LKAS"", ""AFLS"", ""IBOX"", ""LDWS_LKAS""]",False,,[],{},,hyundai_kia_generic.dbc,b6c4a670ceaaacd5ff6326c9f2148df57138200b44513cce6848d951b135be0d
CGW1.CF_Gway_HBAControlMode,CGW1,CF_Gway_HBAControlMode,0x541,1345,False,8,52,1,little_endian,False,False,1,0,,0.0,1.0,"[""IBOX"", ""LDWS_LKAS"", ""IBOX"", ""LDWS_LKAS""]",False,,[],{},,hyundai_kia_generic.dbc,b6c4a670ceaaacd5ff6326c9f2148df57138200b44513cce6848d951b135be0d
CGW1.CF_Gway_HLpHighSw,CGW1,CF_Gway_HLpHighSw,0x541,1345,False,8,53,1,little_endian,False,False,1,0,,0.0,1.0,"[""IBOX"", ""LDWS_LKAS"", ""IBOX"", ""LDWS_LKAS""]",False,,[],{},,hyundai_kia_generic.dbc,b6c4a670ceaaacd5ff6326c9f2148df57138200b44513cce6848d951b135be0d
CGW1.CF_Gway_InhibitRMT,CGW1,CF_Gway_InhibitRMT,0x541,1345,False,8,54,2,little_endian,False,False,1,0,,0.0,3.0,"[""EMS"", ""EPB"", ""ESC"", ""IBOX"", ""LCA"", ""LDWS_LKAS"", ""MDPS"", ""PGS"", ""SCC"", ""SPAS"", ""TPMS"", ""EPB"", ""ESC"", ""IBOX"", ""LCA"", ""LDWS_LKAS"", ""PGS"", ""SCC"", ""SPAS"", ""TPMS""]",False,,[],{},,hyundai_kia_generic.dbc,b6c4a670ceaaacd5ff6326c9f2148df57138200b44513cce6848d951b135be0d
CGW1.CF_Gway_RainSnsOption,CGW1,CF_Gway_RainSnsOption,0x541,1345,False,8,56,1,little_endian,False,False,1,0,,0.0,1.0,"[""CLU""]",False,,[],{},,hyundai_kia_generic.dbc,b6c4a670ceaaacd5ff6326c9f2148df57138200b44513cce6848d951b135be0d
CGW1.C_SunRoofOpenState,CGW1,C_SunRoofOpenState,0x541,1345,False,8,57,1,little_endian,False,False,1,0,,0.0,1.0,"[""CLU"", ""DATC"", ""IBOX"", ""DATC"", ""IBOX""]",False,,[],{},,hyundai_kia_generic.dbc,b6c4a670ceaaacd5ff6326c9f2148df57138200b44513cce6848d951b135be0d
CGW1.CF_Gway_Ign1,CGW1,CF_Gway_Ign1,0x541,1345,False,8,58,1,little_endian,False,False,1,0,,0.0,1.0,"[""CLU""]",False,,[],{},,hyundai_kia_generic.dbc,b6c4a670ceaaacd5ff6326c9f2148df57138200b44513cce6848d951b135be0d
CGW1.CF_Gway_Ign2,CGW1,CF_Gway_Ign2,0x541,1345,False,8,59,1,little_endian,False,False,1,0,,0.0,1.0,"[""CLU""]",False,,[],{},,hyundai_kia_generic.dbc,b6c4a670ceaaacd5ff6326c9f2148df57138200b44513cce6848d951b135be0d
CGW1.CF_Gway_ParkBrakeSw,CGW1,CF_Gway_ParkBrakeSw,0x541,1345,False,8,60,2,little_endian,False,False,1,0,,0.0,3.0,"[""CLU"", ""ESC"", ""IBOX"", ""SCC"", ""ESC"", ""IBOX"", ""SCC""]",False,,[],{},,hyundai_kia_generic.dbc,b6c4a670ceaaacd5ff6326c9f2148df57138200b44513cce6848d951b135be0d
CGW1.CF_Gway_TurnSigRh,CGW1,CF_Gway_TurnSigRh,0x541,1345,False,8,62,2,little_endian,False,False,1,0,,0.0,3.0,"[""CLU"", ""EMS"", ""IBOX"", ""LCA"", ""LDWS_LKAS"", ""SCC"", ""EMS"", ""IBOX"", ""LCA"", ""LDWS_LKAS"", ""SCC""]",False,,[],{},,hyundai_kia_generic.dbc,b6c4a670ceaaacd5ff6326c9f2148df57138200b44513cce6848d951b135be0d
DATC14.CF_Datc_AqsLevelOut,DATC14,CF_Datc_AqsLevelOut,0x040,64,False,8,0,4,little_endian,False,False,1,0,,0.0,3.0,"[""CLU""]",False,,[],{},,hyundai_kia_generic.dbc,b6c4a670ceaaacd5ff6326c9f2148df57138200b44513cce6848d951b135be0d
DATC14.CF_Datc_DiagMode,DATC14,CF_Datc_DiagMode,0x040,64,False,8,6,2,little_endian,False,False,1,0,,0.0,3.0,"[""CLU""]",False,,[],{},,hyundai_kia_generic.dbc,b6c4a670ceaaacd5ff6326c9f2148df57138200b44513cce6848d951b135be0d
DATC14.CR_Datc_SelfDiagCode,DATC14,CR_Datc_SelfDiagCode,0x040,64,False,8,8,8,little_endian,False,False,1,-1,,0.0,254.0,"[""CLU""]",False,,[],{},,hyundai_kia_generic.dbc,b6c4a670ceaaacd5ff6326c9f2148df57138200b44513cce6848d951b135be0d
DATC14.DATC_SyncDisp,DATC14,DATC_SyncDisp,0x040,64,False,8,16,4,little_endian,False,False,1,0,,0.0,3.0,"[""CLU""]",False,,[],{},,hyundai_kia_generic.dbc,b6c4a670ceaaacd5ff6326c9f2148df57138200b44513cce6848d951b135be0d
DATC14.DATC_OffDisp,DATC14,DATC_OffDisp,0x040,64,False,8,20,2,little_endian,False,False,1,0,,0.0,3.0,"[""CLU""]",False,,[],{},,hyundai_kia_generic.dbc,b6c4a670ceaaacd5ff6326c9f2148df57138200b44513cce6848d951b135be0d
DATC14.DATC_SmartVentDisp,DATC14,DATC_SmartVentDisp,0x040,64,False,8,22,2,little_endian,False,False,1,0,,0.0,3.0,"[""CLU""]",False,,[],{},,hyundai_kia_generic.dbc,b6c4a670ceaaacd5ff6326c9f2148df57138200b44513cce6848d951b135be0d
DATC14.DATC_SmartVentOnOffStatus,DATC14,DATC_SmartVentOnOffStatus,0x040,64,False,8,24,2,little_endian,False,False,1,0,,0.0,3.0,"[""CLU""]",False,,[],{},,hyundai_kia_generic.dbc,b6c4a670ceaaacd5ff6326c9f2148df57138200b44513cce6848d951b135be0d
DATC14.DATC_AutoDefogSysOff_Disp,DATC14,DATC_AutoDefogSysOff_Disp,0x040,64,False,8,26,2,little_endian,False,False,1,0,,0.0,3.0,"[""CLU""]",False,,[],{},,hyundai_kia_generic.dbc,b6c4a670ceaaacd5ff6326c9f2148df57138200b44513cce6848d951b135be0d
DATC14.DATC_ADSDisp,DATC14,DATC_ADSDisp,0x040,64,False,8,28,2,little_endian,False,False,1,0,,0.0,3.0,"[""CLU""]",False,,[],{},,hyundai_kia_generic.dbc,b6c4a670ceaaacd5ff6326c9f2148df57138200b44513cce6848d951b135be0d
LKAS11.CF_Lkas_LdwsActivemode,LKAS11,CF_Lkas_LdwsActivemode,0x340,832,False,8,0,2,little_endian,False,False,1,0,,0,3,"[""CLU"", ""IBOX"", ""PSB""]",False,,[],{},,hyundai_kia_generic.dbc,b6c4a670ceaaacd5ff6326c9f2148df57138200b44513cce6848d951b135be0d
LKAS11.CF_Lkas_LdwsSysState,LKAS11,CF_Lkas_LdwsSysState,0x340,832,False,8,2,4,little_endian,False,False,1,0,,0.0,15.0,"[""CLU"", ""IBOX"", ""PSB""]",False,,[],{},,hyundai_kia_generic.dbc,b6c4a670ceaaacd5ff6326c9f2148df57138200b44513cce6848d951b135be0d
LKAS11.CF_Lkas_SysWarning,LKAS11,CF_Lkas_SysWarning,0x340,832,False,8,6,4,little_endian,False,False,1,0,,0.0,15.0,"[""BCM"", ""CLU""]",False,,[],{},,hyundai_kia_generic.dbc,b6c4a670ceaaacd5ff6326c9f2148df57138200b44513cce6848d951b135be0d
LKAS11.CF_Lkas_LdwsLHWarning,LKAS11,CF_Lkas_LdwsLHWarning,0x340,832,False,8,10,2,little_endian,False,False,1,0,,0.0,3.0,"[""BCM"", ""CLU"", ""PSB""]",False,,[],{},,hyundai_kia_generic.dbc,b6c4a670ceaaacd5ff6326c9f2148df57138200b44513cce6848d951b135be0d
LKAS11.CF_Lkas_LdwsRHWarning,LKAS11,CF_Lkas_LdwsRHWarning,0x340,832,False,8,12,2,little_endian,False,False,1,0,,0.0,3.0,"[""BCM"", ""CLU"", ""PSB""]",False,,[],{},,hyundai_kia_generic.dbc,b6c4a670ceaaacd5ff6326c9f2148df57138200b44513cce6848d951b135be0d
LKAS11.CF_Lkas_HbaLamp,LKAS11,CF_Lkas_HbaLamp,0x340,832,False,8,14,1,little_endian,False,False,1,0,,0.0,1.0,"[""CLU""]",False,,[],{},,hyundai_kia_generic.dbc,b6c4a670ceaaacd5ff6326c9f2148df57138200b44513cce6848d951b135be0d
LKAS11.CF_Lkas_FcwBasReq,LKAS11,CF_Lkas_FcwBasReq,0x340,832,False,8,15,1,little_endian,False,False,1,0,,0.0,1.0,"[""ABS"", ""ESC""]",False,,[],{},,hyundai_kia_generic.dbc,b6c4a670ceaaacd5ff6326c9f2148df57138200b44513cce6848d951b135be0d
LKAS11.CR_Lkas_StrToqReq,LKAS11,CR_Lkas_StrToqReq,0x340,832,False,8,16,11,little_endian,False,False,1,-1024,,-1024.0,1024.0,"[""MDPS""]",False,,[],{},,hyundai_kia_generic.dbc,b6c4a670ceaaacd5ff6326c9f2148df57138200b44513cce6848d951b135be0d
LKAS11.CF_Lkas_ActToi,LKAS11,CF_Lkas_ActToi,0x340,832,False,8,27,1,little_endian,False,False,1,0,,0.0,1.0,"[""MDPS""]",False,,[],{},,hyundai_kia_generic.dbc,b6c4a670ceaaacd5ff6326c9f2148df57138200b44513cce6848d951b135be0d
LKAS11.CF_Lkas_ToiFlt,LKAS11,CF_Lkas_ToiFlt,0x340,832,False,8,28,1,little_endian,False,False,1,0,,0.0,1.0,"[""MDPS""]",False,,[],{},,hyundai_kia_generic.dbc,b6c4a670ceaaacd5ff6326c9f2148df57138200b44513cce6848d951b135be0d
LKAS11.CF_Lkas_HbaSysState,LKAS11,CF_Lkas_HbaSysState,0x340,832,False,8,29,3,little_endian,False,False,1,0,,0.0,7.0,"[""BCM"", ""CLU""]",False,,[],{},,hyundai_kia_generic.dbc,b6c4a670ceaaacd5ff6326c9f2148df57138200b44513cce6848d951b135be0d
LKAS11.CF_Lkas_FcwOpt,LKAS11,CF_Lkas_FcwOpt,0x340,832,False,8,32,2,little_endian,False,False,1,0,,0.0,3.0,"[""CLU""]",False,,[],{},,hyundai_kia_generic.dbc,b6c4a670ceaaacd5ff6326c9f2148df57138200b44513cce6848d951b135be0d
LKAS11.CF_Lkas_HbaOpt,LKAS11,CF_Lkas_HbaOpt,0x340,832,False,8,34,2,little_endian,False,False,1,0,,0.0,1.0,"[""BCM"", ""CGW""]",False,,[],{},,hyundai_kia_generic.dbc,b6c4a670ceaaacd5ff6326c9f2148df57138200b44513cce6848d951b135be0d
LKAS11.CF_Lkas_MsgCount,LKAS11,CF_Lkas_MsgCount,0x340,832,False,8,36,4,little_endian,False,False,1,0,,0.0,15.0,"[""CLU"", ""MDPS""]",False,,[],{},,hyundai_kia_generic.dbc,b6c4a670ceaaacd5ff6326c9f2148df57138200b44513cce6848d951b135be0d
LKAS11.CF_Lkas_FcwSysState,LKAS11,CF_Lkas_FcwSysState,0x340,832,False,8,40,3,little_endian,False,False,1,0,,0.0,7.0,"[""CLU""]",False,,[],{},,hyundai_kia_generic.dbc,b6c4a670ceaaacd5ff6326c9f2148df57138200b44513cce6848d951b135be0d
LKAS11.CF_Lkas_FcwCollisionWarning,LKAS11,CF_Lkas_FcwCollisionWarning,0x340,832,False,8,43,2,little_endian,False,False,1,0,,0.0,3.0,"[""CLU""]",False,,[],{},,hyundai_kia_generic.dbc,b6c4a670ceaaacd5ff6326c9f2148df57138200b44513cce6848d951b135be0d
LKAS11.CF_Lkas_FusionState,LKAS11,CF_Lkas_FusionState,0x340,832,False,8,45,2,little_endian,False,False,1,0,,0.0,3.0,"[""SCC""]",False,,[],{},,hyundai_kia_generic.dbc,b6c4a670ceaaacd5ff6326c9f2148df57138200b44513cce6848d951b135be0d
LKAS11.CF_Lkas_Unknown1,LKAS11,CF_Lkas_Unknown1,0x340,832,False,8,47,1,little_endian,False,False,1,0,,0.0,1.0,"[""XXX""]",False,,[],{},,hyundai_kia_generic.dbc,b6c4a670ceaaacd5ff6326c9f2148df57138200b44513cce6848d951b135be0d
LKAS11.CF_Lkas_Chksum,LKAS11,CF_Lkas_Chksum,0x340,832,False,8,48,8,little_endian,False,False,1,0,,0.0,255.0,"[""MDPS""]",False,,[],{},,hyundai_kia_generic.dbc,b6c4a670ceaaacd5ff6326c9f2148df57138200b44513cce6848d951b135be0d
LKAS11.CF_Lkas_FcwOpt_USM,LKAS11,CF_Lkas_FcwOpt_USM,0x340,832,False,8,56,3,little_endian,False,False,1,0,,0.0,7.0,"[""CLU""]",False,,[],{},,hyundai_kia_generic.dbc,b6c4a670ceaaacd5ff6326c9f2148df57138200b44513cce6848d951b135be0d
LKAS11.CF_Lkas_LdwsOpt_USM,LKAS11,CF_Lkas_LdwsOpt_USM,0x340,832,False,8,59,3,little_endian,False,False,1,0,,0.0,7.0,"[""CLU"", ""MDPS""]",False,,[],{},,hyundai_kia_generic.dbc,b6c4a670ceaaacd5ff6326c9f2148df57138200b44513cce6848d951b135be0d
LKAS11.CF_Lkas_Unknown2,LKAS11,CF_Lkas_Unknown2,0x340,832,False,8,62,2,little_endian,False,False,1,0,,0.0,1.0,"[""XXX""]",False,,[],{},,hyundai_kia_generic.dbc,b6c4a670ceaaacd5ff6326c9f2148df57138200b44513cce6848d951b135be0d
LKAS12.CF_Lkas_TsrSlifOpt,LKAS12,CF_Lkas_TsrSlifOpt,0x53E,1342,False,6,10,2,little_endian,False,False,1,0,,0.0,3.0,"[""CLU""]",False,,[],{},,hyundai_kia_generic.dbc,b6c4a670ceaaacd5ff6326c9f2148df57138200b44513cce6848d951b135be0d
LKAS12.CF_LkasTsrStatus,LKAS12,CF_LkasTsrStatus,0x53E,1342,False,6,12,2,little_endian,False,False,1,0,,0.0,3.0,"[""CLU""]",False,,[],{},,hyundai_kia_generic.dbc,b6c4a670ceaaacd5ff6326c9f2148df57138200b44513cce6848d951b135be0d
LKAS12.CF_Lkas_TsrSpeed_Display_Clu,LKAS12,CF_Lkas_TsrSpeed_Display_Clu,0x53E,1342,False,6,16,8,little_endian,False,False,1,0,,0.0,255.0,"[""CLU""]",False,,[],{},,hyundai_kia_generic.dbc,b6c4a670ceaaacd5ff6326c9f2148df57138200b44513cce6848d951b135be0d
LKAS12.CF_LkasTsrSpeed_Display_Navi,LKAS12,CF_LkasTsrSpeed_Display_Navi,0x53E,1342,False,6,24,8,little_endian,False,False,1,0,,0.0,255.0,"[""BCM"", ""CLU""]",False,,[],{},,hyundai_kia_generic.dbc,b6c4a670ceaaacd5ff6326c9f2148df57138200b44513cce6848d951b135be0d
LKAS12.CF_Lkas_TsrAddinfo_Display,LKAS12,CF_Lkas_TsrAddinfo_Display,0x53E,1342,False,6,32,2,little_endian,False,False,1,0,,0.0,3.0,"[""CLU""]",False,,[],{},,hyundai_kia_generic.dbc,b6c4a670ceaaacd5ff6326c9f2148df57138200b44513cce6848d951b135be0d
LKAS12.CF_Lkas_Daw_USM,LKAS12,CF_Lkas_Daw_USM,0x53E,1342,False,6,37,3,little_endian,False,False,1,0,,0,7,"[""CLU""]",False,,[],{},,hyundai_kia_generic.dbc,b6c4a670ceaaacd5ff6326c9f2148df57138200b44513cce6848d951b135be0d
LKAS12.CF_LkasDawStatus,LKAS12,CF_LkasDawStatus,0x53E,1342,False,6,40,3,little_endian,False,False,1,0,,0,7,"[""CLU""]",False,,[],{},,hyundai_kia_generic.dbc,b6c4a670ceaaacd5ff6326c9f2148df57138200b44513cce6848d951b135be0d
TMU_GW_E_01.CF_Gway_TeleReqDrLock,TMU_GW_E_01,CF_Gway_TeleReqDrLock,0x53A,1338,False,8,0,2,little_endian,False,False,1,0,,0.0,3.0,"[""BCM""]",False,,[],{},,hyundai_kia_generic.dbc,b6c4a670ceaaacd5ff6326c9f2148df57138200b44513cce6848d951b135be0d
TMU_GW_E_01.CF_Gway_TeleReqDrUnlock,TMU_GW_E_01,CF_Gway_TeleReqDrUnlock,0x53A,1338,False,8,2,2,little_endian,False,False,1,0,,0.0,3.0,"[""BCM""]",False,,[],{},,hyundai_kia_generic.dbc,b6c4a670ceaaacd5ff6326c9f2148df57138200b44513cce6848d951b135be0d
TMU_GW_E_01.CF_Gway_TeleReqHazard,TMU_GW_E_01,CF_Gway_TeleReqHazard,0x53A,1338,False,8,4,2,little_endian,False,False,1,0,,0.0,3.0,"[""BCM""]",False,,[],{},,hyundai_kia_generic.dbc,b6c4a670ceaaacd5ff6326c9f2148df57138200b44513cce6848d951b135be0d
TMU_GW_E_01.CF_Gway_TeleReqHorn,TMU_GW_E_01,CF_Gway_TeleReqHorn,0x53A,1338,False,8,6,2,little_endian,False,False,1,0,,0.0,3.0,"[""BCM""]",False,,[],{},,hyundai_kia_generic.dbc,b6c4a670ceaaacd5ff6326c9f2148df57138200b44513cce6848d951b135be0d
TMU_GW_E_01.CF_Gway_TeleReqEngineOperate,TMU_GW_E_01,CF_Gway_TeleReqEngineOperate,0x53A,1338,False,8,8,2,little_endian,False,False,1,0,,0.0,3.0,"[""BCM""]",False,,[],{},,hyundai_kia_generic.dbc,b6c4a670ceaaacd5ff6326c9f2148df57138200b44513cce6848d951b135be0d
PAS11.CF_Gway_PASDisplayFLH,PAS11,CF_Gway_PASDisplayFLH,0x436,1078,False,4,0,3,little_endian,False,False,1,0,,0.0,7.0,"[""AVM"", ""CLU"", ""AVM""]",False,,[],{},,hyundai_kia_generic.dbc,b6c4a670ceaaacd5ff6326c9f2148df57138200b44513cce6848d951b135be0d
PAS11.CF_Gway_PASDisplayFRH,PAS11,CF_Gway_PASDisplayFRH,0x436,1078,False,4,3,3,little_endian,False,False,1,0,,0.0,7.0,"[""AVM"", ""CLU"", ""AVM""]",False,,[],{},,hyundai_kia_generic.dbc,b6c4a670ceaaacd5ff6326c9f2148df57138200b44513cce6848d951b135be0d
PAS11.CF_Gway_PASRsound,PAS11,CF_Gway_PASRsound,0x436,1078,False,4,6,2,little_endian,False,False,1,0,,0.0,3.0,"[""CLU"", ""Dummy""]",False,,[],{},,hyundai_kia_generic.dbc,b6c4a670ceaaacd5ff6326c9f2148df57138200b44513cce6848d951b135be0d
PAS11.CF_Gway_PASDisplayFCTR,PAS11,CF_Gway_PASDisplayFCTR,0x436,1078,False,4,8,3,little_endian,False,False,1,0,,0.0,7.0,"[""AVM"", ""CLU"", ""AVM""]",False,,[],{},,hyundai_kia_generic.dbc,b6c4a670ceaaacd5ff6326c9f2148df57138200b44513cce6848d951b135be0d
PAS11.CF_Gway_PASDisplayRCTR,PAS11,CF_Gway_PASDisplayRCTR,0x436,1078,False,4,11,3,little_endian,False,False,1,0,,0.0,7.0,"[""AVM"", ""CLU"", ""PGS"", ""AVM""]",False,,[],{},,hyundai_kia_generic.dbc,b6c4a670ceaaacd5ff6326c9f2148df57138200b44513cce6848d951b135be0d
PAS11.CF_Gway_PASFsound,PAS11,CF_Gway_PASFsound,0x436,1078,False,4,14,2,little_endian,False,False,1,0,,0.0,3.0,"[""CLU"", ""Dummy""]",False,,[],{},,hyundai_kia_generic.dbc,b6c4a670ceaaacd5ff6326c9f2148df57138200b44513cce6848d951b135be0d
PAS11.CF_Gway_PASDisplayRLH,PAS11,CF_Gway_PASDisplayRLH,0x436,1078,False,4,16,3,little_endian,False,False,1,0,,0.0,7.0,"[""AVM"", ""CLU"", ""PGS"", ""AVM""]",False,,[],{},,hyundai_kia_generic.dbc,b6c4a670ceaaacd5ff6326c9f2148df57138200b44513cce6848d951b135be0d
PAS11.CF_Gway_PASDisplayRRH,PAS11,CF_Gway_PASDisplayRRH,0x436,1078,False,4,19,3,little_endian,False,False,1,0,,0.0,7.0,"[""AVM"", ""CLU"", ""PGS"", ""AVM""]",False,,[],{},,hyundai_kia_generic.dbc,b6c4a670ceaaacd5ff6326c9f2148df57138200b44513cce6848d951b135be0d
PAS11.CF_Gway_PASCheckSound,PAS11,CF_Gway_PASCheckSound,0x436,1078,False,4,22,2,little_endian,False,False,1,0,,0.0,3.0,"[""CLU"", ""Dummy""]",False,,[],{},,hyundai_kia_generic.dbc,b6c4a670ceaaacd5ff6326c9f2148df57138200b44513cce6848d951b135be0d
PAS11.CF_Gway_PASSystemOn,PAS11,CF_Gway_PASSystemOn,0x436,1078,False,4,24,2,little_endian,False,False,1,0,,0.0,3.0,"[""CLU"", ""Dummy""]",False,,[],{},,hyundai_kia_generic.dbc,b6c4a670ceaaacd5ff6326c9f2148df57138200b44513cce6848d951b135be0d
PAS11.CF_Gway_PASOption,PAS11,CF_Gway_PASOption,0x436,1078,False,4,26,2,little_endian,False,False,1,0,,0.0,3.0,"[""CLU""]",False,,[],{},,hyundai_kia_generic.dbc,b6c4a670ceaaacd5ff6326c9f2148df57138200b44513cce6848d951b135be0d
PAS11.CF_Gway_PASDistance,PAS11,CF_Gway_PASDistance,0x436,1078,False,4,28,1,little_endian,False,False,1,0,,0.0,1.0,"[""CLU""]",False,,[],{},,hyundai_kia_generic.dbc,b6c4a670ceaaacd5ff6326c9f2148df57138200b44513cce6848d951b135be0d
EMS18.CF_Ems_DC1NumPerMSV,EMS18,CF_Ems_DC1NumPerMSV,0x030,48,False,6,0,8,little_endian,False,False,1,0,,0.0,255.0,"[""DI_BOX""]",False,,[],{},,hyundai_kia_generic.dbc,b6c4a670ceaaacd5ff6326c9f2148df57138200b44513cce6848d951b135be0d
EMS18.CF_Ems_DC2NumPerMSV,EMS18,CF_Ems_DC2NumPerMSV,0x030,48,False,6,8,16,little_endian,False,False,1,0,,0.0,65535.0,"[""DI_BOX""]",False,,[],{},,hyundai_kia_generic.dbc,b6c4a670ceaaacd5ff6326c9f2148df57138200b44513cce6848d951b135be0d
EMS18.CR_Ems_DutyCyc1MSV,EMS18,CR_Ems_DutyCyc1MSV,0x030,48,False,6,24,8,little_endian,False,False,0.1953,0.0,%,0.0,49.8,"[""DI_BOX""]",False,,[],{},,hyundai_kia_generic.dbc,b6c4a670ceaaacd5ff6326c9f2148df57138200b44513cce6848d951b135be0d
EMS18.CR_Ems_DutyCyc2MSV,EMS18,CR_Ems_DutyCyc2MSV,0x030,48,False,6,32,8,little_endian,False,False,0.13725,0.0,%,0.0,35.0,"[""DI_BOX""]",False,,[],{},,hyundai_kia_generic.dbc,b6c4a670ceaaacd5ff6326c9f2148df57138200b44513cce6848d951b135be0d
EMS18.CR_Ems_DutyCyc3MSV,EMS18,CR_Ems_DutyCyc3MSV,0x030,48,False,6,40,8,little_endian,False,False,0.392,0.0,%,0.0,100.0,"[""DI_BOX""]",False,,[],{},,hyundai_kia_generic.dbc,b6c4a670ceaaacd5ff6326c9f2148df57138200b44513cce6848d951b135be0d
CLU15.CF_Clu_VehicleSpeed,CLU15,CF_Clu_VehicleSpeed,0x52A,1322,False,8,0,8,little_endian,False,False,1,0,,0.0,255.0,"[""BCM""]",False,,[],{},,hyundai_kia_generic.dbc,b6c4a670ceaaacd5ff6326c9f2148df57138200b44513cce6848d951b135be0d
CLU15.CF_Clu_Gear,CLU15,CF_Clu_Gear,0x52A,1322,False,8,9,4,little_endian,False,False,1,0,,0,15,"[""BCM""]",False,,[],"{""1"": ""P"", ""2"": ""R"", ""4"": ""N"", ""8"": ""D""}",,hyundai_kia_generic.dbc,b6c4a670ceaaacd5ff6326c9f2148df57138200b44513cce6848d951b135be0d
CLU15.CF_Clu_HudInfoSet,CLU15,CF_Clu_HudInfoSet,0x52A,1322,False,8,13,7,little_endian,False,False,1,0,,0.0,127.0,"[""HUD""]",False,,[],{},,hyundai_kia_generic.dbc,b6c4a670ceaaacd5ff6326c9f2148df57138200b44513cce6848d951b135be0d
CLU15.CF_Clu_HudFontColorSet,CLU15,CF_Clu_HudFontColorSet,0x52A,1322,False,8,20,2,little_endian,False,False,1,0,,0.0,3.0,"[""HUD""]",False,,[],{},,hyundai_kia_generic.dbc,b6c4a670ceaaacd5ff6326c9f2148df57138200b44513cce6848d951b135be0d
CLU15.CF_Clu_HudBrightUpSW,CLU15,CF_Clu_HudBrightUpSW,0x52A,1322,False,8,22,2,little_endian,False,False,1,0,,0.0,3.0,"[""HUD""]",False,,[],{},,hyundai_kia_generic.dbc,b6c4a670ceaaacd5ff6326c9f2148df57138200b44513cce6848d951b135be0d
CLU15.CF_Clu_HudBrightDnSW,CLU15,CF_Clu_HudBrightDnSW,0x52A,1322,False,8,24,2,little_endian,False,False,1,0,,0.0,3.0,"[""HUD""]",False,,[],{},,hyundai_kia_generic.dbc,b6c4a670ceaaacd5ff6326c9f2148df57138200b44513cce6848d951b135be0d
CLU15.CF_Clu_HudHeightUpSW,CLU15,CF_Clu_HudHeightUpSW,0x52A,1322,False,8,26,2,little_endian,False,False,1,0,,0.0,3.0,"[""HUD""]",False,,[],{},,hyundai_kia_generic.dbc,b6c4a670ceaaacd5ff6326c9f2148df57138200b44513cce6848d951b135be0d
CLU15.CF_Clu_HudHeightDnSW,CLU15,CF_Clu_HudHeightDnSW,0x52A,1322,False,8,28,2,little_endian,False,False,1,0,,0.0,3.0,"[""HUD""]",False,,[],{},,hyundai_kia_generic.dbc,b6c4a670ceaaacd5ff6326c9f2148df57138200b44513cce6848d951b135be0d
CLU15.CF_Clu_HudSet,CLU15,CF_Clu_HudSet,0x52A,1322,False,8,30,1,little_endian,False,False,1,0,,0.0,1.0,"[""HUD""]",False,,[],{},,hyundai_kia_generic.dbc,b6c4a670ceaaacd5ff6326c9f2148df57138200b44513cce6848d951b135be0d
CLU15.CF_Clu_HudFontSizeSet,CLU15,CF_Clu_HudFontSizeSet,0x52A,1322,False,8,31,2,little_endian,False,False,1,0,,0.0,3.0,"[""HUD""]",False,,[],{},,hyundai_kia_generic.dbc,b6c4a670ceaaacd5ff6326c9f2148df57138200b44513cce6848d951b135be0d
CLU15.CF_Clu_LanguageInfo,CLU15,CF_Clu_LanguageInfo,0x52A,1322,False,8,33,5,little_endian,False,False,1,0,,0.0,31.0,"[""BCM"", ""PGS""]",False,,[],{},,hyundai_kia_generic.dbc,b6c4a670ceaaacd5ff6326c9f2148df57138200b44513cce6848d951b135be0d
CLU15.CF_Clu_ClusterSound,CLU15,CF_Clu_ClusterSound,0x52A,1322,False,8,38,1,little_endian,True,False,1,0,,0.0,0.0,"[""BCM"", ""CGW"", ""FATC""]",False,,[],{},,hyundai_kia_generic.dbc,b6c4a670ceaaacd5ff6326c9f2148df57138200b44513cce6848d951b135be0d
CLU15.CF_Clu_VehicleSpeed2,CLU15,CF_Clu_VehicleSpeed2,0x52A,1322,False,8,48,8,little_endian,False,False,1,0,,0,255,"[""XXX""]",False,,[],{},,hyundai_kia_generic.dbc,b6c4a670ceaaacd5ff6326c9f2148df57138200b44513cce6848d951b135be0d
_4WD13._4WD_CURRENT,_4WD13,_4WD_CURRENT,0x42A,1066,False,6,0,8,little_endian,False,False,0.390625,0.0,A,-50.0,50.0,"[""TCU""]",False,,[],{},,hyundai_kia_generic.dbc,b6c4a670ceaaacd5ff6326c9f2148df57138200b44513cce6848d951b135be0d
_4WD13._4WD_POSITION,_4WD13,_4WD_POSITION,0x42A,1066,False,6,8,16,little_endian,False,False,0.015625,0.0,Deg,-180.0,180.0,"[""TCU""]",False,,[],{},,hyundai_kia_generic.dbc,b6c4a670ceaaacd5ff6326c9f2148df57138200b44513cce6848d951b135be0d
_4WD13._4WD_CLU_THERM_STR,_4WD13,_4WD_CLU_THERM_STR,0x42A,1066,False,6,24,8,little_endian,False,False,1,0,%,0.0,100.0,"[""TCU""]",False,,[],{},,hyundai_kia_generic.dbc,b6c4a670ceaaacd5ff6326c9f2148df57138200b44513cce6848d951b135be0d
_4WD13._4WD_STATUS,_4WD13,_4WD_STATUS,0x42A,1066,False,6,32,8,little_endian,False,False,1,0,,0.0,15.0,"[""ESC"", ""TCU""]",False,,[],{},,hyundai_kia_generic.dbc,b6c4a670ceaaacd5ff6326c9f2148df57138200b44513cce6848d951b135be0d
_4WD12.Ster_Pos,_4WD12,Ster_Pos,0x429,1065,False,8,0,16,little_endian,False,False,1,-600,Deg,-600.0,600.0,"[""ESC""]",False,,[],{},,hyundai_kia_generic.dbc,b6c4a670ceaaacd5ff6326c9f2148df57138200b44513cce6848d951b135be0d
_4WD12.FRSS,_4WD12,FRSS,0x429,1065,False,8,16,8,little_endian,False,False,1,0,km/h,0.0,254.0,"[""ESC""]",False,,[],{},,hyundai_kia_generic.dbc,b6c4a670ceaaacd5ff6326c9f2148df57138200b44513cce6848d951b135be0d
_4WD12.FLSS,_4WD12,FLSS,0x429,1065,False,8,24,8,little_endian,False,False,1,0,km/h,0.0,254.0,"[""ESC""]",False,,[],{},,hyundai_kia_generic.dbc,b6c4a670ceaaacd5ff6326c9f2148df57138200b44513cce6848d951b135be0d
_4WD12.RRSS,_4WD12,RRSS,0x429,1065,False,8,32,8,little_endian,False,False,1,0,km/h,0.0,254.0,"[""ESC""]",False,,[],{},,hyundai_kia_generic.dbc,b6c4a670ceaaacd5ff6326c9f2148df57138200b44513cce6848d951b135be0d
_4WD12.RLSS,_4WD12,RLSS,0x429,1065,False,8,40,8,little_endian,False,False,1,0,km/h,0.0,254.0,"[""ESC""]",False,,[],{},,hyundai_kia_generic.dbc,b6c4a670ceaaacd5ff6326c9f2148df57138200b44513cce6848d951b135be0d
_4WD12.CLU_PRES,_4WD12,CLU_PRES,0x429,1065,False,8,48,16,little_endian,False,False,0.0625,-50.0,Bar,-50.0,50.0,"[""ESC""]",False,,[],{},,hyundai_kia_generic.dbc,b6c4a670ceaaacd5ff6326c9f2148df57138200b44513cce6848d951b135be0d
EMS12.CONF_TCU,EMS12,CONF_TCU,0x329,809,False,8,0,6,little_endian,False,False,1,0,,0.0,63.0,"[""_4WD"", ""ACU"", ""BCM"", ""CLU"", ""DATC"", ""EPB"", ""ESC"", ""IBOX"", ""LCA"", ""SMK""]",False,MUL_CODE,[1],{},,hyundai_kia_generic.dbc,b6c4a670ceaaacd5ff6326c9f2148df57138200b44513cce6848d951b135be0d
EMS12.CAN_VERS,EMS12,CAN_VERS,0x329,809,False,8,0,6,little_endian,False,False,1,0,,0.0,7.7,"[""_4WD"", ""ABS"", ""ESC"", ""IBOX""]",False,MUL_CODE,[0],{},,hyundai_kia_generic.dbc,b6c4a670ceaaacd5ff6326c9f2148df57138200b44513cce6848d951b135be0d
EMS12.TQ_STND,EMS12,TQ_STND,0x329,809,False,8,0,6,little_endian,False,False,10,0,Nm,0.0,630.0,"[""_4WD"", ""DATC"", ""ECS"", ""EPB"", ""ESC"", ""FATC"", ""IBOX""]",False,MUL_CODE,[3],{},,hyundai_kia_generic.dbc,b6c4a670ceaaacd5ff6326c9f2148df57138200b44513cce6848d951b135be0d
EMS12.OBD_FRF_ACK,EMS12,OBD_FRF_ACK,0x329,809,False,8,0,6,little_endian,False,False,1,0,,0.0,63.0,"[""_4WD"", ""ESC"", ""IBOX""]",False,MUL_CODE,[2],{},,hyundai_kia_generic.dbc,b6c4a670ceaaacd5ff6326c9f2148df57138200b44513cce6848d951b135be0d
EMS12.MUL_CODE,EMS12,MUL_CODE,0x329,809,False,8,6,2,little_endian,False,False,1,0,,0.0,3.0,"[""_4WD"", ""ABS"", ""ACU"", ""BCM"", ""CLU"", ""DATC"", ""ECS"", ""EPB"", ""ESC"", ""IBOX"", ""LCA"", ""SMK"", ""TCU""]",True,,[],{},,hyundai_kia_generic.dbc,b6c4a670ceaaacd5ff6326c9f2148df57138200b44513cce6848d951b135be0d
EMS12.TEMP_ENG,EMS12,TEMP_ENG,0x329,809,False,8,8,8,little_endian,False,False,0.75,-48.0,deg,-48.0,143.25,"[""_4WD"", ""BCM"", ""CLU"", ""DATC"", ""EPB"", ""ESC"", ""IBOX"", ""SMK"", ""TCU""]",False,,[],{},,hyundai_kia_generic.dbc,b6c4a670ceaaacd5ff6326c9f2148df57138200b44513cce6848d951b135be0d
EMS12.MAF_FAC_ALTI_MMV,EMS12,MAF_FAC_ALTI_MMV,0x329,809,False,8,16,8,little_endian,False,False,0.00781,0.0,,0.0,1.99155,"[""IBOX"", ""TCU""]",False,,[],{},,hyundai_kia_generic.dbc,b6c4a670ceaaacd5ff6326c9f2148df57138200b44513cce6848d951b135be0d
EMS12.VB_OFF_ACT,EMS12,VB_OFF_ACT,0x329,809,False,8,24,1,little_endian,False,False,1,0,,0.0,1.0,"[""IBOX"", ""TCU""]",False,,[],{},,hyundai_kia_generic.dbc,b6c4a670ceaaacd5ff6326c9f2148df57138200b44513cce6848d951b135be0d
EMS12.ACK_ES,EMS12,ACK_ES,0x329,809,False,8,25,1,little_endian,False,False,1,0,,0.0,1.0,"[""_4WD"", ""ACU"", ""IBOX""]",False,,[],{},,hyundai_kia_generic.dbc,b6c4a670ceaaacd5ff6326c9f2148df57138200b44513cce6848d951b135be0d
EMS12.CONF_MIL_FMY,EMS12,CONF_MIL_FMY,0x329,809,False,8,26,3,little_endian,False,False,1,0,,0.0,7.0,"[""ESC"", ""IBOX"", ""TCU""]",False,,[],{},,hyundai_kia_generic.dbc,b6c4a670ceaaacd5ff6326c9f2148df57138200b44513cce6848d951b135be0d
EMS12.OD_OFF_REQ,EMS12,OD_OFF_REQ,0x329,809,False,8,29,1,little_endian,False,False,1,0,,0.0,1.0,"[""IBOX"", ""TCU""]",False,,[],{},,hyundai_kia_generic.dbc,b6c4a670ceaaacd5ff6326c9f2148df57138200b44513cce6848d951b135be0d
EMS12.ACC_ACT,EMS12,ACC_ACT,0x329,809,False,8,30,1,little_endian,False,False,1,0,,0.0,1.0,"[""_4WD"", ""ABS"", ""CLU"", ""ESC"", ""IAP"", ""IBOX"", ""SCC"", ""TCU""]",False,,[],{},,hyundai_kia_generic.dbc,b6c4a670ceaaacd5ff6326c9f2148df57138200b44513cce6848d951b135be0d
EMS12.CLU_ACK,EMS12,CLU_ACK,0x329,809,False,8,31,1,little_endian,False,False,1,0,,0.0,1.0,"[""_4WD"", ""EPB"", ""ESC"", ""IBOX""]",False,,[],{},,hyundai_kia_generic.dbc,b6c4a670ceaaacd5ff6326c9f2148df57138200b44513cce6848d951b135be0d
EMS12.BRAKE_ACT,EMS12,BRAKE_ACT,0x329,809,False,8,32,2,little_endian,False,False,1,0,,0.0,3.0,"[""_4WD"", ""ABS"", ""ACU"", ""AFLS"", ""CLU"", ""DATC"", ""ECS"", ""EPB"", ""ESC"", ""IBOX"", ""LDWS_LKAS"", ""TCU""]",False,,[],{},,hyundai_kia_generic.dbc,b6c4a670ceaaacd5ff6326c9f2148df57138200b44513cce6848d951b135be0d
EMS12.ENG_CHR,EMS12,ENG_CHR,0x329,809,False,8,34,4,little_endian,False,False,1,0,,0.0,15.0,"[""_4WD"", ""ABS"", ""ACU"", ""CLU"", ""DATC"", ""EPB"", ""ESC"", ""FATC"", ""IBOX"", ""SCC"", ""SMK"", ""TCU""]",False,,[],{},,hyundai_kia_generic.dbc,b6c4a670ceaaacd5ff6326c9f2148df57138200b44513cce6848d951b135be0d
EMS12.GP_CTL,EMS12,GP_CTL,0x329,809,False,8,38,2,little_endian,False,False,1,0,,0.0,3.0,"[""IBOX""]",False,,[],{},,hyundai_kia_generic.dbc,b6c4a670ceaaacd5ff6326c9f2148df57138200b44513cce6848d951b135be0d
EMS12.TPS,EMS12,TPS,0x329,809,False,8,40,8,little_endian,False,False,0.4694836,-15.0234742,%,-15.0234742,104.6948357,"[""_4WD"", ""ABS"", ""ACU"", ""CLU"", ""DATC"", ""ECS"", ""EPB"", ""ESC"", ""IBOX"", ""TCU""]",False,,[],{},,hyundai_kia_generic.dbc,b6c4a670ceaaacd5ff6326c9f2148df57138200b44513cce6848d951b135be0d
EMS12.PV_AV_CAN,EMS12,PV_AV_CAN,0x329,809,False,8,48,8,little_endian,False,False,0.3906,0.0,%,0.0,99.603,"[""_4WD"", ""AAF"", ""ABS"", ""ACU"", ""AFLS"", ""CLU"", ""DATC"", ""EPB"", ""ESC"", ""IAP"", ""IBOX"", ""LDWS_LKAS"", ""SCC"", ""TCU""]",False,,[],{},,hyundai_kia_generic.dbc,b6c4a670ceaaacd5ff6326c9f2148df57138200b44513cce6848d951b135be0d
EMS12.ENG_VOL,EMS12,ENG_VOL,0x329,809,False,8,56,8,little_endian,False,False,0.1,0.0,liter,0.0,25.5,"[""_4WD"", ""ABS"", ""ACU"", ""BCM"", ""CLU"", ""DATC"", ""EPB"", ""ESC"", ""IBOX"", ""LDWS_LKAS"", ""SCC"", ""SMK""]",False,,[],{},,hyundai_kia_generic.dbc,b6c4a670ceaaacd5ff6326c9f2148df57138200b44513cce6848d951b135be0d
_4WD11._4WD_TYPE,_4WD11,_4WD_TYPE,0x428,1064,False,8,0,2,little_endian,False,False,1,0,,0.0,3.0,"[""ACU"", ""ESC"", ""TPMS""]",False,,[],{},,hyundai_kia_generic.dbc,b6c4a670ceaaacd5ff6326c9f2148df57138200b44513cce6848d951b135be0d
_4WD11._4WD_SUPPORT,_4WD11,_4WD_SUPPORT,0x428,1064,False,8,2,2,little_endian,False,False,1,0,,0.0,3.0,"[""ABS"", ""ESC"", ""TPMS""]",False,,[],{},,hyundai_kia_generic.dbc,b6c4a670ceaaacd5ff6326c9f2148df57138200b44513cce6848d951b135be0d
_4WD11._4WD_ERR,_4WD11,_4WD_ERR,0x428,1064,False,8,8,8,little_endian,False,False,1,0,,0.0,255.0,"[""CLU"", ""ESC""]",False,,[],{},,hyundai_kia_generic.dbc,b6c4a670ceaaacd5ff6326c9f2148df57138200b44513cce6848d951b135be0d
_4WD11.CLU_DUTY,_4WD11,CLU_DUTY,0x428,1064,False,8,16,8,little_endian,False,False,1,0,%,0.0,64.0,"[""ABS"", ""ESC""]",False,,[],{},,hyundai_kia_generic.dbc,b6c4a670ceaaacd5ff6326c9f2148df57138200b44513cce6848d951b135be0d
_4WD11.R_TIRE,_4WD11,R_TIRE,0x428,1064,False,8,24,8,little_endian,False,False,1,200,mm,200.0,455.0,"[""ABS"", ""ESC"", ""TPMS""]",False,,[],{},,hyundai_kia_generic.dbc,b6c4a670ceaaacd5ff6326c9f2148df57138200b44513cce6848d951b135be0d
_4WD11._4WD_SW,_4WD11,_4WD_SW,0x428,1064,False,8,32,8,little_endian,False,False,1,0,,0.0,9.9,"[""ESC""]",False,,[],{},,hyundai_kia_generic.dbc,b6c4a670ceaaacd5ff6326c9f2148df57138200b44513cce6848d951b135be0d
_4WD11._2H_ACT,_4WD11,_2H_ACT,0x428,1064,False,8,40,1,little_endian,False,False,1,0,,0.0,1.0,"[""ABS"", ""ESC""]",False,,[],{},,hyundai_kia_generic.dbc,b6c4a670ceaaacd5ff6326c9f2148df57138200b44513cce6848d951b135be0d
_4WD11._4H_ACT,_4WD11,_4H_ACT,0x428,1064,False,8,41,1,little_endian,False,False,1,0,,0.0,1.0,"[""ABS"", ""CLU"", ""ESC"", ""TPMS""]",False,,[],{},,hyundai_kia_generic.dbc,b6c4a670ceaaacd5ff6326c9f2148df57138200b44513cce6848d951b135be0d
_4WD11.LOW_ACT,_4WD11,LOW_ACT,0x428,1064,False,8,42,1,little_endian,False,False,1,0,,0.0,1.0,"[""ABS"", ""ESC"", ""TCU"", ""TPMS""]",False,,[],{},,hyundai_kia_generic.dbc,b6c4a670ceaaacd5ff6326c9f2148df57138200b44513cce6848d951b135be0d
_4WD11.AUTO_ACT,_4WD11,AUTO_ACT,0x428,1064,False,8,43,1,little_endian,False,False,1,0,,0.0,1.0,"[""ABS"", ""ESC"", ""TPMS""]",False,,[],{},,hyundai_kia_generic.dbc,b6c4a670ceaaacd5ff6326c9f2148df57138200b44513cce6848d951b135be0d
_4WD11.LOCK_ACT,_4WD11,LOCK_ACT,0x428,1064,False,8,44,1,little_endian,False,False,1,0,,0.0,1.0,"[""ABS"", ""CLU"", ""ESC"", ""TPMS""]",False,,[],{},,hyundai_kia_generic.dbc,b6c4a670ceaaacd5ff6326c9f2148df57138200b44513cce6848d951b135be0d
_4WD11._4WD_TQC_CUR,_4WD11,_4WD_TQC_CUR,0x428,1064,False,8,48,16,little_endian,False,False,1,0,Nm,0.0,65535.0,"[""ABS"", ""ESC""]",False,,[],{},,hyundai_kia_generic.dbc,b6c4a670ceaaacd5ff6326c9f2148df57138200b44513cce6848d951b135be0d
HU_GW_E_01.C_ADrLNValueSet,HU_GW_E_01,C_ADrLNValueSet,0x527,1319,False,8,0,3,little_endian,False,False,1,0,,0.0,7.0,"[""BCM""]",False,,[],{},,hyundai_kia_generic.dbc,b6c4a670ceaaacd5ff6326c9f2148df57138200b44513cce6848d951b135be0d
HU_GW_E_01.C_ADrUNValueSet,HU_GW_E_01,C_ADrUNValueSet,0x527,1319,False,8,4,3,little_endian,False,False,1,0,,0.0,7.0,"[""BCM""]",False,,[],{},,hyundai_kia_generic.dbc,b6c4a670ceaaacd5ff6326c9f2148df57138200b44513cce6848d951b135be0d
HU_GW_E_01.C_TwUnNValueSet,HU_GW_E_01,C_TwUnNValueSet,0x527,1319,False,8,8,2,little_endian,False,False,1,0,,0.0,3.0,"[""BCM""]",False,,[],{},,hyundai_kia_generic.dbc,b6c4a670ceaaacd5ff6326c9f2148df57138200b44513cce6848d951b135be0d
HU_GW_E_01.C_ABuzzerNValueSet,HU_GW_E_01,C_ABuzzerNValueSet,0x527,1319,False,8,10,2,little_endian,False,False,1,0,,0.0,3.0,"[""BCM""]",False,,[],{},,hyundai_kia_generic.dbc,b6c4a670ceaaacd5ff6326c9f2148df57138200b44513cce6848d951b135be0d
HU_GW_E_01.C_ArmWKeyNValueSet,HU_GW_E_01,C_ArmWKeyNValueSet,0x527,1319,False,8,12,2,little_endian,False,False,1,0,,0.0,3.0,"[""BCM""]",False,,[],{},,hyundai_kia_generic.dbc,b6c4a670ceaaacd5ff6326c9f2148df57138200b44513cce6848d951b135be0d
HU_GW_E_01.C_PSMNValueSet,HU_GW_E_01,C_PSMNValueSet,0x527,1319,False,8,14,2,little_endian,False,False,1,0,,0.0,3.0,"[""BCM""]",False,,[],{},,hyundai_kia_generic.dbc,b6c4a670ceaaacd5ff6326c9f2148df57138200b44513cce6848d951b135be0d
HU_GW_E_01.C_SCMNValueSet,HU_GW_E_01,C_SCMNValueSet,0x527,1319,False,8,16,2,little_endian,False,False,1,0,,0.0,3.0,"[""BCM""]",False,,[],{},,hyundai_kia_generic.dbc,b6c4a670ceaaacd5ff6326c9f2148df57138200b44513cce6848d951b135be0d
HU_GW_E_01.C_HLEscortNValueSet,HU_GW_E_01,C_HLEscortNValueSet,0x527,1319,False,8,18,2,little_endian,False,False,1,0,,0.0,3.0,"[""BCM""]",False,,[],{},,hyundai_kia_generic.dbc,b6c4a670ceaaacd5ff6326c9f2148df57138200b44513cce6848d951b135be0d
HU_GW_E_01.C_WELNValueSet,HU_GW_E_01,C_WELNValueSet,0x527,1319,False,8,20,2,little_endian,False,False,1,0,,0.0,3.0,"[""BCM""]",False,,[],{},,hyundai_kia_generic.dbc,b6c4a670ceaaacd5ff6326c9f2148df57138200b44513cce6848d951b135be0d
HU_GW_E_01.C_TriTurnLNValueSet,HU_GW_E_01,C_TriTurnLNValueSet,0x527,1319,False,8,22,2,little_endian,False,False,1,0,,0.0,3.0,"[""BCM""]",False,,[],{},,hyundai_kia_generic.dbc,b6c4a670ceaaacd5ff6326c9f2148df57138200b44513cce6848d951b135be0d
HU_GW_E_01.C_SNVWarnNValueSet,HU_GW_E_01,C_SNVWarnNValueSet,0x527,1319,False,8,24,2,little_endian,False,False,1,0,,0.0,3.0,"[""BCM""]",False,,[],{},,hyundai_kia_generic.dbc,b6c4a670ceaaacd5ff6326c9f2148df57138200b44513cce6848d951b135be0d
HU_GW_E_01.C_LkasWarnNValueSet,HU_GW_E_01,C_LkasWarnNValueSet,0x527,1319,False,8,26,2,little_endian,False,False,1,0,,0.0,3.0,"[""BCM""]",False,,[],{},,hyundai_kia_generic.dbc,b6c4a670ceaaacd5ff6326c9f2148df57138200b44513cce6848d951b135be0d
HU_GW_E_00.C_ADrLURValueReq,HU_GW_E_00,C_ADrLURValueReq,0x526,1318,False,8,0,2,little_endian,False,False,1,0,,0.0,3.0,"[""BCM""]",False,,[],{},,hyundai_kia_generic.dbc,b6c4a670ceaaacd5ff6326c9f2148df57138200b44513cce6848d951b135be0d
HU_GW_E_00.C_TwUnRValueReq,HU_GW_E_00,C_TwUnRValueReq,0x526,1318,False,8,2,2,little_endian,False,False,1,0,,0.0,3.0,"[""BCM""]",False,,[],{},,hyundai_kia_generic.dbc,b6c4a670ceaaacd5ff6326c9f2148df57138200b44513cce6848d951b135be0d
HU_GW_E_00.C_AlarmRValueReq,HU_GW_E_00,C_AlarmRValueReq,0x526,1318,False,8,4,2,little_endian,False,False,1,0,,0.0,3.0,"[""BCM""]",False,,[],{},,hyundai_kia_generic.dbc,b6c4a670ceaaacd5ff6326c9f2148df57138200b44513cce6848d951b135be0d
HU_GW_E_00.C_IMSRValueReq,HU_GW_E_00,C_IMSRValueReq,0x526,1318,False,8,6,2,little_endian,False,False,1,0,,0.0,3.0,"[""BCM""]",False,,[],{},,hyundai_kia_generic.dbc,b6c4a670ceaaacd5ff6326c9f2148df57138200b44513cce6848d951b135be0d
HU_GW_E_00.C_HLEscortRValueReq,HU_GW_E_00,C_HLEscortRValueReq,0x526,1318,False,8,8,2,little_endian,False,False,1,0,,0.0,3.0,"[""BCM""]",False,,[],{},,hyundai_kia_generic.dbc,b6c4a670ceaaacd5ff6326c9f2148df57138200b44513cce6848d951b135be0d
HU_GW_E_00.C_WELRValueReq,HU_GW_E_00,C_WELRValueReq,0x526,1318,False,8,10,2,little_endian,False,False,1,0,,0.0,3.0,"[""BCM""]",False,,[],{},,hyundai_kia_generic.dbc,b6c4a670ceaaacd5ff6326c9f2148df57138200b44513cce6848d951b135be0d
HU_GW_E_00.C_TriTurnLRValueReq,HU_GW_E_00,C_TriTurnLRValueReq,0x526,1318,False,8,12,2,little_endian,False,False,1,0,,0.0,3.0,"[""BCM""]",False,,[],{},,hyundai_kia_generic.dbc,b6c4a670ceaaacd5ff6326c9f2148df57138200b44513cce6848d951b135be0d
HU_GW_E_00.C_SNVWarnRValueReq,HU_GW_E_00,C_SNVWarnRValueReq,0x526,1318,False,8,14,2,little_endian,False,False,1,0,,0.0,3.0,"[""BCM""]",False,,[],{},,hyundai_kia_generic.dbc,b6c4a670ceaaacd5ff6326c9f2148df57138200b44513cce6848d951b135be0d
HU_GW_E_00.C_LkasWarnRValueReq,HU_GW_E_00,C_LkasWarnRValueReq,0x526,1318,False,8,16,2,little_endian,False,False,1,0,,0.0,3.0,"[""BCM""]",False,,[],{},,hyundai_kia_generic.dbc,b6c4a670ceaaacd5ff6326c9f2148df57138200b44513cce6848d951b135be0d
GW_HU_E_01.C_ADrLRValue,GW_HU_E_01,C_ADrLRValue,0x525,1317,False,8,0,3,little_endian,False,False,1,0,,0.0,7.0,"[""CLU""]",False,,[],{},,hyundai_kia_generic.dbc,b6c4a670ceaaacd5ff6326c9f2148df57138200b44513cce6848d951b135be0d
GW_HU_E_01.C_ADrURValue,GW_HU_E_01,C_ADrURValue,0x525,1317,False,8,4,3,little_endian,False,False,1,0,,0.0,7.0,"[""CLU""]",False,,[],{},,hyundai_kia_generic.dbc,b6c4a670ceaaacd5ff6326c9f2148df57138200b44513cce6848d951b135be0d
GW_HU_E_01.C_TwUnRValue,GW_HU_E_01,C_TwUnRValue,0x525,1317,False,8,8,2,little_endian,False,False,1,0,,0.0,3.0,"[""CLU""]",False,,[],{},,hyundai_kia_generic.dbc,b6c4a670ceaaacd5ff6326c9f2148df57138200b44513cce6848d951b135be0d
GW_HU_E_01.C_ABuzzerRValue,GW_HU_E_01,C_ABuzzerRValue,0x525,1317,False,8,10,2,little_endian,False,False,1,0,,0.0,3.0,"[""CLU""]",False,,[],{},,hyundai_kia_generic.dbc,b6c4a670ceaaacd5ff6326c9f2148df57138200b44513cce6848d951b135be0d
GW_HU_E_01.C_ArmWKeyRValue,GW_HU_E_01,C_ArmWKeyRValue,0x525,1317,False,8,12,2,little_endian,False,False,1,0,,0.0,3.0,"[""CLU""]",False,,[],{},,hyundai_kia_generic.dbc,b6c4a670ceaaacd5ff6326c9f2148df57138200b44513cce6848d951b135be0d
GW_HU_E_01.C_PSMRValue,GW_HU_E_01,C_PSMRValue,0x525,1317,False,8,14,2,little_endian,False,False,1,0,,0.0,3.0,"[""CLU""]",False,,[],{},,hyundai_kia_generic.dbc,b6c4a670ceaaacd5ff6326c9f2148df57138200b44513cce6848d951b135be0d
GW_HU_E_01.C_SCMRValue,GW_HU_E_01,C_SCMRValue,0x525,1317,False,8,16,2,little_endian,False,False,1,0,,0.0,3.0,"[""CLU""]",False,,[],{},,hyundai_kia_generic.dbc,b6c4a670ceaaacd5ff6326c9f2148df57138200b44513cce6848d951b135be0d
GW_HU_E_01.C_HLEscortRValue,GW_HU_E_01,C_HLEscortRValue,0x525,1317,False,8,18,2,little_endian,False,False,1,0,,0.0,3.0,"[""CLU""]",False,,[],{},,hyundai_kia_generic.dbc,b6c4a670ceaaacd5ff6326c9f2148df57138200b44513cce6848d951b135be0d
GW_HU_E_01.C_WELRValue,GW_HU_E_01,C_WELRValue,0x525,1317,False,8,20,2,little_endian,False,False,1,0,,0.0,3.0,"[""CLU""]",False,,[],{},,hyundai_kia_generic.dbc,b6c4a670ceaaacd5ff6326c9f2148df57138200b44513cce6848d951b135be0d
GW_HU_E_01.C_TriTurnLRValue,GW_HU_E_01,C_TriTurnLRValue,0x525,1317,False,8,22,2,little_endian,False,False,1,0,,0.0,3.0,"[""CLU""]",False,,[],{},,hyundai_kia_generic.dbc,b6c4a670ceaaacd5ff6326c9f2148df57138200b44513cce6848d951b135be0d
GW_HU_E_00.C_ADrLUNValueConf,GW_HU_E_00,C_ADrLUNValueConf,0x524,1316,False,8,0,2,little_endian,False,False,1,0,,0.0,3.0,"[""CLU""]",False,,[],{},,hyundai_kia_generic.dbc,b6c4a670ceaaacd5ff6326c9f2148df57138200b44513cce6848d951b135be0d
GW_HU_E_00.C_TwUnNValueConf,GW_HU_E_00,C_TwUnNValueConf,0x524,1316,False,8,2,2,little_endian,False,False,1,0,,0.0,3.0,"[""CLU""]",False,,[],{},,hyundai_kia_generic.dbc,b6c4a670ceaaacd5ff6326c9f2148df57138200b44513cce6848d951b135be0d
GW_HU_E_00.C_AlarmNValueConf,GW_HU_E_00,C_AlarmNValueConf,0x524,1316,False,8,4,2,little_endian,False,False,1,0,,0.0,3.0,"[""CLU""]",False,,[],{},,hyundai_kia_generic.dbc,b6c4a670ceaaacd5ff6326c9f2148df57138200b44513cce6848d951b135be0d
GW_HU_E_00.C_PSMNValueConf,GW_HU_E_00,C_PSMNValueConf,0x524,1316,False,8,6,2,little_endian,False,False,1,0,,0.0,3.0,"[""CLU""]",False,,[],{},,hyundai_kia_generic.dbc,b6c4a670ceaaacd5ff6326c9f2148df57138200b44513cce6848d951b135be0d
GW_HU_E_00.C_SCMNValueConf,GW_HU_E_00,C_SCMNValueConf,0x524,1316,False,8,8,2,little_endian,False,False,1,0,,0.0,3.0,"[""CLU""]",False,,[],{},,hyundai_kia_generic.dbc,b6c4a670ceaaacd5ff6326c9f2148df57138200b44513cce6848d951b135be0d
GW_HU_E_00.C_HLEscortNValueConf,GW_HU_E_00,C_HLEscortNValueConf,0x524,1316,False,8,10,2,little_endian,False,False,1,0,,0.0,3.0,"[""CLU""]",False,,[],{},,hyundai_kia_generic.dbc,b6c4a670ceaaacd5ff6326c9f2148df57138200b44513cce6848d951b135be0d
GW_HU_E_00.C_WELNValueConf,GW_HU_E_00,C_WELNValueConf,0x524,1316,False,8,12,2,little_endian,False,False,1,0,,0.0,3.0,"[""CLU""]",False,,[],{},,hyundai_kia_generic.dbc,b6c4a670ceaaacd5ff6326c9f2148df57138200b44513cce6848d951b135be0d
GW_HU_E_00.C_TriTurnLNValueConf,GW_HU_E_00,C_TriTurnLNValueConf,0x524,1316,False,8,14,2,little_endian,False,False,1,0,,0.0,3.0,"[""CLU""]",False,,[],{},,hyundai_kia_generic.dbc,b6c4a670ceaaacd5ff6326c9f2148df57138200b44513cce6848d951b135be0d
GW_SWRC_PE.C_ModeSW,GW_SWRC_PE,C_ModeSW,0x523,1315,False,8,2,2,little_endian,False,False,1,0,,0.0,3.0,"[""CLU""]",False,,[],{},,hyundai_kia_generic.dbc,b6c4a670ceaaacd5ff6326c9f2148df57138200b44513cce6848d951b135be0d
GW_SWRC_PE.C_MuteSW,GW_SWRC_PE,C_MuteSW,0x523,1315,False,8,4,2,little_endian,False,False,1,0,,0.0,3.0,"[""CLU""]",False,,[],{},,hyundai_kia_generic.dbc,b6c4a670ceaaacd5ff6326c9f2148df57138200b44513cce6848d951b135be0d
GW_SWRC_PE.C_SeekDnSW,GW_SWRC_PE,C_SeekDnSW,0x523,1315,False,8,6,2,little_endian,False,False,1,0,,0.0,3.0,"[""CLU""]",False,,[],{},,hyundai_kia_generic.dbc,b6c4a670ceaaacd5ff6326c9f2148df57138200b44513cce6848d951b135be0d
GW_SWRC_PE.C_SeekUpSW,GW_SWRC_PE,C_SeekUpSW,0x523,1315,False,8,8,2,little_endian,False,False,1,0,,0.0,3.0,"[""CLU""]",False,,[],{},,hyundai_kia_generic.dbc,b6c4a670ceaaacd5ff6326c9f2148df57138200b44513cce6848d951b135be0d
GW_SWRC_PE.C_BTPhoneCallSW,GW_SWRC_PE,C_BTPhoneCallSW,0x523,1315,False,8,10,2,little_endian,False,False,1,0,,0.0,3.0,"[""CLU""]",False,,[],{},,hyundai_kia_generic.dbc,b6c4a670ceaaacd5ff6326c9f2148df57138200b44513cce6848d951b135be0d
GW_SWRC_PE.C_BTPhoneHangUpSW,GW_SWRC_PE,C_BTPhoneHangUpSW,0x523,1315,False,8,12,2,little_endian,False,False,1,0,,0.0,3.0,"[""CLU""]",False,,[],{},,hyundai_kia_generic.dbc,b6c4a670ceaaacd5ff6326c9f2148df57138200b44513cce6848d951b135be0d
GW_SWRC_PE.C_DISCDownSW,GW_SWRC_PE,C_DISCDownSW,0x523,1315,False,8,14,2,little_endian,False,False,1,0,,0.0,3.0,"[""CLU""]",False,,[],{},,hyundai_kia_generic.dbc,b6c4a670ceaaacd5ff6326c9f2148df57138200b44513cce6848d951b135be0d
GW_SWRC_PE.C_DISCUpSW,GW_SWRC_PE,C_DISCUpSW,0x523,1315,False,8,16,2,little_endian,False,False,1,0,,0.0,3.0,"[""CLU""]",False,,[],{},,hyundai_kia_generic.dbc,b6c4a670ceaaacd5ff6326c9f2148df57138200b44513cce6848d951b135be0d
GW_SWRC_PE.C_SdsSW,GW_SWRC_PE,C_SdsSW,0x523,1315,False,8,18,2,little_endian,False,False,1,0,,0.0,3.0,"[""CLU""]",False,,[],{},,hyundai_kia_generic.dbc,b6c4a670ceaaacd5ff6326c9f2148df57138200b44513cce6848d951b135be0d
GW_SWRC_PE.C_MTSSW,GW_SWRC_PE,C_MTSSW,0x523,1315,False,8,20,2,little_endian,False,False,1,0,,0.0,3.0,"[""CLU""]",False,,[],{},,hyundai_kia_generic.dbc,b6c4a670ceaaacd5ff6326c9f2148df57138200b44513cce6848d951b135be0d
GW_SWRC_PE.C_VolDnSW,GW_SWRC_PE,C_VolDnSW,0x523,1315,False,8,22,2,little_endian,False,False,1,0,,0.0,3.0,"[""CLU""]",False,,[],{},,hyundai_kia_generic.dbc,b6c4a670ceaaacd5ff6326c9f2148df57138200b44513cce6848d951b135be0d
GW_SWRC_PE.C_VolUpSW,GW_SWRC_PE,C_VolUpSW,0x523,1315,False,8,24,2,little_endian,False,False,1,0,,0.0,3.0,"[""CLU""]",False,,[],{},,hyundai_kia_generic.dbc,b6c4a670ceaaacd5ff6326c9f2148df57138200b44513cce6848d951b135be0d
GW_IPM_PE_1.C_AV_Tail,GW_IPM_PE_1,C_AV_Tail,0x522,1314,False,8,0,2,little_endian,False,False,1,0,,0.0,3.0,"[""CLU""]",False,,[],{},,hyundai_kia_generic.dbc,b6c4a670ceaaacd5ff6326c9f2148df57138200b44513cce6848d951b135be0d
GW_IPM_PE_1.C_ParkingBrakeSW,GW_IPM_PE_1,C_ParkingBrakeSW,0x522,1314,False,8,2,2,little_endian,False,False,1,0,,0.0,3.0,"[""CLU""]",False,,[],{},,hyundai_kia_generic.dbc,b6c4a670ceaaacd5ff6326c9f2148df57138200b44513cce6848d951b135be0d
GW_IPM_PE_1.C_RKECMD,GW_IPM_PE_1,C_RKECMD,0x522,1314,False,8,4,4,little_endian,False,False,1,0,,0.0,15.0,"[""CLU""]",False,,[],{},,hyundai_kia_generic.dbc,b6c4a670ceaaacd5ff6326c9f2148df57138200b44513cce6848d951b135be0d
GW_IPM_PE_1.C_BAState,GW_IPM_PE_1,C_BAState,0x522,1314,False,8,8,2,little_endian,False,False,1,0,,0.0,3.0,"[""CLU""]",False,,[],{},,hyundai_kia_generic.dbc,b6c4a670ceaaacd5ff6326c9f2148df57138200b44513cce6848d951b135be0d
GW_IPM_PE_1.C_IGNSW,GW_IPM_PE_1,C_IGNSW,0x522,1314,False,8,12,3,little_endian,False,False,1,0,,0.0,7.0,"[""CLU""]",False,,[],{},,hyundai_kia_generic.dbc,b6c4a670ceaaacd5ff6326c9f2148df57138200b44513cce6848d951b135be0d
GW_IPM_PE_1.C_CountryCfg,GW_IPM_PE_1,C_CountryCfg,0x522,1314,False,8,16,3,little_endian,False,False,1,0,,0.0,7.0,"[""CLU""]",False,,[],{},,hyundai_kia_generic.dbc,b6c4a670ceaaacd5ff6326c9f2148df57138200b44513cce6848d951b135be0d
GW_IPM_PE_1.C_TailLampActivity,GW_IPM_PE_1,C_TailLampActivity,0x522,1314,False,8,26,2,little_endian,False,False,1,0,,0.0,3.0,"[""CLU""]",False,,[],{},,hyundai_kia_generic.dbc,b6c4a670ceaaacd5ff6326c9f2148df57138200b44513cce6848d951b135be0d
GW_IPM_PE_1.RearSW_RSELockOnOff,GW_IPM_PE_1,RearSW_RSELockOnOff,0x522,1314,False,8,28,2,little_endian,False,False,1,0,,0.0,3.0,"[""CLU""]",False,,[],{},,hyundai_kia_generic.dbc,b6c4a670ceaaacd5ff6326c9f2148df57138200b44513cce6848d951b135be0d
GW_IPM_PE_1.C_SMKTeleCrankingState,GW_IPM_PE_1,C_SMKTeleCrankingState,0x522,1314,False,8,32,2,little_endian,False,False,1,0,,0.0,3.0,"[""CLU""]",False,,[],{},,hyundai_kia_generic.dbc,b6c4a670ceaaacd5ff6326c9f2148df57138200b44513cce6848d951b135be0d
GW_IPM_PE_1.C_SMKTeleCrankingFailRes,GW_IPM_PE_1,C_SMKTeleCrankingFailRes,0x522,1314,False,8,34,2,little_endian,False,False,1,0,,0.0,3.0,"[""CLU""]",False,,[],{},,hyundai_kia_generic.dbc,b6c4a670ceaaacd5ff6326c9f2148df57138200b44513cce6848d951b135be0d
SCC12.CF_VSM_Prefill,SCC12,CF_VSM_Prefill,0x421,1057,False,8,0,1,little_endian,False,False,1,0,,0,1,"[""ESC""]",False,,[],{},,hyundai_kia_generic.dbc,b6c4a670ceaaacd5ff6326c9f2148df57138200b44513cce6848d951b135be0d
SCC12.CF_VSM_DecCmdAct,SCC12,CF_VSM_DecCmdAct,0x421,1057,False,8,1,1,little_endian,False,False,1,0,,0,1,"[""ESC""]",False,,[],{},,hyundai_kia_generic.dbc,b6c4a670ceaaacd5ff6326c9f2148df57138200b44513cce6848d951b135be0d
SCC12.CF_VSM_HBACmd,SCC12,CF_VSM_HBACmd,0x421,1057,False,8,2,2,little_endian,False,False,1,0,,0,3,"[""ESC""]",False,,[],{},,hyundai_kia_generic.dbc,b6c4a670ceaaacd5ff6326c9f2148df57138200b44513cce6848d951b135be0d
SCC12.CF_VSM_Warn,SCC12,CF_VSM_Warn,0x421,1057,False,8,4,2,little_endian,False,False,1,0,,0,3,"[""CLU"", ""ESC"", ""IAP""]",False,,[],{},,hyundai_kia_generic.dbc,b6c4a670ceaaacd5ff6326c9f2148df57138200b44513cce6848d951b135be0d
SCC12.CF_VSM_Stat,SCC12,CF_VSM_Stat,0x421,1057,False,8,6,2,little_endian,False,False,1,0,,0,3,"[""CLU"", ""ESC"", ""PSB""]",False,,[],{},,hyundai_kia_generic.dbc,b6c4a670ceaaacd5ff6326c9f2148df57138200b44513cce6848d951b135be0d
SCC12.CF_VSM_BeltCmd,SCC12,CF_VSM_BeltCmd,0x421,1057,False,8,8,3,little_endian,False,False,1,0,,0,7,"[""ESC"", ""PSB""]",False,,[],{},,hyundai_kia_generic.dbc,b6c4a670ceaaacd5ff6326c9f2148df57138200b44513cce6848d951b135be0d
SCC12.ACCFailInfo,SCC12,ACCFailInfo,0x421,1057,False,8,11,2,little_endian,False,False,1,0,,0,3,"[""CLU"", ""CUBIS"", ""ESC"", ""IBOX""]",False,,[],{},,hyundai_kia_generic.dbc,b6c4a670ceaaacd5ff6326c9f2148df57138200b44513cce6848d951b135be0d
SCC12.ACCMode,SCC12,ACCMode,0x421,1057,False,8,13,2,little_endian,False,False,1,0,,0,3,"[""CLU"", ""ESC"", ""IBOX"", ""TCU""]",False,,[],"{""0"": ""off"", ""1"": ""enabled"", ""2"": ""driver_override"", ""3"": ""off_maybe_fault""}",,hyundai_kia_generic.dbc,b6c4a670ceaaacd5ff6326c9f2148df57138200b44513cce6848d951b135be0d
SCC12.StopReq,SCC12,StopReq,0x421,1057,False,8,15,1,little_endian,False,False,1,0,,0,1,"[""EPB"", ""ESC""]",False,,[],{},,hyundai_kia_generic.dbc,b6c4a670ceaaacd5ff6326c9f2148df57138200b44513cce6848d951b135be0d
SCC12.CR_VSM_DecCmd,SCC12,CR_VSM_DecCmd,0x421,1057,False,8,16,8,little_endian,False,False,0.01,0,g,0,2.55,"[""ESC""]",False,,[],{},,hyundai_kia_generic.dbc,b6c4a670ceaaacd5ff6326c9f2148df57138200b44513cce6848d951b135be0d
SCC12.aReqRaw,SCC12,aReqRaw,0x421,1057,False,8,24,11,little_endian,False,False,0.01,-10.23,m/s^2,-10.23,10.24,[],False,,[],{},,hyundai_kia_generic.dbc,b6c4a670ceaaacd5ff6326c9f2148df57138200b44513cce6848d951b135be0d
SCC12.TakeOverReq,SCC12,TakeOverReq,0x421,1057,False,8,35,1,little_endian,False,False,1,0,,0,1,"[""CLU"", ""ESC"", ""TCU""]",False,,[],{},,hyundai_kia_generic.dbc,b6c4a670ceaaacd5ff6326c9f2148df57138200b44513cce6848d951b135be0d
SCC12.PreFill,SCC12,PreFill,0x421,1057,False,8,36,1,little_endian,False,False,1,0,,0,1,"[""ESC"", ""TCU""]",False,,[],{},,hyundai_kia_generic.dbc,b6c4a670ceaaacd5ff6326c9f2148df57138200b44513cce6848d951b135be0d
SCC12.aReqValue,SCC12,aReqValue,0x421,1057,False,8,37,11,little_endian,False,False,0.01,-10.23,m/s^2,-10.23,10.24,[],False,,[],{},,hyundai_kia_generic.dbc,b6c4a670ceaaacd5ff6326c9f2148df57138200b44513cce6848d951b135be0d
SCC12.CF_VSM_ConfMode,SCC12,CF_VSM_ConfMode,0x421,1057,False,8,48,2,little_endian,False,False,1,0,,0,3,"[""CLU"", ""ESC""]",False,,[],{},,hyundai_kia_generic.dbc,b6c4a670ceaaacd5ff6326c9f2148df57138200b44513cce6848d951b135be0d
SCC12.AEB_Failinfo,SCC12,AEB_Failinfo,0x421,1057,False,8,50,2,little_endian,False,False,1,0,,0,3,"[""CLU"", ""ESC""]",False,,[],{},,hyundai_kia_generic.dbc,b6c4a670ceaaacd5ff6326c9f2148df57138200b44513cce6848d951b135be0d
SCC12.AEB_Status,SCC12,AEB_Status,0x421,1057,False,8,52,2,little_endian,False,False,1,0,,0,3,"[""CLU"", ""ESC""]",False,,[],{},,hyundai_kia_generic.dbc,b6c4a670ceaaacd5ff6326c9f2148df57138200b44513cce6848d951b135be0d
SCC12.AEB_CmdAct,SCC12,AEB_CmdAct,0x421,1057,False,8,54,1,little_endian,False,False,1,0,,0,1,"[""ESC""]",False,,[],{},,hyundai_kia_generic.dbc,b6c4a670ceaaacd5ff6326c9f2148df57138200b44513cce6848d951b135be0d
SCC12.AEB_StopReq,SCC12,AEB_StopReq,0x421,1057,False,8,55,1,little_endian,False,False,1,0,,0,1,"[""CLU"", ""ESC""]",False,,[],{},,hyundai_kia_generic.dbc,b6c4a670ceaaacd5ff6326c9f2148df57138200b44513cce6848d951b135be0d
SCC12.CR_VSM_Alive,SCC12,CR_VSM_Alive,0x421,1057,False,8,56,4,little_endian,False,False,1,0,,0,15,"[""ESC"", ""PSB""]",False,,[],{},,hyundai_kia_generic.dbc,b6c4a670ceaaacd5ff6326c9f2148df57138200b44513cce6848d951b135be0d
SCC12.CR_VSM_ChkSum,SCC12,CR_VSM_ChkSum,0x421,1057,False,8,60,4,little_endian,False,False,1,0,,0,15,"[""ESC"", ""PSB""]",False,,[],{},,hyundai_kia_generic.dbc,b6c4a670ceaaacd5ff6326c9f2148df57138200b44513cce6848d951b135be0d
GW_DDM_PE.C_DRVDoorStatus,GW_DDM_PE,C_DRVDoorStatus,0x521,1313,False,8,0,2,little_endian,False,False,1,0,,0.0,3.0,"[""CLU""]",False,,[],{},,hyundai_kia_generic.dbc,b6c4a670ceaaacd5ff6326c9f2148df57138200b44513cce6848d951b135be0d
GW_DDM_PE.C_ASTDoorStatus,GW_DDM_PE,C_ASTDoorStatus,0x521,1313,False,8,2,2,little_endian,False,False,1,0,,0.0,3.0,"[""CLU""]",False,,[],{},,hyundai_kia_generic.dbc,b6c4a670ceaaacd5ff6326c9f2148df57138200b44513cce6848d951b135be0d
GW_DDM_PE.C_RLDoorStatus,GW_DDM_PE,C_RLDoorStatus,0x521,1313,False,8,4,2,little_endian,False,False,1,0,,0.0,3.0,"[""CLU""]",False,,[],{},,hyundai_kia_generic.dbc,b6c4a670ceaaacd5ff6326c9f2148df57138200b44513cce6848d951b135be0d
GW_DDM_PE.C_RRDoorStatus,GW_DDM_PE,C_RRDoorStatus,0x521,1313,False,8,6,2,little_endian,False,False,1,0,,0.0,3.0,"[""CLU""]",False,,[],{},,hyundai_kia_generic.dbc,b6c4a670ceaaacd5ff6326c9f2148df57138200b44513cce6848d951b135be0d
GW_DDM_PE.C_TrunkStatus,GW_DDM_PE,C_TrunkStatus,0x521,1313,False,8,8,2,little_endian,False,False,1,0,,0.0,3.0,"[""CLU""]",False,,[],{},,hyundai_kia_generic.dbc,b6c4a670ceaaacd5ff6326c9f2148df57138200b44513cce6848d951b135be0d
GW_DDM_PE.C_OSMirrorStatus,GW_DDM_PE,C_OSMirrorStatus,0x521,1313,False,8,10,2,little_endian,False,False,1,0,,0.0,3.0,"[""CLU""]",False,,[],{},,hyundai_kia_generic.dbc,b6c4a670ceaaacd5ff6326c9f2148df57138200b44513cce6848d951b135be0d
SCC11.MainMode_ACC,SCC11,MainMode_ACC,0x420,1056,False,8,0,1,little_endian,False,False,1,0,,0,1,"[""CLU"", ""EMS"", ""ESC""]",False,,[],{},,hyundai_kia_generic.dbc,b6c4a670ceaaacd5ff6326c9f2148df57138200b44513cce6848d951b135be0d
SCC11.SCCInfoDisplay,SCC11,SCCInfoDisplay,0x420,1056,False,8,1,3,little_endian,False,False,1,0,,0,7,"[""CLU"", ""ESC""]",False,,[],"{""0"": ""No Message"", ""2"": ""Cruise Control"", ""3"": ""Lost Lead"", ""4"": ""Standstill""}",Goes to 1 for a second while transitioning from Cruise Control to No Message,hyundai_kia_generic.dbc,b6c4a670ceaaacd5ff6326c9f2148df57138200b44513cce6848d951b135be0d
SCC11.AliveCounterACC,SCC11,AliveCounterACC,0x420,1056,False,8,4,4,little_endian,False,False,1,0,,0,15,"[""CLU"", ""EMS"", ""ESC"", ""TCU""]",False,,[],{},,hyundai_kia_generic.dbc,b6c4a670ceaaacd5ff6326c9f2148df57138200b44513cce6848d951b135be0d
SCC11.VSetDis,SCC11,VSetDis,0x420,1056,False,8,8,8,little_endian,False,False,1,0,km/h or MPH,0,255,"[""CLU"", ""ESC"", ""TCU""]",False,,[],{},,hyundai_kia_generic.dbc,b6c4a670ceaaacd5ff6326c9f2148df57138200b44513cce6848d951b135be0d
SCC11.ObjValid,SCC11,ObjValid,0x420,1056,False,8,16,1,little_endian,False,False,1,0,,0,1,"[""CLU"", ""ESC"", ""TCU""]",False,,[],{},,hyundai_kia_generic.dbc,b6c4a670ceaaacd5ff6326c9f2148df57138200b44513cce6848d951b135be0d
SCC11.DriverAlertDisplay,SCC11,DriverAlertDisplay,0x420,1056,False,8,17,2,little_endian,False,False,1,0,,0,3,"[""CLU"", ""ESC""]",False,,[],{},,hyundai_kia_generic.dbc,b6c4a670ceaaacd5ff6326c9f2148df57138200b44513cce6848d951b135be0d
SCC11.TauGapSet,SCC11,TauGapSet,0x420,1056,False,8,19,3,little_endian,False,False,1,0,,0,7,"[""CLU"", ""ESC"", ""TCU""]",False,,[],{},,hyundai_kia_generic.dbc,b6c4a670ceaaacd5ff6326c9f2148df57138200b44513cce6848d951b135be0d
SCC11.ACC_ObjStatus,SCC11,ACC_ObjStatus,0x420,1056,False,8,22,2,little_endian,False,False,1,0,,0,3,"[""ABS"", ""ESC""]",False,,[],{},,hyundai_kia_generic.dbc,b6c4a670ceaaacd5ff6326c9f2148df57138200b44513cce6848d951b135be0d
SCC11.ACC_ObjLatPos,SCC11,ACC_ObjLatPos,0x420,1056,False,8,24,9,little_endian,False,False,0.1,-20,m,-20,31.1,"[""ABS"", ""ESC""]",False,,[],{},,hyundai_kia_generic.dbc,b6c4a670ceaaacd5ff6326c9f2148df57138200b44513cce6848d951b135be0d
SCC11.ACC_ObjDist,SCC11,ACC_ObjDist,0x420,1056,False,8,33,11,little_endian,False,False,0.1,0,m,0,204.7,"[""ABS"", ""ESC""]",False,,[],{},,hyundai_kia_generic.dbc,b6c4a670ceaaacd5ff6326c9f2148df57138200b44513cce6848d951b135be0d
SCC11.ACC_ObjRelSpd,SCC11,ACC_ObjRelSpd,0x420,1056,False,8,44,12,little_endian,False,False,0.1,-170,m/s,-170,239.5,"[""ABS"", ""ESC""]",False,,[],{},,hyundai_kia_generic.dbc,b6c4a670ceaaacd5ff6326c9f2148df57138200b44513cce6848d951b135be0d
SCC11.Navi_SCC_Curve_Status,SCC11,Navi_SCC_Curve_Status,0x420,1056,False,8,56,2,little_endian,False,False,1,0,,0,3,"[""CLU""]",False,,[],{},,hyundai_kia_generic.dbc,b6c4a670ceaaacd5ff6326c9f2148df57138200b44513cce6848d951b135be0d
SCC11.Navi_SCC_Curve_Act,SCC11,Navi_SCC_Curve_Act,0x420,1056,False,8,58,2,little_endian,False,False,1,0,,0,3,"[""CLU""]",False,,[],{},,hyundai_kia_generic.dbc,b6c4a670ceaaacd5ff6326c9f2148df57138200b44513cce6848d951b135be0d
SCC11.Navi_SCC_Camera_Act,SCC11,Navi_SCC_Camera_Act,0x420,1056,False,8,60,2,little_endian,False,False,1,0,,0,3,"[""CLU""]",False,,[],{},,hyundai_kia_generic.dbc,b6c4a670ceaaacd5ff6326c9f2148df57138200b44513cce6848d951b135be0d
SCC11.Navi_SCC_Camera_Status,SCC11,Navi_SCC_Camera_Status,0x420,1056,False,8,62,2,little_endian,False,False,1,0,,0,3,"[""CLU""]",False,,[],{},,hyundai_kia_generic.dbc,b6c4a670ceaaacd5ff6326c9f2148df57138200b44513cce6848d951b135be0d
CGW3.CR_Photosensor_LH,CGW3,CR_Photosensor_LH,0x520,1312,False,8,0,8,little_endian,False,False,78.125,0.0,,0.0,20000.0,"[""DATC"", ""DATC""]",False,,[],{},,hyundai_kia_generic.dbc,b6c4a670ceaaacd5ff6326c9f2148df57138200b44513cce6848d951b135be0d
CGW3.CR_Photosensor_RH,CGW3,CR_Photosensor_RH,0x520,1312,False,8,10,8,little_endian,False,False,78.125,0.0,,0.0,20000.0,"[""DATC"", ""DATC""]",False,,[],{},,hyundai_kia_generic.dbc,b6c4a670ceaaacd5ff6326c9f2148df57138200b44513cce6848d951b135be0d
CGW3.CF_Hoodsw_memory,CGW3,CF_Hoodsw_memory,0x520,1312,False,8,22,2,little_endian,False,False,1,0,,0.0,3.0,"[""EMS"", ""EMS""]",False,,[],{},,hyundai_kia_generic.dbc,b6c4a670ceaaacd5ff6326c9f2148df57138200b44513cce6848d951b135be0d
CGW3.C_MirOutTempSns,CGW3,C_MirOutTempSns,0x520,1312,False,8,24,8,little_endian,False,False,0.5,-40.5,deg,-40.0,60.0,"[""AAF"", ""CLU"", ""DATC"", ""EMS"", ""SPAS"", ""AAF"", ""DATC"", ""EMS"", ""SPAS""]",False,,[],{},,hyundai_kia_generic.dbc,b6c4a670ceaaacd5ff6326c9f2148df57138200b44513cce6848d951b135be0d
ESP12.LAT_ACCEL,ESP12,LAT_ACCEL,0x220,544,False,8,0,11,little_endian,False,False,0.01,-10.23,m/s^2,-10.23,10.24,"[""_4WD"", ""ECS"", ""IBOX"", ""LCA"", ""LDWS_LKAS"", ""MDPS"", ""PSB"", ""SCC"", ""TCU""]",False,,[],{},,hyundai_kia_generic.dbc,b6c4a670ceaaacd5ff6326c9f2148df57138200b44513cce6848d951b135be0d
ESP12.LAT_ACCEL_STAT,ESP12,LAT_ACCEL_STAT,0x220,544,False,8,11,1,little_endian,False,False,1,0,,0.0,1.0,"[""_4WD"", ""IBOX"", ""LDWS_LKAS"", ""MDPS"", ""PSB"", ""SCC"", ""TCU""]",False,,[],{},,hyundai_kia_generic.dbc,b6c4a670ceaaacd5ff6326c9f2148df57138200b44513cce6848d951b135be0d
ESP12.LAT_ACCEL_DIAG,ESP12,LAT_ACCEL_DIAG,0x220,544,False,8,12,1,little_endian,False,False,1,0,,0.0,1.0,"[""_4WD"", ""IBOX"", ""LDWS_LKAS"", ""MDPS"", ""PSB"", ""SCC"", ""TCU""]",False,,[],{},,hyundai_kia_generic.dbc,b6c4a670ceaaacd5ff6326c9f2148df57138200b44513cce6848d951b135be0d
ESP12.LONG_ACCEL,ESP12,LONG_ACCEL,0x220,544,False,8,13,11,little_endian,False,False,0.01,-10.23,m/s^2,-10.23,10.24,"[""_4WD"", ""ECS"", ""EMS"", ""EPB"", ""IBOX"", ""LCA"", ""LDWS_LKAS"", ""PSB"", ""SCC"", ""SPAS"", ""TCU""]",False,,[],{},,hyundai_kia_generic.dbc,b6c4a670ceaaacd5ff6326c9f2148df57138200b44513cce6848d951b135be0d
ESP12.LONG_ACCEL_STAT,ESP12,LONG_ACCEL_STAT,0x220,544,False,8,24,1,little_endian,False,False,1,0,,0.0,1.0,"[""_4WD"", ""EMS"", ""EPB"", ""IBOX"", ""LDWS_LKAS"", ""PSB"", ""SCC"", ""SPAS"", ""TCU""]",False,,[],{},,hyundai_kia_generic.dbc,b6c4a670ceaaacd5ff6326c9f2148df57138200b44513cce6848d951b135be0d
ESP12.LONG_ACCEL_DIAG,ESP12,LONG_ACCEL_DIAG,0x220,544,False,8,25,1,little_endian,False,False,1,0,,0.0,1.0,"[""_4WD"", ""EMS"", ""EPB"", ""IBOX"", ""LDWS_LKAS"", ""PSB"", ""SCC"", ""SPAS"", ""TCU""]",False,,[],{},,hyundai_kia_generic.dbc,b6c4a670ceaaacd5ff6326c9f2148df57138200b44513cce6848d951b135be0d
ESP12.CYL_PRES,ESP12,CYL_PRES,0x220,544,False,8,26,12,little_endian,False,False,0.1,0.0,Bar,0.0,409.5,"[""_4WD"", ""ECS"", ""EMS"", ""EPB"", ""IBOX"", ""LDWS_LKAS"", ""PSB"", ""SCC"", ""TCU""]",False,,[],{},,hyundai_kia_generic.dbc,b6c4a670ceaaacd5ff6326c9f2148df57138200b44513cce6848d951b135be0d
ESP12.CYL_PRES_STAT,ESP12,CYL_PRES_STAT,0x220,544,False,8,38,1,little_endian,False,False,1,0,,0.0,1.0,"[""_4WD"", ""ECS"", ""EMS"", ""EPB"", ""IBOX"", ""LDWS_LKAS"", ""PSB"", ""SCC"", ""TCU""]",False,,[],{},,hyundai_kia_generic.dbc,b6c4a670ceaaacd5ff6326c9f2148df57138200b44513cce6848d951b135be0d
ESP12.CYL_PRESS_DIAG,ESP12,CYL_PRESS_DIAG,0x220,544,False,8,39,1,little_endian,False,False,1,0,,0.0,1.0,"[""_4WD"", ""ECS"", ""EMS"", ""EPB"", ""IBOX"", ""PSB"", ""SCC"", ""TCU""]",False,,[],{},,hyundai_kia_generic.dbc,b6c4a670ceaaacd5ff6326c9f2148df57138200b44513cce6848d951b135be0d
ESP12.YAW_RATE,ESP12,YAW_RATE,0x220,544,False,8,40,13,little_endian,False,False,0.01,-40.95,,-40.95,40.96,"[""_4WD"", ""AFLS"", ""IBOX"", ""LCA"", ""LDWS_LKAS"", ""MDPS"", ""PSB"", ""SCC"", ""SPAS"", ""TCU""]",False,,[],{},,hyundai_kia_generic.dbc,b6c4a670ceaaacd5ff6326c9f2148df57138200b44513cce6848d951b135be0d
ESP12.YAW_RATE_STAT,ESP12,YAW_RATE_STAT,0x220,544,False,8,53,1,little_endian,False,False,1,0,,0.0,1.0,"[""_4WD"", ""AFLS"", ""IBOX"", ""LCA"", ""LDWS_LKAS"", ""MDPS"", ""PSB"", ""SCC"", ""SPAS"", ""TCU""]",False,,[],{},,hyundai_kia_generic.dbc,b6c4a670ceaaacd5ff6326c9f2148df57138200b44513cce6848d951b135be0d
ESP12.YAW_RATE_DIAG,ESP12,YAW_RATE_DIAG,0x220,544,False,8,54,1,little_endian,False,False,1,0,,0.0,1.0,"[""_4WD"", ""AFLS"", ""IBOX"", ""LCA"", ""LDWS_LKAS"", ""MDPS"", ""PSB"", ""SCC"", ""SPAS"", ""TCU""]",False,,[],{},,hyundai_kia_generic.dbc,b6c4a670ceaaacd5ff6326c9f2148df57138200b44513cce6848d951b135be0d
ESP12.ESP12_Checksum,ESP12,ESP12_Checksum,0x220,544,False,8,56,4,little_endian,False,False,1,0,,0.0,15.0,"[""_4WD"", ""EMS"", ""LPI"", ""TCU"", ""TMU""]",False,,[],{},,hyundai_kia_generic.dbc,b6c4a670ceaaacd5ff6326c9f2148df57138200b44513cce6848d951b135be0d
ESP12.ESP12_AliveCounter,ESP12,ESP12_AliveCounter,0x220,544,False,8,60,4,little_endian,False,False,1,0,,0.0,15.0,"[""_4WD"", ""EMS"", ""LPI"", ""TCU"", ""TMU""]",False,,[],{},,hyundai_kia_generic.dbc,b6c4a670ceaaacd5ff6326c9f2148df57138200b44513cce6848d951b135be0d
CLU16.CF_Clu_TirePressUnitNValueSet,CLU16,CF_Clu_TirePressUnitNValueSet,0x51B,1307,False,8,0,3,little_endian,False,False,1,0,,0.0,7.0,"[""TPMS""]",False,,[],{},,hyundai_kia_generic.dbc,b6c4a670ceaaacd5ff6326c9f2148df57138200b44513cce6848d951b135be0d
CLU16.CF_Clu_SlifNValueSet,CLU16,CF_Clu_SlifNValueSet,0x51B,1307,False,8,3,2,little_endian,False,False,1,0,,0.0,3.0,"[""LDWS_LKAS""]",False,,[],{},,hyundai_kia_generic.dbc,b6c4a670ceaaacd5ff6326c9f2148df57138200b44513cce6848d951b135be0d
CLU16.CF_Clu_RearWiperNValueSet,CLU16,CF_Clu_RearWiperNValueSet,0x51B,1307,False,8,12,2,little_endian,False,False,1,0,,0.0,3.0,"[""BCM""]",False,,[],{},,hyundai_kia_generic.dbc,b6c4a670ceaaacd5ff6326c9f2148df57138200b44513cce6848d951b135be0d
EMS11.SWI_IGK,EMS11,SWI_IGK,0x316,790,False,8,0,1,little_endian,False,False,1,0,,0.0,1.0,"[""_4WD"", ""ABS"", ""ACU"", ""AHLS"", ""CUBIS"", ""DI_BOX"", ""ECS"", ""EPB"", ""ESC"", ""IBOX"", ""LDWS_LKAS"", ""MDPS"", ""REA"", ""SAS"", ""SCC"", ""TCU""]",False,,[],{},,hyundai_kia_generic.dbc,b6c4a670ceaaacd5ff6326c9f2148df57138200b44513cce6848d951b135be0d
EMS11.F_N_ENG,EMS11,F_N_ENG,0x316,790,False,8,1,1,little_endian,False,False,1,0,,0.0,1.0,"[""_4WD"", ""ACU"", ""AFLS"", ""CLU"", ""CUBIS"", ""DATC"", ""ECS"", ""EPB"", ""ESC"", ""IBOX"", ""MDPS"", ""SCC"", ""TCU""]",False,,[],{},,hyundai_kia_generic.dbc,b6c4a670ceaaacd5ff6326c9f2148df57138200b44513cce6848d951b135be0d
EMS11.ACK_TCS,EMS11,ACK_TCS,0x316,790,False,8,2,1,little_endian,False,False,1,0,,0.0,1.0,"[""ESC"", ""IBOX""]",False,,[],{},,hyundai_kia_generic.dbc,b6c4a670ceaaacd5ff6326c9f2148df57138200b44513cce6848d951b135be0d
EMS11.PUC_STAT,EMS11,PUC_STAT,0x316,790,False,8,3,1,little_endian,False,False,1,0,,0.0,1.0,"[""_4WD"", ""CLU"", ""DATC"", ""IBOX"", ""TCU""]",False,,[],{},,hyundai_kia_generic.dbc,b6c4a670ceaaacd5ff6326c9f2148df57138200b44513cce6848d951b135be0d
EMS11.TQ_COR_STAT,EMS11,TQ_COR_STAT,0x316,790,False,8,4,2,little_endian,False,False,1,0,,0.0,3.0,"[""_4WD"", ""ESC"", ""IBOX"", ""TCU""]",False,,[],{},,hyundai_kia_generic.dbc,b6c4a670ceaaacd5ff6326c9f2148df57138200b44513cce6848d951b135be0d
EMS11.RLY_AC,EMS11,RLY_AC,0x316,790,False,8,6,1,little_endian,False,False,1,0,,0.0,1.0,"[""DATC"", ""IBOX"", ""TCU""]",False,,[],{},,hyundai_kia_generic.dbc,b6c4a670ceaaacd5ff6326c9f2148df57138200b44513cce6848d951b135be0d
EMS11.F_SUB_TQI,EMS11,F_SUB_TQI,0x316,790,False,8,7,1,little_endian,False,False,1,0,,0.0,1.0,"[""_4WD"", ""ECS"", ""EPB"", ""ESC"", ""IBOX"", ""TCU""]",False,,[],{},,hyundai_kia_generic.dbc,b6c4a670ceaaacd5ff6326c9f2148df57138200b44513cce6848d951b135be0d
EMS11.TQI_ACOR,EMS11,TQI_ACOR,0x316,790,False,8,8,8,little_endian,False,False,0.390625,0.0,%,0.0,99.6094,"[""_4WD"", ""EPB"", ""ESC"", ""IBOX"", ""TCU""]",False,,[],{},,hyundai_kia_generic.dbc,b6c4a670ceaaacd5ff6326c9f2148df57138200b44513cce6848d951b135be0d
EMS11.N,EMS11,N,0x316,790,False,8,16,16,little_endian,False,False,0.25,0.0,rpm,0.0,16383.75,"[""_4WD"", ""ACU"", ""AFLS"", ""CLU"", ""CUBIS"", ""DATC"", ""ECS"", ""EPB"", ""ESC"", ""FPCM"", ""IBOX"", ""MDPS"", ""SCC"", ""TCU""]",False,,[],{},,hyundai_kia_generic.dbc,b6c4a670ceaaacd5ff6326c9f2148df57138200b44513cce6848d951b135be0d
EMS11.TQI,EMS11,TQI,0x316,790,False,8,32,8,little_endian,False,False,0.390625,0.0,%,0.0,99.6094,"[""_4WD"", ""ECS"", ""EPB"", ""ESC"", ""IBOX"", ""TCU""]",False,,[],{},,hyundai_kia_generic.dbc,b6c4a670ceaaacd5ff6326c9f2148df57138200b44513cce6848d951b135be0d
EMS11.TQFR,EMS11,TQFR,0x316,790,False,8,40,8,little_endian,False,False,0.390625,0.0,%,0.0,99.6094,"[""_4WD"", ""EPB"", ""ESC"", ""IBOX"", ""TCU""]",False,,[],{},,hyundai_kia_generic.dbc,b6c4a670ceaaacd5ff6326c9f2148df57138200b44513cce6848d951b135be0d
EMS11.VS,EMS11,VS,0x316,790,False,8,48,8,little_endian,False,False,1,0,km/h,0.0,254.0,"[""_4WD"", ""AAF"", ""ACU"", ""AHLS"", ""BCM"", ""CLU"", ""DATC"", ""ECS"", ""EPB"", ""IBOX"", ""LCA"", ""LDWS_LKAS"", ""LVR"", ""MDPS"", ""ODS"", ""SCC"", ""SMK"", ""SPAS"", ""TCU"", ""TPMS""]",False,,[],{},,hyundai_kia_generic.dbc,b6c4a670ceaaacd5ff6326c9f2148df57138200b44513cce6848d951b135be0d
EMS11.RATIO_TQI_BAS_MAX_STND,EMS11,RATIO_TQI_BAS_MAX_STND,0x316,790,False,8,56,8,little_endian,False,False,0.0078,0.0,,0.0,2.0,"[""_4WD"", ""IBOX"", ""TCU""]",False,,[],{},,hyundai_kia_generic.dbc,b6c4a670ceaaacd5ff6326c9f2148df57138200b44513cce6848d951b135be0d
CLU14.CF_Clu_ADrUNValueSet,CLU14,CF_Clu_ADrUNValueSet,0x515,1301,False,8,0,3,little_endian,False,False,1,0,,0.0,7.0,"[""BCM""]",False,,[],{},,hyundai_kia_generic.dbc,b6c4a670ceaaacd5ff6326c9f2148df57138200b44513cce6848d951b135be0d
CLU14.CF_Clu_ADrLNValueSet,CLU14,CF_Clu_ADrLNValueSet,0x515,1301,False,8,3,3,little_endian,False,False,1,0,,0.0,7.0,"[""BCM""]",False,,[],{},,hyundai_kia_generic.dbc,b6c4a670ceaaacd5ff6326c9f2148df57138200b44513cce6848d951b135be0d
CLU14.CF_Clu_EscortHLNValueSet,CLU14,CF_Clu_EscortHLNValueSet,0x515,1301,False,8,6,2,little_endian,False,False,1,0,,0.0,3.0,"[""BCM""]",False,,[],{},,hyundai_kia_generic.dbc,b6c4a670ceaaacd5ff6326c9f2148df57138200b44513cce6848d951b135be0d
CLU14.CF_Clu_DoorLSNValueSet,CLU14,CF_Clu_DoorLSNValueSet,0x515,1301,False,8,8,3,little_endian,False,False,1,0,,0.0,7.0,"[""BCM""]",False,,[],{},,hyundai_kia_generic.dbc,b6c4a670ceaaacd5ff6326c9f2148df57138200b44513cce6848d951b135be0d
CLU14.CF_Clu_PSMNValueSet,CLU14,CF_Clu_PSMNValueSet,0x515,1301,False,8,11,3,little_endian,False,False,1,0,,0.0,7.0,"[""BCM""]",False,,[],{},,hyundai_kia_generic.dbc,b6c4a670ceaaacd5ff6326c9f2148df57138200b44513cce6848d951b135be0d
CLU14.CF_Clu_TTUnlockNValueSet,CLU14,CF_Clu_TTUnlockNValueSet,0x515,1301,False,8,14,2,little_endian,False,False,1,0,,0.0,3.0,"[""BCM""]",False,,[],{},,hyundai_kia_generic.dbc,b6c4a670ceaaacd5ff6326c9f2148df57138200b44513cce6848d951b135be0d
CLU14.CF_Clu_PTGMNValueSet,CLU14,CF_Clu_PTGMNValueSet,0x515,1301,False,8,16,2,little_endian,False,False,1,0,,0.0,3.0,"[""BCM""]",False,,[],{},,hyundai_kia_generic.dbc,b6c4a670ceaaacd5ff6326c9f2148df57138200b44513cce6848d951b135be0d
CLU14.CF_Clu_SCMNValueSet,CLU14,CF_Clu_SCMNValueSet,0x515,1301,False,8,18,2,little_endian,False,False,1,0,,0.0,3.0,"[""BCM""]",False,,[],{},,hyundai_kia_generic.dbc,b6c4a670ceaaacd5ff6326c9f2148df57138200b44513cce6848d951b135be0d
CLU14.CF_Clu_WlightNValueSet,CLU14,CF_Clu_WlightNValueSet,0x515,1301,False,8,20,2,little_endian,False,False,1,0,,0.0,3.0,"[""BCM""]",False,,[],{},,hyundai_kia_generic.dbc,b6c4a670ceaaacd5ff6326c9f2148df57138200b44513cce6848d951b135be0d
CLU14.CF_Clu_TempUnitNValueSet,CLU14,CF_Clu_TempUnitNValueSet,0x515,1301,False,8,22,2,little_endian,False,False,1,0,,0.0,3.0,"[""BCM"", ""DATC""]",False,,[],{},,hyundai_kia_generic.dbc,b6c4a670ceaaacd5ff6326c9f2148df57138200b44513cce6848d951b135be0d
CLU14.CF_Clu_MoodLpNValueSet,CLU14,CF_Clu_MoodLpNValueSet,0x515,1301,False,8,24,3,little_endian,False,False,1,0,,0.0,7.0,"[""BCM""]",False,,[],{},,hyundai_kia_generic.dbc,b6c4a670ceaaacd5ff6326c9f2148df57138200b44513cce6848d951b135be0d
CLU14.CF_Clu_TrfChgSet,CLU14,CF_Clu_TrfChgSet,0x515,1301,False,8,27,2,little_endian,False,False,1,0,,0.0,3.0,"[""AFLS""]",False,,[],{},,hyundai_kia_generic.dbc,b6c4a670ceaaacd5ff6326c9f2148df57138200b44513cce6848d951b135be0d
CLU14.CF_Clu_OTTurnNValueSet,CLU14,CF_Clu_OTTurnNValueSet,0x515,1301,False,8,29,3,little_endian,False,False,1,0,,0.0,7.0,"[""BCM""]",False,,[],{},,hyundai_kia_generic.dbc,b6c4a670ceaaacd5ff6326c9f2148df57138200b44513cce6848d951b135be0d
CLU14.CF_Clu_LcaNValueSet,CLU14,CF_Clu_LcaNValueSet,0x515,1301,False,8,32,2,little_endian,False,False,1,0,,0.0,3.0,"[""LCA""]",False,,[],{},,hyundai_kia_generic.dbc,b6c4a670ceaaacd5ff6326c9f2148df57138200b44513cce6848d951b135be0d
CLU14.CF_Clu_RctaNValueSet,CLU14,CF_Clu_RctaNValueSet,0x515,1301,False,8,34,2,little_endian,False,False,1,0,,0.0,3.0,"[""LCA""]",False,,[],{},,hyundai_kia_generic.dbc,b6c4a670ceaaacd5ff6326c9f2148df57138200b44513cce6848d951b135be0d
CLU14.CF_Clu_RcwNValueSet,CLU14,CF_Clu_RcwNValueSet,0x515,1301,False,8,36,2,little_endian,False,False,1,0,,0.0,3.0,"[""LCA""]",False,,[],{},,hyundai_kia_generic.dbc,b6c4a670ceaaacd5ff6326c9f2148df57138200b44513cce6848d951b135be0d
CLU14.CF_Clu_EscOffNValueSet,CLU14,CF_Clu_EscOffNValueSet,0x515,1301,False,8,38,3,little_endian,False,False,1,0,,0.0,7.0,"[""ESC""]",False,,[],{},,hyundai_kia_generic.dbc,b6c4a670ceaaacd5ff6326c9f2148df57138200b44513cce6848d951b135be0d
CLU14.CF_Clu_SccNaviCrvNValueSet,CLU14,CF_Clu_SccNaviCrvNValueSet,0x515,1301,False,8,41,2,little_endian,False,False,1,0,,0.0,3.0,"[""SCC""]",False,,[],{},,hyundai_kia_generic.dbc,b6c4a670ceaaacd5ff6326c9f2148df57138200b44513cce6848d951b135be0d
CLU14.CF_Clu_SccNaviCamNValueSet,CLU14,CF_Clu_SccNaviCamNValueSet,0x515,1301,False,8,43,2,little_endian,False,False,1,0,,0.0,3.0,"[""SCC""]",False,,[],{},,hyundai_kia_generic.dbc,b6c4a670ceaaacd5ff6326c9f2148df57138200b44513cce6848d951b135be0d
CLU14.CF_Clu_SccAebNValueSet,CLU14,CF_Clu_SccAebNValueSet,0x515,1301,False,8,45,2,little_endian,False,False,1,0,,0.0,3.0,"[""SCC""]",False,,[],{},,hyundai_kia_generic.dbc,b6c4a670ceaaacd5ff6326c9f2148df57138200b44513cce6848d951b135be0d
CLU14.CF_Clu_LkasModeNValueSet,CLU14,CF_Clu_LkasModeNValueSet,0x515,1301,False,8,47,2,little_endian,False,False,1,0,,0.0,3.0,"[""LDWS_LKAS""]",False,,[],{},,hyundai_kia_generic.dbc,b6c4a670ceaaacd5ff6326c9f2148df57138200b44513cce6848d951b135be0d
CLU14.CF_Clu_FcwNValueSet,CLU14,CF_Clu_FcwNValueSet,0x515,1301,False,8,51,2,little_endian,False,False,1,0,,0.0,3.0,"[""LDWS_LKAS""]",False,,[],{},,hyundai_kia_generic.dbc,b6c4a670ceaaacd5ff6326c9f2148df57138200b44513cce6848d951b135be0d
CLU14.CF_Clu_PasSpkrLvNValueSet,CLU14,CF_Clu_PasSpkrLvNValueSet,0x515,1301,False,8,53,3,little_endian,False,False,1,0,,0.0,7.0,"[""BCM""]",False,,[],{},,hyundai_kia_generic.dbc,b6c4a670ceaaacd5ff6326c9f2148df57138200b44513cce6848d951b135be0d
CLU14.CF_Clu_SccDrvModeNValueSet,CLU14,CF_Clu_SccDrvModeNValueSet,0x515,1301,False,8,56,3,little_endian,False,False,1,0,,0.0,7.0,"[""SCC""]",False,,[],{},,hyundai_kia_generic.dbc,b6c4a670ceaaacd5ff6326c9f2148df57138200b44513cce6848d951b135be0d
CLU14.CF_Clu_HAnBNValueSet,CLU14,CF_Clu_HAnBNValueSet,0x515,1301,False,8,59,2,little_endian,False,False,1,0,,0.0,3.0,"[""BCM""]",False,,[],{},,hyundai_kia_generic.dbc,b6c4a670ceaaacd5ff6326c9f2148df57138200b44513cce6848d951b135be0d
CLU14.CF_Clu_HfreeTrunkTgNValueSet,CLU14,CF_Clu_HfreeTrunkTgNValueSet,0x515,1301,False,8,61,3,little_endian,False,False,1,0,,0.0,7.0,"[""BCM""]",False,,[],{},,hyundai_kia_generic.dbc,b6c4a670ceaaacd5ff6326c9f2148df57138200b44513cce6848d951b135be0d
TCU13.N_TGT_LUP,TCU13,N_TGT_LUP,0x113,275,False,8,0,8,little_endian,False,False,10,500,rpm,500.0,3040.0,"[""EMS"", ""IBOX""]",False,,[],{},,hyundai_kia_generic.dbc,b6c4a670ceaaacd5ff6326c9f2148df57138200b44513cce6848d951b135be0d
TCU13.SLOPE_TCU,TCU13,SLOPE_TCU,0x113,275,False,8,8,6,little_endian,False,False,0.5,-16.0,%,-16.0,15.5,"[""CLU"", ""CUBIS"", ""EMS"", ""IBOX""]",False,,[],{},,hyundai_kia_generic.dbc,b6c4a670ceaaacd5ff6326c9f2148df57138200b44513cce6848d951b135be0d
TCU13.CF_Tcu_InhCda,TCU13,CF_Tcu_InhCda,0x113,275,False,8,14,1,little_endian,False,False,1,0,,0.0,1.0,"[""EMS"", ""IBOX""]",False,,[],{},,hyundai_kia_generic.dbc,b6c4a670ceaaacd5ff6326c9f2148df57138200b44513cce6848d951b135be0d
TCU13.CF_Tcu_IsgInhib,TCU13,CF_Tcu_IsgInhib,0x113,275,False,8,15,1,little_endian,False,False,1,0,,0.0,1.0,"[""EMS"", ""IBOX""]",False,,[],{},,hyundai_kia_generic.dbc,b6c4a670ceaaacd5ff6326c9f2148df57138200b44513cce6848d951b135be0d
TCU13.CF_Tcu_BkeOnReq,TCU13,CF_Tcu_BkeOnReq,0x113,275,False,8,16,2,little_endian,False,False,1,0,,0.0,3.0,"[""EMS"", ""IBOX""]",False,,[],{},,hyundai_kia_generic.dbc,b6c4a670ceaaacd5ff6326c9f2148df57138200b44513cce6848d951b135be0d
TCU13.CF_Tcu_NCStat,TCU13,CF_Tcu_NCStat,0x113,275,False,8,18,2,little_endian,False,False,1,0,,0.0,3.0,"[""EMS"", ""IBOX""]",False,,[],{},,hyundai_kia_generic.dbc,b6c4a670ceaaacd5ff6326c9f2148df57138200b44513cce6848d951b135be0d
TCU13.CF_Tcu_TarGr,TCU13,CF_Tcu_TarGr,0x113,275,False,8,20,4,little_endian,False,False,1,0,,0.0,15.0,"[""_4WD"", ""CLU"", ""DATC"", ""EMS"", ""EPB"", ""ESC"", ""IBOX"", ""SCC""]",False,,[],{},,hyundai_kia_generic.dbc,b6c4a670ceaaacd5ff6326c9f2148df57138200b44513cce6848d951b135be0d
TCU13.CF_Tcu_ShfPatt,TCU13,CF_Tcu_ShfPatt,0x113,275,False,8,24,4,little_endian,False,False,1,0,,0.0,15.0,"[""CLU"", ""CUBIS"", ""EMS"", ""IBOX""]",False,,[],{},,hyundai_kia_generic.dbc,b6c4a670ceaaacd5ff6326c9f2148df57138200b44513cce6848d951b135be0d
TCU13.CF_Tcu_InhVis,TCU13,CF_Tcu_InhVis,0x113,275,False,8,28,1,little_endian,False,False,1,0,,0.0,1.0,"[""EMS"", ""IBOX""]",False,,[],{},,hyundai_kia_generic.dbc,b6c4a670ceaaacd5ff6326c9f2148df57138200b44513cce6848d951b135be0d
TCU13.CF_Tcu_PRelReq,TCU13,CF_Tcu_PRelReq,0x113,275,False,8,29,1,little_endian,False,False,1,0,,0.0,1.0,"[""IBOX"", ""LVR""]",False,,[],{},,hyundai_kia_generic.dbc,b6c4a670ceaaacd5ff6326c9f2148df57138200b44513cce6848d951b135be0d
TCU13.CF_Tcu_ITPhase,TCU13,CF_Tcu_ITPhase,0x113,275,False,8,30,1,little_endian,False,False,1,0,,0.0,1.0,"[""EMS"", ""IBOX""]",False,,[],{},,hyundai_kia_generic.dbc,b6c4a670ceaaacd5ff6326c9f2148df57138200b44513cce6848d951b135be0d
TCU13.CF_Tcu_ActEcoRdy,TCU13,CF_Tcu_ActEcoRdy,0x113,275,False,8,31,1,little_endian,False,False,1,0,,0.0,1.0,"[""EMS"", ""IBOX""]",False,,[],{},,hyundai_kia_generic.dbc,b6c4a670ceaaacd5ff6326c9f2148df57138200b44513cce6848d951b135be0d
TCU13.CF_Tcu_TqGrdLim,TCU13,CF_Tcu_TqGrdLim,0x113,275,False,8,32,8,little_endian,False,False,10,0,Nm/s,0.0,2540.0,"[""EMS"", ""IBOX""]",False,,[],{},,hyundai_kia_generic.dbc,b6c4a670ceaaacd5ff6326c9f2148df57138200b44513cce6848d951b135be0d
TCU13.CR_Tcu_IsgTgtRPM,TCU13,CR_Tcu_IsgTgtRPM,0x113,275,False,8,40,8,little_endian,False,False,20,0,rpm,0.0,3500.0,"[""EMS"", ""IBOX""]",False,,[],{},,hyundai_kia_generic.dbc,b6c4a670ceaaacd5ff6326c9f2148df57138200b44513cce6848d951b135be0d
TCU13.CF_Tcu_SptRdy,TCU13,CF_Tcu_SptRdy,0x113,275,False,8,48,1,little_endian,False,False,1,0,,0.0,1.0,"[""CLU"", ""IBOX""]",False,,[],{},,hyundai_kia_generic.dbc,b6c4a670ceaaacd5ff6326c9f2148df57138200b44513cce6848d951b135be0d
TCU13.CF_Tcu_SbwPInfo,TCU13,CF_Tcu_SbwPInfo,0x113,275,False,8,56,1,little_endian,False,False,1,0,,0.0,1.0,"[""EMS"", ""IBOX""]",False,,[],{},,hyundai_kia_generic.dbc,b6c4a670ceaaacd5ff6326c9f2148df57138200b44513cce6848d951b135be0d
TCU13.CF_Tcu_Alive3,TCU13,CF_Tcu_Alive3,0x113,275,False,8,58,2,little_endian,False,False,1,0,,0.0,3.0,"[""EMS"", ""IBOX""]",False,,[],{},,hyundai_kia_generic.dbc,b6c4a670ceaaacd5ff6326c9f2148df57138200b44513cce6848d951b135be0d
TCU13.CF_Tcu_ChkSum3,TCU13,CF_Tcu_ChkSum3,0x113,275,False,8,60,4,little_endian,False,False,1,0,,0.0,15.0,"[""EMS"", ""IBOX""]",False,,[],{},,hyundai_kia_generic.dbc,b6c4a670ceaaacd5ff6326c9f2148df57138200b44513cce6848d951b135be0d
TCU12.ETL_TCU,TCU12,ETL_TCU,0x112,274,False,8,0,8,little_endian,False,False,2,0,Nm,0.0,508.0,"[""EMS"", ""IBOX""]",False,,[],{},,hyundai_kia_generic.dbc,b6c4a670ceaaacd5ff6326c9f2148df57138200b44513cce6848d951b135be0d
TCU12.CUR_GR,TCU12,CUR_GR,0x112,274,False,8,8,4,little_endian,False,False,1.0,0.0,,0.0,15.0,"[""_4WD"", ""EMS"", ""ESC"", ""IBOX"", ""SCC"", ""TPMS""]",False,,[],"{""1"": ""D"", ""2"": ""D"", ""3"": ""D"", ""4"": ""D"", ""5"": ""D"", ""6"": ""D"", ""7"": ""D"", ""8"": ""D"", ""14"": ""R"", ""0"": ""P""}",,hyundai_kia_generic.dbc,b6c4a670ceaaacd5ff6326c9f2148df57138200b44513cce6848d951b135be0d
TCU12.CF_Tcu_Alive,TCU12,CF_Tcu_Alive,0x112,274,False,8,12,2,little_endian,False,False,1,0,,0.0,3.0,"[""EMS"", ""ESC"", ""IBOX"", ""SCC""]",False,,[],{},,hyundai_kia_generic.dbc,b6c4a670ceaaacd5ff6326c9f2148df57138200b44513cce6848d951b135be0d
TCU12.CF_Tcu_ChkSum,TCU12,CF_Tcu_ChkSum,0x112,274,False,8,14,2,little_endian,False,False,1,0,,0.0,3.0,"[""EMS"", ""ESC"", ""IBOX"", ""SCC""]",False,,[],{},,hyundai_kia_generic.dbc,b6c4a670ceaaacd5ff6326c9f2148df57138200b44513cce6848d951b135be0d
TCU12.VS_TCU,TCU12,VS_TCU,0x112,274,False,8,16,8,little_endian,False,False,1,0,km/h,0.0,254.0,"[""BCM"", ""CLU"", ""DATC"", ""EMS"", ""IBOX"", ""LCA"", ""LVR"", ""PGS"", ""SMK"", ""SNV""]",False,,[],{},,hyundai_kia_generic.dbc,b6c4a670ceaaacd5ff6326c9f2148df57138200b44513cce6848d951b135be0d
TCU12.FUEL_CUT_TCU,TCU12,FUEL_CUT_TCU,0x112,274,False,8,28,1,little_endian,False,False,1,0,,0.0,1.0,"[""EMS"", ""IBOX""]",False,,[],{},,hyundai_kia_generic.dbc,b6c4a670ceaaacd5ff6326c9f2148df57138200b44513cce6848d951b135be0d
TCU12.INH_FUEL_CUT,TCU12,INH_FUEL_CUT,0x112,274,False,8,29,1,little_endian,False,False,1,0,,0.0,1.0,"[""EMS"", ""IBOX""]",False,,[],{},,hyundai_kia_generic.dbc,b6c4a670ceaaacd5ff6326c9f2148df57138200b44513cce6848d951b135be0d
TCU12.IDLE_UP_TCU,TCU12,IDLE_UP_TCU,0x112,274,False,8,30,1,little_endian,False,False,1,0,,0.0,1.0,"[""EMS"", ""IBOX""]",False,,[],{},,hyundai_kia_generic.dbc,b6c4a670ceaaacd5ff6326c9f2148df57138200b44513cce6848d951b135be0d
TCU12.N_INC_TCU,TCU12,N_INC_TCU,0x112,274,False,8,31,1,little_endian,False,False,1,0,,0.0,1.0,"[""EMS"", ""IBOX""]",False,,[],{},,hyundai_kia_generic.dbc,b6c4a670ceaaacd5ff6326c9f2148df57138200b44513cce6848d951b135be0d
TCU12.SPK_RTD_TCU,TCU12,SPK_RTD_TCU,0x112,274,False,8,32,8,little_endian,False,False,0.375,-23.625,,-15.0,15.0,"[""EMS"", ""IBOX""]",False,,[],{},,hyundai_kia_generic.dbc,b6c4a670ceaaacd5ff6326c9f2148df57138200b44513cce6848d951b135be0d
TCU12.N_TC_RAW,TCU12,N_TC_RAW,0x112,274,False,8,40,16,little_endian,False,False,0.25,0.0,rpm,0.0,16383.5,"[""EMS"", ""IBOX""]",False,,[],{},,hyundai_kia_generic.dbc,b6c4a670ceaaacd5ff6326c9f2148df57138200b44513cce6848d951b135be0d
TCU12.VS_TCU_DECIMAL,TCU12,VS_TCU_DECIMAL,0x112,274,False,8,56,8,little_endian,False,False,0.0078125,0.0,km/h,0.0,0.9921875,"[""CLU"", ""EMS"", ""IBOX"", ""LCA""]",False,,[],{},,hyundai_kia_generic.dbc,b6c4a670ceaaacd5ff6326c9f2148df57138200b44513cce6848d951b135be0d
TCU11.TQI_TCU_INC,TCU11,TQI_TCU_INC,0x111,273,False,8,0,8,little_endian,False,False,0.390625,0.0,%,0.0,99.609375,"[""EMS"", ""ESC"", ""IBOX""]",False,,[],{},,hyundai_kia_generic.dbc,b6c4a670ceaaacd5ff6326c9f2148df57138200b44513cce6848d951b135be0d
TCU11.G_SEL_DISP,TCU11,G_SEL_DISP,0x111,273,False,8,8,4,little_endian,False,False,1,0,,0.0,15.0,"[""_4WD"", ""AFLS"", ""AVM"", ""BCM"", ""CGW"", ""CLU"", ""CUBIS"", ""ECS"", ""EMS"", ""EPB"", ""ESC"", ""IAP"", ""IBOX"", ""LCA"", ""LDWS_LKAS"", ""LVR"", ""MDPS"", ""PGS"", ""SCC"", ""SMK"", ""SNV"", ""SPAS"", ""TPMS""]",False,,[],{},,hyundai_kia_generic.dbc,b6c4a670ceaaacd5ff6326c9f2148df57138200b44513cce6848d951b135be0d
TCU11.F_TCU,TCU11,F_TCU,0x111,273,False,8,12,2,little_endian,False,False,1,0,,0.0,3.0,"[""EMS"", ""ESC"", ""IBOX""]",False,,[],{},,hyundai_kia_generic.dbc,b6c4a670ceaaacd5ff6326c9f2148df57138200b44513cce6848d951b135be0d
TCU11.TCU_TYPE,TCU11,TCU_TYPE,0x111,273,False,8,14,2,little_endian,False,False,1,0,,0.0,3.0,"[""_4WD"", ""EMS"", ""ESC"", ""IBOX""]",False,,[],{},,hyundai_kia_generic.dbc,b6c4a670ceaaacd5ff6326c9f2148df57138200b44513cce6848d951b135be0d
TCU11.TCU_OBD,TCU11,TCU_OBD,0x111,273,False,8,16,3,little_endian,False,False,1,0,,0.0,7.0,"[""EMS"", ""ESC"", ""IBOX""]",False,,[],{},,hyundai_kia_generic.dbc,b6c4a670ceaaacd5ff6326c9f2148df57138200b44513cce6848d951b135be0d
TCU11.SWI_GS,TCU11,SWI_GS,0x111,273,False,8,19,1,little_endian,False,False,1,0,,0.0,1.0,"[""_4WD"", ""EMS"", ""EPB"", ""ESC"", ""IBOX"", ""SCC""]",False,,[],{},,hyundai_kia_generic.dbc,b6c4a670ceaaacd5ff6326c9f2148df57138200b44513cce6848d951b135be0d
TCU11.GEAR_TYPE,TCU11,GEAR_TYPE,0x111,273,False,8,20,4,little_endian,False,False,1,0,,0.0,15.0,"[""_4WD"", ""CLU"", ""EMS"", ""ESC"", ""IBOX"", ""SCC""]",False,,[],{},,hyundai_kia_generic.dbc,b6c4a670ceaaacd5ff6326c9f2148df57138200b44513cce6848d951b135be0d
TCU11.TQI_TCU,TCU11,TQI_TCU,0x111,273,False,8,24,8,little_endian,False,False,0.390625,0.0,%,0.0,99.609375,"[""EMS"", ""ESC"", ""IBOX""]",False,,[],{},,hyundai_kia_generic.dbc,b6c4a670ceaaacd5ff6326c9f2148df57138200b44513cce6848d951b135be0d
TCU11.TEMP_AT,TCU11,TEMP_AT,0x111,273,False,8,32,8,little_endian,False,False,1,-40,deg,-40.0,214.0,"[""AAF"", ""CLU"", ""CUBIS"", ""EMS"", ""ESC"", ""IBOX""]",False,,[],{},,hyundai_kia_generic.dbc,b6c4a670ceaaacd5ff6326c9f2148df57138200b44513cce6848d951b135be0d
TCU11.N_TC,TCU11,N_TC,0x111,273,False,8,40,16,little_endian,False,False,0.25,0.0,rpm,0.0,16383.5,"[""_4WD"", ""EMS"", ""EPB"", ""ESC"", ""IBOX""]",False,,[],{},,hyundai_kia_generic.dbc,b6c4a670ceaaacd5ff6326c9f2148df57138200b44513cce6848d951b135be0d
TCU11.SWI_CC,TCU11,SWI_CC,0x111,273,False,8,56,2,little_endian,False,False,1,0,,0.0,3.0,"[""_4WD"", ""CLU"", ""EMS"", ""ESC"", ""IBOX""]",False,,[],{},,hyundai_kia_generic.dbc,b6c4a670ceaaacd5ff6326c9f2148df57138200b44513cce6848d951b135be0d
TCU11.CF_Tcu_Alive1,TCU11,CF_Tcu_Alive1,0x111,273,False,8,58,2,little_endian,False,False,1,0,,0.0,3.0,"[""EMS"", ""IBOX""]",False,,[],{},,hyundai_kia_generic.dbc,b6c4a670ceaaacd5ff6326c9f2148df57138200b44513cce6848d951b135be0d
TCU11.CF_Tcu_ChkSum1,TCU11,CF_Tcu_ChkSum1,0x111,273,False,8,60,4,little_endian,False,False,1,0,,0.0,15.0,"[""EMS"", ""IBOX""]",False,,[],{},,hyundai_kia_generic.dbc,b6c4a670ceaaacd5ff6326c9f2148df57138200b44513cce6848d951b135be0d
ACU13.CF_Acu_CshAct,ACU13,CF_Acu_CshAct,0x010,16,False,8,0,1,little_endian,False,False,1,0,,0.0,1.0,"[""CUBIS"", ""IBOX"", ""ODS""]",False,,[],{},,hyundai_kia_generic.dbc,b6c4a670ceaaacd5ff6326c9f2148df57138200b44513cce6848d951b135be0d
CGW_USM1.CF_Gway_ATTurnRValue,CGW_USM1,CF_Gway_ATTurnRValue,0x410,1040,False,8,0,2,little_endian,False,False,1,0,,0.0,3.0,"[""CLU""]",False,,[],{},,hyundai_kia_generic.dbc,b6c4a670ceaaacd5ff6326c9f2148df57138200b44513cce6848d951b135be0d
CGW_USM1.CF_Gway_PTGMRValue,CGW_USM1,CF_Gway_PTGMRValue,0x410,1040,False,8,2,2,little_endian,False,False,1,0,,0.0,3.0,"[""CLU""]",False,,[],{},,hyundai_kia_generic.dbc,b6c4a670ceaaacd5ff6326c9f2148df57138200b44513cce6848d951b135be0d
CGW_USM1.CF_Gway_EscortHLRValue,CGW_USM1,CF_Gway_EscortHLRValue,0x410,1040,False,8,4,2,little_endian,False,False,1,0,,0.0,3.0,"[""CLU""]",False,,[],{},,hyundai_kia_generic.dbc,b6c4a670ceaaacd5ff6326c9f2148df57138200b44513cce6848d951b135be0d
CGW_USM1.CF_Gway_TTUnlockRValue,CGW_USM1,CF_Gway_TTUnlockRValue,0x410,1040,False,8,6,2,little_endian,False,False,1,0,,0.0,3.0,"[""CLU""]",False,,[],{},,hyundai_kia_generic.dbc,b6c4a670ceaaacd5ff6326c9f2148df57138200b44513cce6848d951b135be0d
CGW_USM1.CF_Gway_ADrLRValue,CGW_USM1,CF_Gway_ADrLRValue,0x410,1040,False,8,8,3,little_endian,False,False,1,0,,0.0,7.0,"[""CLU""]",False,,[],{},,hyundai_kia_generic.dbc,b6c4a670ceaaacd5ff6326c9f2148df57138200b44513cce6848d951b135be0d
CGW_USM1.CF_Gway_ADrURValue,CGW_USM1,CF_Gway_ADrURValue,0x410,1040,False,8,11,3,little_endian,False,False,1,0,,0.0,7.0,"[""CLU""]",False,,[],{},,hyundai_kia_generic.dbc,b6c4a670ceaaacd5ff6326c9f2148df57138200b44513cce6848d951b135be0d
CGW_USM1.CF_Gway_SCMRValue,CGW_USM1,CF_Gway_SCMRValue,0x410,1040,False,8,14,2,little_endian,False,False,1,0,,0.0,3.0,"[""CLU""]",False,,[],{},,hyundai_kia_generic.dbc,b6c4a670ceaaacd5ff6326c9f2148df57138200b44513cce6848d951b135be0d
CGW_USM1.CF_Gway_WlightRValue,CGW_USM1,CF_Gway_WlightRValue,0x410,1040,False,8,16,2,little_endian,False,False,1,0,,0.0,3.0,"[""CLU""]",False,,[],{},,hyundai_kia_generic.dbc,b6c4a670ceaaacd5ff6326c9f2148df57138200b44513cce6848d951b135be0d
CGW_USM1.CF_Gway_PSMRValue,CGW_USM1,CF_Gway_PSMRValue,0x410,1040,False,8,18,3,little_endian,False,False,1,0,,0.0,7.0,"[""CLU""]",False,,[],{},,hyundai_kia_generic.dbc,b6c4a670ceaaacd5ff6326c9f2148df57138200b44513cce6848d951b135be0d
CGW_USM1.CF_Gway_OTTurnRValue,CGW_USM1,CF_Gway_OTTurnRValue,0x410,1040,False,8,21,3,little_endian,False,False,1,0,,0.0,7.0,"[""CLU""]",False,,[],{},,hyundai_kia_generic.dbc,b6c4a670ceaaacd5ff6326c9f2148df57138200b44513cce6848d951b135be0d
CGW_USM1.CF_Gway_DrLockSoundRValue,CGW_USM1,CF_Gway_DrLockSoundRValue,0x410,1040,False,8,24,3,little_endian,False,False,1,0,,0.0,7.0,"[""CLU""]",False,,[],{},,hyundai_kia_generic.dbc,b6c4a670ceaaacd5ff6326c9f2148df57138200b44513cce6848d951b135be0d
CGW_USM1.CF_Gway_HAnBRValue,CGW_USM1,CF_Gway_HAnBRValue,0x410,1040,False,8,27,3,little_endian,False,False,1,0,,0.0,7.0,"[""CLU""]",False,,[],{},,hyundai_kia_generic.dbc,b6c4a670ceaaacd5ff6326c9f2148df57138200b44513cce6848d951b135be0d
CGW_USM1.CF_Gway_MoodLpRValue,CGW_USM1,CF_Gway_MoodLpRValue,0x410,1040,False,8,30,2,little_endian,False,False,1,0,,0.0,3.0,"[""CLU""]",False,,[],{},,hyundai_kia_generic.dbc,b6c4a670ceaaacd5ff6326c9f2148df57138200b44513cce6848d951b135be0d
CGW_USM1.CF_Gway_HfreeTrunkRValue,CGW_USM1,CF_Gway_HfreeTrunkRValue,0x410,1040,False,8,32,3,little_endian,False,False,1,0,,0.0,7.0,"[""CLU""]",False,,[],{},,hyundai_kia_generic.dbc,b6c4a670ceaaacd5ff6326c9f2148df57138200b44513cce6848d951b135be0d
CGW_USM1.CF_Gway_AutoLightRValue,CGW_USM1,CF_Gway_AutoLightRValue,0x410,1040,False,8,35,3,little_endian,False,False,1,0,,0.0,7.0,"[""CLU""]",False,,[],{},,hyundai_kia_generic.dbc,b6c4a670ceaaacd5ff6326c9f2148df57138200b44513cce6848d951b135be0d
CGW_USM1.CF_Gway_RearWiperRValue,CGW_USM1,CF_Gway_RearWiperRValue,0x410,1040,False,8,38,2,little_endian,False,False,1,0,,0.0,3.0,"[""CLU""]",False,,[],{},,hyundai_kia_generic.dbc,b6c4a670ceaaacd5ff6326c9f2148df57138200b44513cce6848d951b135be0d
CGW_USM1.CF_Gway_PasSpkrLvRValue,CGW_USM1,CF_Gway_PasSpkrLvRValue,0x410,1040,False,8,40,3,little_endian,False,False,1,0,,0.0,7.0,"[""CLU""]",False,,[],{},,hyundai_kia_generic.dbc,b6c4a670ceaaacd5ff6326c9f2148df57138200b44513cce6848d951b135be0d
CLU13.CF_Clu_LowfuelWarn,CLU13,CF_Clu_LowfuelWarn,0x50C,1292,False,8,0,2,little_endian,False,False,1,0,,0.0,3.0,"[""BCM"", ""FPCM"", ""IBOX""]",False,,[],{},,hyundai_kia_generic.dbc,b6c4a670ceaaacd5ff6326c9f2148df57138200b44513cce6848d951b135be0d
CLU13.CF_Clu_RefDetMod,CLU13,CF_Clu_RefDetMod,0x50C,1292,False,8,2,1,little_endian,False,False,1,0,,0.0,1.0,"[""IBOX""]",False,,[],{},,hyundai_kia_generic.dbc,b6c4a670ceaaacd5ff6326c9f2148df57138200b44513cce6848d951b135be0d
CLU13.CF_Clu_AvgFCU,CLU13,CF_Clu_AvgFCU,0x50C,1292,False,8,3,2,little_endian,False,False,1,0,,0.0,3.0,"[""IBOX""]",False,,[],{},,hyundai_kia_generic.dbc,b6c4a670ceaaacd5ff6326c9f2148df57138200b44513cce6848d951b135be0d
CLU13.CF_Clu_AvsmCur,CLU13,CF_Clu_AvsmCur,0x50C,1292,False,8,5,1,little_endian,False,False,1,0,,0.0,1.0,"[""ESC"", ""SCC""]",False,,[],{},,hyundai_kia_generic.dbc,b6c4a670ceaaacd5ff6326c9f2148df57138200b44513cce6848d951b135be0d
CLU13.CF_Clu_AvgFCI,CLU13,CF_Clu_AvgFCI,0x50C,1292,False,8,6,10,little_endian,False,False,0.1,0.0,,0.0,102.2,"[""IBOX""]",False,,[],{},,hyundai_kia_generic.dbc,b6c4a670ceaaacd5ff6326c9f2148df57138200b44513cce6848d951b135be0d
CLU13.CF_Clu_DrivingModeSwi,CLU13,CF_Clu_DrivingModeSwi,0x50C,1292,False,8,16,2,little_endian,False,False,1,0,,0.0,3.0,"[""DATC"", ""ECS"", ""EMS"", ""ESC"", ""IAP"", ""MDPS"", ""TCU""]",False,,[],{},,hyundai_kia_generic.dbc,b6c4a670ceaaacd5ff6326c9f2148df57138200b44513cce6848d951b135be0d
CLU13.CF_Clu_FuelDispLvl,CLU13,CF_Clu_FuelDispLvl,0x50C,1292,False,8,18,5,little_endian,False,False,1,0,,0.0,31.0,"[""CGW"", ""IBOX""]",False,,[],{},,hyundai_kia_generic.dbc,b6c4a670ceaaacd5ff6326c9f2148df57138200b44513cce6848d951b135be0d
CLU13.CF_Clu_FlexSteerSW,CLU13,CF_Clu_FlexSteerSW,0x50C,1292,False,8,23,1,little_endian,False,False,1,0,,0.0,1.0,"[""MDPS""]",False,,[],{},,hyundai_kia_generic.dbc,b6c4a670ceaaacd5ff6326c9f2148df57138200b44513cce6848d951b135be0d
CLU13.CF_Clu_DTE,CLU13,CF_Clu_DTE,0x50C,1292,False,8,24,10,little_endian,False,False,1,0,,0.0,1023.0,"[""DATC""]",False,,[],{},,hyundai_kia_generic.dbc,b6c4a670ceaaacd5ff6326c9f2148df57138200b44513cce6848d951b135be0d
CLU13.CF_Clu_TripUnit,CLU13,CF_Clu_TripUnit,0x50C,1292,False,8,34,2,little_endian,False,False,1,0,,0.0,3.0,"[""DATC""]",False,,[],{},,hyundai_kia_generic.dbc,b6c4a670ceaaacd5ff6326c9f2148df57138200b44513cce6848d951b135be0d
CLU13.CF_Clu_SWL_Stat,CLU13,CF_Clu_SWL_Stat,0x50C,1292,False,8,36,3,little_endian,False,False,1,0,,0.0,7.0,"[""ACU"", ""EMS""]",False,,[],{},,hyundai_kia_generic.dbc,b6c4a670ceaaacd5ff6326c9f2148df57138200b44513cce6848d951b135be0d
CLU13.CF_Clu_ActiveEcoSW,CLU13,CF_Clu_ActiveEcoSW,0x50C,1292,False,8,39,1,little_endian,False,False,1,0,,0.0,1.0,"[""DATC"", ""EMS"", ""TCU""]",False,,[],{},,hyundai_kia_generic.dbc,b6c4a670ceaaacd5ff6326c9f2148df57138200b44513cce6848d951b135be0d
CLU13.CF_Clu_EcoDriveInf,CLU13,CF_Clu_EcoDriveInf,0x50C,1292,False,8,40,3,little_endian,False,False,1,0,,0.0,7.0,"[""CUBIS"", ""EMS"", ""IAP"", ""IBOX""]",False,,[],{},,hyundai_kia_generic.dbc,b6c4a670ceaaacd5ff6326c9f2148df57138200b44513cce6848d951b135be0d
CLU13.CF_Clu_IsaMainSW,CLU13,CF_Clu_IsaMainSW,0x50C,1292,False,8,43,1,little_endian,False,False,1,0,,0.0,1.0,"[""EMS""]",False,,[],{},,hyundai_kia_generic.dbc,b6c4a670ceaaacd5ff6326c9f2148df57138200b44513cce6848d951b135be0d
CLU13.CF_Clu_LdwsLkasSW,CLU13,CF_Clu_LdwsLkasSW,0x50C,1292,False,8,56,1,little_endian,False,False,1,0,,0.0,1.0,"[""LDWS_LKAS""]",False,,[],{},,hyundai_kia_generic.dbc,b6c4a670ceaaacd5ff6326c9f2148df57138200b44513cce6848d951b135be0d
CLU13.CF_Clu_AltLStatus,CLU13,CF_Clu_AltLStatus,0x50C,1292,False,8,59,1,little_endian,False,False,1,0,,0.0,1.0,"[""BCM"", ""DATC"", ""EMS""]",False,,[],{},,hyundai_kia_generic.dbc,b6c4a670ceaaacd5ff6326c9f2148df57138200b44513cce6848d951b135be0d
CLU13.CF_Clu_AliveCnt2,CLU13,CF_Clu_AliveCnt2,0x50C,1292,False,8,60,4,little_endian,False,False,1,0,,0.0,15.0,"[""EMS"", ""LDWS_LKAS""]",False,,[],{},,hyundai_kia_generic.dbc,b6c4a670ceaaacd5ff6326c9f2148df57138200b44513cce6848d951b135be0d
SCC13.SCCDrvModeRValue,SCC13,SCCDrvModeRValue,0x50A,1290,False,8,0,3,little_endian,False,False,1,0,,0,7,"[""CLU""]",False,,[],{},,hyundai_kia_generic.dbc,b6c4a670ceaaacd5ff6326c9f2148df57138200b44513cce6848d951b135be0d
SCC13.SCC_Equip,SCC13,SCC_Equip,0x50A,1290,False,8,3,1,little_endian,False,False,1,0,,0,1,"[""ESC""]",False,,[],{},,hyundai_kia_generic.dbc,b6c4a670ceaaacd5ff6326c9f2148df57138200b44513cce6848d951b135be0d
SCC13.AebDrvSetStatus,SCC13,AebDrvSetStatus,0x50A,1290,False,8,4,3,little_endian,False,False,1,0,,0,7,"[""CLU"", ""ESC""]",False,,[],{},,hyundai_kia_generic.dbc,b6c4a670ceaaacd5ff6326c9f2148df57138200b44513cce6848d951b135be0d
SCC13.Lead_Veh_Dep_Alert_USM,SCC13,Lead_Veh_Dep_Alert_USM,0x50A,1290,False,8,13,2,big_endian,False,False,1,0,,0,3,"[""XXX""]",False,,[],{},,hyundai_kia_generic.dbc,b6c4a670ceaaacd5ff6326c9f2148df57138200b44513cce6848d951b135be0d
TCS15.ABS_W_LAMP,TCS15,ABS_W_LAMP,0x507,1287,False,4,0,1,little_endian,False,False,1,0,,0.0,1.0,"[""_4WD"", ""CLU"", ""CUBIS"", ""IBOX""]",False,,[],{},,hyundai_kia_generic.dbc,b6c4a670ceaaacd5ff6326c9f2148df57138200b44513cce6848d951b135be0d
TCS15.TCS_OFF_LAMP,TCS15,TCS_OFF_LAMP,0x507,1287,False,4,1,2,little_endian,False,False,1,0,,0.0,1.0,"[""_4WD"", ""ACU"", ""CLU""]",False,,[],{},,hyundai_kia_generic.dbc,b6c4a670ceaaacd5ff6326c9f2148df57138200b44513cce6848d951b135be0d
TCS15.TCS_LAMP,TCS15,TCS_LAMP,0x507,1287,False,4,3,2,little_endian,False,False,1,0,,0.0,3.0,"[""_4WD"", ""ACU"", ""CLU"", ""CUBIS"", ""IBOX"", ""SCC""]",False,,[],{},,hyundai_kia_generic.dbc,b6c4a670ceaaacd5ff6326c9f2148df57138200b44513cce6848d951b135be0d
TCS15.DBC_W_LAMP,TCS15,DBC_W_LAMP,0x507,1287,False,4,5,1,little_endian,False,False,1,0,,0.0,1.0,"[""_4WD"", ""CLU""]",False,,[],{},,hyundai_kia_generic.dbc,b6c4a670ceaaacd5ff6326c9f2148df57138200b44513cce6848d951b135be0d
TCS15.DBC_F_LAMP,TCS15,DBC_F_LAMP,0x507,1287,False,4,6,2,little_endian,False,False,1,0,,0.0,3.0,"[""_4WD"", ""CLU""]",False,,[],{},,hyundai_kia_generic.dbc,b6c4a670ceaaacd5ff6326c9f2148df57138200b44513cce6848d951b135be0d
TCS15.ESC_Off_Step,TCS15,ESC_Off_Step,0x507,1287,False,4,8,2,little_endian,False,False,1,0,,0.0,3.0,"[""CLU""]",False,,[],{},,hyundai_kia_generic.dbc,b6c4a670ceaaacd5ff6326c9f2148df57138200b44513cce6848d951b135be0d
TCS15.AVH_CLU,TCS15,AVH_CLU,0x507,1287,False,4,16,8,little_endian,False,False,1,0,,0.0,255.0,"[""CLU"", ""EPB""]",False,,[],{},,hyundai_kia_generic.dbc,b6c4a670ceaaacd5ff6326c9f2148df57138200b44513cce6848d951b135be0d
TCS15.AVH_I_LAMP,TCS15,AVH_I_LAMP,0x507,1287,False,4,24,2,little_endian,False,False,1,0,,0.0,3.0,"[""EPB""]",False,,[],{},,hyundai_kia_generic.dbc,b6c4a670ceaaacd5ff6326c9f2148df57138200b44513cce6848d951b135be0d
TCS15.EBD_W_LAMP,TCS15,EBD_W_LAMP,0x507,1287,False,4,26,1,little_endian,False,False,1,0,,0.0,1.0,"[""_4WD"", ""CLU""]",False,,[],{},,hyundai_kia_generic.dbc,b6c4a670ceaaacd5ff6326c9f2148df57138200b44513cce6848d951b135be0d
TCS15.AVH_ALARM,TCS15,AVH_ALARM,0x507,1287,False,4,27,2,little_endian,False,False,1,0,,0.0,3.0,"[""CLU""]",False,,[],{},,hyundai_kia_generic.dbc,b6c4a670ceaaacd5ff6326c9f2148df57138200b44513cce6848d951b135be0d
TCS15.AVH_LAMP,TCS15,AVH_LAMP,0x507,1287,False,4,29,3,little_endian,False,False,1,0,,0.0,7.0,"[""CLU"", ""EPB"", ""SPAS""]",False,,[],{},,hyundai_kia_generic.dbc,b6c4a670ceaaacd5ff6326c9f2148df57138200b44513cce6848d951b135be0d
TCU14.CF_TCU_WarnMsg,TCU14,CF_TCU_WarnMsg,0x502,1282,False,4,0,3,little_endian,False,False,1,0,,0.0,7.0,"[""CLU""]",False,,[],{},,hyundai_kia_generic.dbc,b6c4a670ceaaacd5ff6326c9f2148df57138200b44513cce6848d951b135be0d
TCU14.CF_TCU_WarnImg,TCU14,CF_TCU_WarnImg,0x502,1282,False,4,3,1,little_endian,False,False,1,0,,0.0,1.0,"[""CLU""]",False,,[],{},,hyundai_kia_generic.dbc,b6c4a670ceaaacd5ff6326c9f2148df57138200b44513cce6848d951b135be0d
TCU14.CF_TCU_WarnSnd,TCU14,CF_TCU_WarnSnd,0x502,1282,False,4,4,1,little_endian,False,False,1,0,,0.0,1.0,"[""CLU""]",False,,[],{},,hyundai_kia_generic.dbc,b6c4a670ceaaacd5ff6326c9f2148df57138200b44513cce6848d951b135be0d
TCU14.CF_Tcu_GSel_BlinkReq,TCU14,CF_Tcu_GSel_BlinkReq,0x502,1282,False,4,5,1,little_endian,False,False,1,0,,0.0,1.0,"[""CLU"", ""LVR""]",False,,[],{},,hyundai_kia_generic.dbc,b6c4a670ceaaacd5ff6326c9f2148df57138200b44513cce6848d951b135be0d
TCU14.CF_Tcu_StRelStat,TCU14,CF_Tcu_StRelStat,0x502,1282,False,4,12,1,little_endian,False,False,1,0,,0.0,1.0,"[""CLU"", ""EMS"", ""ESC""]",False,,[],{},,hyundai_kia_generic.dbc,b6c4a670ceaaacd5ff6326c9f2148df57138200b44513cce6848d951b135be0d
TCU14.CF_Tcu_DriWarn1,TCU14,CF_Tcu_DriWarn1,0x502,1282,False,4,13,3,little_endian,False,False,1,0,,0.0,7.0,"[""CLU"", ""EMS"", ""ESC""]",False,,[],{},,hyundai_kia_generic.dbc,b6c4a670ceaaacd5ff6326c9f2148df57138200b44513cce6848d951b135be0d
TCU14.CF_Tcu_DriWarn2,TCU14,CF_Tcu_DriWarn2,0x502,1282,False,4,16,2,little_endian,False,False,1,0,,0.0,3.0,"[""CLU"", ""EMS"", ""ESC""]",False,,[],{},,hyundai_kia_generic.dbc,b6c4a670ceaaacd5ff6326c9f2148df57138200b44513cce6848d951b135be0d
ECS11.ECS_W_LAMP,ECS11,ECS_W_LAMP,0x501,1281,False,3,0,1,little_endian,False,False,1,0,,0.0,1.0,"[""CLU"", ""CUBIS"", ""IBOX""]",False,,[],{},,hyundai_kia_generic.dbc,b6c4a670ceaaacd5ff6326c9f2148df57138200b44513cce6848d951b135be0d
ECS11.SYS_NA,ECS11,SYS_NA,0x501,1281,False,3,1,1,little_endian,False,False,1,0,,0.0,1.0,"[""CLU""]",False,,[],{},,hyundai_kia_generic.dbc,b6c4a670ceaaacd5ff6326c9f2148df57138200b44513cce6848d951b135be0d
ECS11.ECS_DEF,ECS11,ECS_DEF,0x501,1281,False,3,2,1,little_endian,False,False,1,0,,0.0,1.0,"[""CLU""]",False,,[],{},,hyundai_kia_generic.dbc,b6c4a670ceaaacd5ff6326c9f2148df57138200b44513cce6848d951b135be0d
ECS11.ECS_DIAG,ECS11,ECS_DIAG,0x501,1281,False,3,3,1,little_endian,False,False,1,0,,0.0,1.0,"[""CLU""]",False,,[],{},,hyundai_kia_generic.dbc,b6c4a670ceaaacd5ff6326c9f2148df57138200b44513cce6848d951b135be0d
ECS11.L_CHG_NA,ECS11,L_CHG_NA,0x501,1281,False,3,4,1,little_endian,False,False,1,0,,0.0,1.0,"[""CLU""]",False,,[],{},,hyundai_kia_generic.dbc,b6c4a670ceaaacd5ff6326c9f2148df57138200b44513cce6848d951b135be0d
ECS11.Leveling_Off,ECS11,Leveling_Off,0x501,1281,False,3,5,1,little_endian,False,False,1,0,,0.0,1.0,"[""CLU""]",False,,[],{},,hyundai_kia_generic.dbc,b6c4a670ceaaacd5ff6326c9f2148df57138200b44513cce6848d951b135be0d
ECS11.LC_overheat,ECS11,LC_overheat,0x501,1281,False,3,6,1,little_endian,False,False,1,0,,0.0,1.0,"[""CLU""]",False,,[],{},,hyundai_kia_generic.dbc,b6c4a670ceaaacd5ff6326c9f2148df57138200b44513cce6848d951b135be0d
ECS11.Lifting,ECS11,Lifting,0x501,1281,False,3,8,1,little_endian,False,False,1,0,,0.0,1.0,"[""CLU""]",False,,[],{},,hyundai_kia_generic.dbc,b6c4a670ceaaacd5ff6326c9f2148df57138200b44513cce6848d951b135be0d
ECS11.Lowering,ECS11,Lowering,0x501,1281,False,3,9,1,little_endian,False,False,1,0,,0.0,1.0,"[""CLU""]",False,,[],{},,hyundai_kia_generic.dbc,b6c4a670ceaaacd5ff6326c9f2148df57138200b44513cce6848d951b135be0d
ECS11.Damping_Mode,ECS11,Damping_Mode,0x501,1281,False,3,10,2,little_endian,False,False,1,0,,0.0,3.0,"[""CLU""]",False,,[],{},,hyundai_kia_generic.dbc,b6c4a670ceaaacd5ff6326c9f2148df57138200b44513cce6848d951b135be0d
ECS11.REQ_Damping,ECS11,REQ_Damping,0x501,1281,False,3,12,2,little_endian,False,False,1,0,,0.0,3.0,"[""CLU""]",False,,[],{},,hyundai_kia_generic.dbc,b6c4a670ceaaacd5ff6326c9f2148df57138200b44513cce6848d951b135be0d
ECS11.REQ_Height,ECS11,REQ_Height,0x501,1281,False,3,14,2,little_endian,False,False,1,0,,0.0,3.0,"[""CLU""]",False,,[],{},,hyundai_kia_generic.dbc,b6c4a670ceaaacd5ff6326c9f2148df57138200b44513cce6848d951b135be0d
ECS11.REQ_level,ECS11,REQ_level,0x501,1281,False,3,16,4,little_endian,False,False,1,0,,0.0,15.0,"[""CLU""]",False,,[],{},,hyundai_kia_generic.dbc,b6c4a670ceaaacd5ff6326c9f2148df57138200b44513cce6848d951b135be0d
ECS11.ACT_Height,ECS11,ACT_Height,0x501,1281,False,3,20,4,little_endian,False,False,1,0,,0.0,15.0,"[""CLU""]",False,,[],{},,hyundai_kia_generic.dbc,b6c4a670ceaaacd5ff6326c9f2148df57138200b44513cce6848d951b135be0d
CLU_CFG11.Vehicle_Type,CLU_CFG11,Vehicle_Type,0x400,1024,False,2,0,16,little_endian,False,False,1,0,,0.0,65536.0,"[""_4WD""]",False,,[],{},,hyundai_kia_generic.dbc,b6c4a670ceaaacd5ff6326c9f2148df57138200b44513cce6848d951b135be0d
ACU14.CF_SWL_Ind,ACU14,CF_SWL_Ind,0x500,1280,False,1,0,2,little_endian,False,False,1,0,,0.0,3.0,"[""CLU""]",False,,[],{},,hyundai_kia_generic.dbc,b6c4a670ceaaacd5ff6326c9f2148df57138200b44513cce6848d951b135be0d
ACU14.CF_TTL_Ind,ACU14,CF_TTL_Ind,0x500,1280,False,1,2,2,little_endian,False,False,1,0,,0.0,3.0,"[""CLU""]",False,,[],{},,hyundai_kia_generic.dbc,b6c4a670ceaaacd5ff6326c9f2148df57138200b44513cce6848d951b135be0d
ACU14.CF_SBR_Ind,ACU14,CF_SBR_Ind,0x500,1280,False,1,4,2,little_endian,False,False,1,0,,0.0,3.0,"[""BCM"", ""CLU""]",False,,[],{},,hyundai_kia_generic.dbc,b6c4a670ceaaacd5ff6326c9f2148df57138200b44513cce6848d951b135be0d
EMS20.HYDROGEN_GEAR_SHIFTER,EMS20,HYDROGEN_GEAR_SHIFTER,0x200,512,False,6,11,3,little_endian,False,False,1,0,,0,7,"[""XXX""]",False,,[],"{""5"": ""D"", ""8"": ""S"", ""6"": ""N"", ""7"": ""R"", ""0"": ""P""}",,hyundai_kia_generic.dbc,b6c4a670ceaaacd5ff6326c9f2148df57138200b44513cce6848d951b135be0d
EMS20.CF_Ems_PumpTPres,EMS20,CF_Ems_PumpTPres,0x200,512,False,6,16,8,little_endian,False,False,3.137254902,0.0,kPa,0.0,800.0,"[""FPCM"", ""IBOX""]",False,,[],{},,hyundai_kia_generic.dbc,b6c4a670ceaaacd5ff6326c9f2148df57138200b44513cce6848d951b135be0d
EMS20.Split_Stat,EMS20,Split_Stat,0x200,512,False,6,32,1,little_endian,False,False,1,0,,0.0,1.0,"[""FPCM""]",False,,[],{},,hyundai_kia_generic.dbc,b6c4a670ceaaacd5ff6326c9f2148df57138200b44513cce6848d951b135be0d
FCA11.CF_VSM_Prefill,FCA11,CF_VSM_Prefill,0x38D,909,False,8,0,1,little_endian,False,False,1,0,,0,1,"[""ESC""]",False,,[],{},,hyundai_kia_generic.dbc,b6c4a670ceaaacd5ff6326c9f2148df57138200b44513cce6848d951b135be0d
FCA11.CF_VSM_HBACmd,FCA11,CF_VSM_HBACmd,0x38D,909,False,8,1,2,little_endian,False,False,1,0,,0,3,"[""ESC""]",False,,[],{},,hyundai_kia_generic.dbc,b6c4a670ceaaacd5ff6326c9f2148df57138200b44513cce6848d951b135be0d
FCA11.CF_VSM_Warn,FCA11,CF_VSM_Warn,0x38D,909,False,8,3,2,little_endian,False,False,1,0,,0,3,"[""ACU"", ""CLU"", ""ESC""]",False,,[],"{""2"": ""FCW"", ""3"": ""AEB""}",,hyundai_kia_generic.dbc,b6c4a670ceaaacd5ff6326c9f2148df57138200b44513cce6848d951b135be0d
FCA11.CF_VSM_BeltCmd,FCA11,CF_VSM_BeltCmd,0x38D,909,False,8,5,3,little_endian,False,False,1,0,,0,7,"[""ESC""]",False,,[],{},,hyundai_kia_generic.dbc,b6c4a670ceaaacd5ff6326c9f2148df57138200b44513cce6848d951b135be0d
FCA11.CR_VSM_DecCmd,FCA11,CR_VSM_DecCmd,0x38D,909,False,8,8,8,little_endian,False,False,0.01,0,g,0,2.55,"[""ESC""]",False,,[],{},,hyundai_kia_generic.dbc,b6c4a670ceaaacd5ff6326c9f2148df57138200b44513cce6848d951b135be0d
FCA11.PAINT1_Status,FCA11,PAINT1_Status,0x38D,909,False,8,16,2,little_endian,False,False,1,0,,0,1,"[""XXX""]",False,,[],{},,hyundai_kia_generic.dbc,b6c4a670ceaaacd5ff6326c9f2148df57138200b44513cce6848d951b135be0d
FCA11.FCA_Status,FCA11,FCA_Status,0x38D,909,False,8,18,2,little_endian,False,False,1,0,,0,3,"[""ACU"", ""CLU"", ""ESC""]",False,,[],{},,hyundai_kia_generic.dbc,b6c4a670ceaaacd5ff6326c9f2148df57138200b44513cce6848d951b135be0d
FCA11.FCA_CmdAct,FCA11,FCA_CmdAct,0x38D,909,False,8,20,1,little_endian,False,False,1,0,,0,1,"[""ESC""]",False,,[],{},,hyundai_kia_generic.dbc,b6c4a670ceaaacd5ff6326c9f2148df57138200b44513cce6848d951b135be0d
FCA11.FCA_StopReq,FCA11,FCA_StopReq,0x38D,909,False,8,21,1,little_endian,False,False,1,0,,0,1,"[""CLU"", ""ESC""]",False,,[],{},,hyundai_kia_generic.dbc,b6c4a670ceaaacd5ff6326c9f2148df57138200b44513cce6848d951b135be0d
FCA11.FCA_DrvSetStatus,FCA11,FCA_DrvSetStatus,0x38D,909,False,8,22,3,little_endian,False,False,1,0,,0,7,"[""CLU"", ""ESC""]",False,,[],{},,hyundai_kia_generic.dbc,b6c4a670ceaaacd5ff6326c9f2148df57138200b44513cce6848d951b135be0d
FCA11.CF_VSM_DecCmdAct,FCA11,CF_VSM_DecCmdAct,0x38D,909,False,8,31,1,little_endian,False,False,1,0,,0,1,"[""ESC""]",False,,[],{},,hyundai_kia_generic.dbc,b6c4a670ceaaacd5ff6326c9f2148df57138200b44513cce6848d951b135be0d
FCA11.FCA_Failinfo,FCA11,FCA_Failinfo,0x38D,909,False,8,32,3,little_endian,False,False,1,0,,0,7,"[""ACU"", ""CLU"", ""ESC""]",False,,[],{},,hyundai_kia_generic.dbc,b6c4a670ceaaacd5ff6326c9f2148df57138200b44513cce6848d951b135be0d
FCA11.CR_FCA_Alive,FCA11,CR_FCA_Alive,0x38D,909,False,8,35,4,little_endian,False,False,1,0,,0,15,"[""ESC""]",False,,[],{},,hyundai_kia_generic.dbc,b6c4a670ceaaacd5ff6326c9f2148df57138200b44513cce6848d951b135be0d
FCA11.FCA_RelativeVelocity,FCA11,FCA_RelativeVelocity,0x38D,909,False,8,39,9,little_endian,False,False,0.1,-25.5,m/s,-25.5,25.5,"[""iBAU""]",False,,[],{},,hyundai_kia_generic.dbc,b6c4a670ceaaacd5ff6326c9f2148df57138200b44513cce6848d951b135be0d
FCA11.FCA_TimetoCollision,FCA11,FCA_TimetoCollision,0x38D,909,False,8,48,8,little_endian,False,False,10,0,ms,0,2540,"[""iBAU""]",False,,[],{},,hyundai_kia_generic.dbc,b6c4a670ceaaacd5ff6326c9f2148df57138200b44513cce6848d951b135be0d
FCA11.CR_FCA_ChkSum,FCA11,CR_FCA_ChkSum,0x38D,909,False,8,56,8,little_endian,False,False,1,0,,0,255,"[""ESC""]",False,,[],{},,hyundai_kia_generic.dbc,b6c4a670ceaaacd5ff6326c9f2148df57138200b44513cce6848d951b135be0d
HDA11_MFC.NEW_SIGNAL_2,HDA11_MFC,NEW_SIGNAL_2,0x484,1156,False,8,7,2,big_endian,False,False,1,0,,0,3,"[""XXX""]",False,,[],{},,hyundai_kia_generic.dbc,b6c4a670ceaaacd5ff6326c9f2148df57138200b44513cce6848d951b135be0d
HDA11_MFC.Counter,HDA11_MFC,Counter,0x484,1156,False,8,5,4,big_endian,False,False,1,0,,0,15,"[""XXX""]",False,,[],{},,hyundai_kia_generic.dbc,b6c4a670ceaaacd5ff6326c9f2148df57138200b44513cce6848d951b135be0d
HDA11_MFC.NEW_SIGNAL_1,HDA11_MFC,NEW_SIGNAL_1,0x484,1156,False,8,1,2,big_endian,False,False,1,0,,0,255,"[""XXX""]",False,,[],{},,hyundai_kia_generic.dbc,b6c4a670ceaaacd5ff6326c9f2148df57138200b44513cce6848d951b135be0d
HDA11_MFC.NEW_SIGNAL_3,HDA11_MFC,NEW_SIGNAL_3,0x484,1156,False,8,15,8,big_endian,False,False,1,0,,0,255,"[""XXX""]",False,,[],{},,hyundai_kia_generic.dbc,b6c4a670ceaaacd5ff6326c9f2148df57138200b44513cce6848d951b135be0d
HDA11_MFC.NEW_SIGNAL_4,HDA11_MFC,NEW_SIGNAL_4,0x484,1156,False,8,16,2,little_endian,False,False,1,0,,0,3,"[""XXX""]",False,,[],{},,hyundai_kia_generic.dbc,b6c4a670ceaaacd5ff6326c9f2148df57138200b44513cce6848d951b135be0d
HDA11_MFC.NEW_SIGNAL_5,HDA11_MFC,NEW_SIGNAL_5,0x484,1156,False,8,18,14,little_endian,False,False,1,0,,0,63,"[""XXX""]",False,,[],{},,hyundai_kia_generic.dbc,b6c4a670ceaaacd5ff6326c9f2148df57138200b44513cce6848d951b135be0d
HDA11_MFC.NEW_SIGNAL_7,HDA11_MFC,NEW_SIGNAL_7,0x484,1156,False,8,34,14,little_endian,False,False,1,0,,0,16383,"[""XXX""]",False,,[],{},,hyundai_kia_generic.dbc,b6c4a670ceaaacd5ff6326c9f2148df57138200b44513cce6848d951b135be0d
HDA11_MFC.NEW_SIGNAL_6,HDA11_MFC,NEW_SIGNAL_6,0x484,1156,False,8,33,2,big_endian,False,False,1,0,,0,1,"[""XXX""]",False,,[],{},,hyundai_kia_generic.dbc,b6c4a670ceaaacd5ff6326c9f2148df57138200b44513cce6848d951b135be0d
HDA11_MFC.NEW_SIGNAL_9,HDA11_MFC,NEW_SIGNAL_9,0x484,1156,False,8,50,14,little_endian,True,False,1,-4095,,0,16383,"[""XXX""]",False,,[],{},,hyundai_kia_generic.dbc,b6c4a670ceaaacd5ff6326c9f2148df57138200b44513cce6848d951b135be0d
HDA11_MFC.NEW_SIGNAL_8,HDA11_MFC,NEW_SIGNAL_8,0x484,1156,False,8,49,2,big_endian,False,False,1,0,,0,1,"[""XXX""]",False,,[],{},,hyundai_kia_generic.dbc,b6c4a670ceaaacd5ff6326c9f2148df57138200b44513cce6848d951b135be0d
FCA12.FCA_USM,FCA12,FCA_USM,0x483,1155,False,8,0,3,little_endian,False,False,1,0,,0,7,"[""CGW"", ""CLU"", ""ESC""]",False,,[],{},,hyundai_kia_generic.dbc,b6c4a670ceaaacd5ff6326c9f2148df57138200b44513cce6848d951b135be0d
FCA12.FCA_DrvSetState,FCA12,FCA_DrvSetState,0x483,1155,False,8,3,3,little_endian,False,False,1,0,,0,7,"[""CGW""]",False,,[],{},,hyundai_kia_generic.dbc,b6c4a670ceaaacd5ff6326c9f2148df57138200b44513cce6848d951b135be0d
FRT_RADAR11.CF_FCA_Equip_Front_Radar,FRT_RADAR11,CF_FCA_Equip_Front_Radar,0x4A2,1186,False,2,0,3,little_endian,False,False,1,0,,0,7,"[""LDWS_LKAS"", ""LDW_LKA"", ""ESC""]",False,,[],{},,hyundai_kia_generic.dbc,b6c4a670ceaaacd5ff6326c9f2148df57138200b44513cce6848d951b135be0d
SCC14.ComfortBandUpper,SCC14,ComfortBandUpper,0x389,905,False,8,0,6,little_endian,False,False,0.02,0,m/s^2,0,1.26,"[""ESC""]",False,,[],{},,hyundai_kia_generic.dbc,b6c4a670ceaaacd5ff6326c9f2148df57138200b44513cce6848d951b135be0d
SCC14.ComfortBandLower,SCC14,ComfortBandLower,0x389,905,False,8,6,6,little_endian,False,False,0.02,0,m/s^2,0,1.26,"[""ESC""]",False,,[],{},,hyundai_kia_generic.dbc,b6c4a670ceaaacd5ff6326c9f2148df57138200b44513cce6848d951b135be0d
SCC14.JerkUpperLimit,SCC14,JerkUpperLimit,0x389,905,False,8,12,7,little_endian,False,False,0.1,0,m/s^3,0,12.7,"[""ESC""]",False,,[],{},,hyundai_kia_generic.dbc,b6c4a670ceaaacd5ff6326c9f2148df57138200b44513cce6848d951b135be0d
SCC14.JerkLowerLimit,SCC14,JerkLowerLimit,0x389,905,False,8,19,7,little_endian,False,False,0.1,0,m/s^3,0,12.7,"[""ESC""]",False,,[],{},,hyundai_kia_generic.dbc,b6c4a670ceaaacd5ff6326c9f2148df57138200b44513cce6848d951b135be0d
SCC14.ACCMode,SCC14,ACCMode,0x389,905,False,8,32,3,little_endian,False,False,1,0,,0,7,"[""CLU"", ""HUD"", ""LDWS_LKAS"", ""ESC""]",False,,[],"{""0"": ""off"", ""1"": ""enabled"", ""2"": ""driver_override"", ""3"": ""off_maybe_fault"", ""4"": ""cancelled""}",,hyundai_kia_generic.dbc,b6c4a670ceaaacd5ff6326c9f2148df57138200b44513cce6848d951b135be0d
SCC14.ObjGap,SCC14,ObjGap,0x389,905,False,8,56,8,little_endian,False,False,1,0,,0,255,"[""CLU"", ""HUD"", ""ESC""]",False,,[],{},,hyundai_kia_generic.dbc,b6c4a670ceaaacd5ff6326c9f2148df57138200b44513cce6848d951b135be0d
LFAHDA_MFC.HDA_USM,LFAHDA_MFC,HDA_USM,0x485,1157,False,4,0,2,little_endian,False,False,1,0,,0,3,"[""XXX""]",False,,[],{},,hyundai_kia_generic.dbc,b6c4a670ceaaacd5ff6326c9f2148df57138200b44513cce6848d951b135be0d
LFAHDA_MFC.HDA_Active,LFAHDA_MFC,HDA_Active,0x485,1157,False,4,2,1,little_endian,False,False,1,0,,0,1,"[""XXX""]",False,,[],{},,hyundai_kia_generic.dbc,b6c4a670ceaaacd5ff6326c9f2148df57138200b44513cce6848d951b135be0d
LFAHDA_MFC.HDA_Icon_State,LFAHDA_MFC,HDA_Icon_State,0x485,1157,False,4,3,2,little_endian,False,False,1,0,,0,3,"[""XXX""]",False,,[],"{""0"": ""no_hda"", ""1"": ""white_hda"", ""2"": ""green_hda""}",,hyundai_kia_generic.dbc,b6c4a670ceaaacd5ff6326c9f2148df57138200b44513cce6848d951b135be0d
LFAHDA_MFC.HDA_Chime,LFAHDA_MFC,HDA_Chime,0x485,1157,False,4,7,1,little_endian,False,False,1,0,,0,1,"[""XXX""]",False,,[],{},,hyundai_kia_generic.dbc,b6c4a670ceaaacd5ff6326c9f2148df57138200b44513cce6848d951b135be0d
LFAHDA_MFC.HDA_VSetReq,LFAHDA_MFC,HDA_VSetReq,0x485,1157,False,4,8,8,little_endian,False,False,1,0,km/h,0,255,"[""XXX""]",False,,[],{},,hyundai_kia_generic.dbc,b6c4a670ceaaacd5ff6326c9f2148df57138200b44513cce6848d951b135be0d
LFAHDA_MFC.LFA_SysWarning,LFAHDA_MFC,LFA_SysWarning,0x485,1157,False,4,16,3,little_endian,False,False,1,0,,0,7,"[""XXX""]",False,,[],"{""0"": ""no_message"", ""1"": ""switching_to_hda"", ""2"": ""switching_to_scc"", ""3"": ""lfa_error"", ""4"": ""check_hda"", ""5"": ""keep_hands_on_wheel_orange"", ""6"": ""keep_hands_on_wheel_red""}",,hyundai_kia_generic.dbc,b6c4a670ceaaacd5ff6326c9f2148df57138200b44513cce6848d951b135be0d
LFAHDA_MFC.NEW_SIGNAL_1,LFAHDA_MFC,NEW_SIGNAL_1,0x485,1157,False,4,20,3,little_endian,False,False,1,0,,0,7,"[""XXX""]",False,,[],{},,hyundai_kia_generic.dbc,b6c4a670ceaaacd5ff6326c9f2148df57138200b44513cce6848d951b135be0d
LFAHDA_MFC.LFA_Icon_State,LFAHDA_MFC,LFA_Icon_State,0x485,1157,False,4,24,2,little_endian,False,False,1,0,,0,3,"[""XXX""]",False,,[],"{""0"": ""no_wheel"", ""1"": ""white_wheel"", ""2"": ""green_wheel"", ""3"": ""green_wheel_blink""}",,hyundai_kia_generic.dbc,b6c4a670ceaaacd5ff6326c9f2148df57138200b44513cce6848d951b135be0d
LFAHDA_MFC.LFA_USM,LFAHDA_MFC,LFA_USM,0x485,1157,False,4,27,2,little_endian,False,False,1,0,,0,3,"[""XXX""]",False,,[],{},,hyundai_kia_generic.dbc,b6c4a670ceaaacd5ff6326c9f2148df57138200b44513cce6848d951b135be0d
LFAHDA_MFC.HDA_SysWarning,LFAHDA_MFC,HDA_SysWarning,0x485,1157,False,4,29,2,little_endian,False,False,1,0,,0,3,"[""XXX""]",False,,[],"{""0"": ""no_message"", ""1"": ""driving_convenience_systems_cancelled"", ""2"": ""highway_drive_assist_system_cancelled""}",,hyundai_kia_generic.dbc,b6c4a670ceaaacd5ff6326c9f2148df57138200b44513cce6848d951b135be0d
BCM_PO_11.BCM_Door_Dri_Status,BCM_PO_11,BCM_Door_Dri_Status,0x391,913,False,8,5,1,big_endian,False,False,1,0,,0,1,"[""PT_ESC_ABS""]",False,,[],{},,hyundai_kia_generic.dbc,b6c4a670ceaaacd5ff6326c9f2148df57138200b44513cce6848d951b135be0d
BCM_PO_11.LDA_BTN,BCM_PO_11,LDA_BTN,0x391,913,False,8,4,1,big_endian,False,False,1,0,,0,1,"[""XXX""]",False,,[],{},,hyundai_kia_generic.dbc,b6c4a670ceaaacd5ff6326c9f2148df57138200b44513cce6848d951b135be0d
BCM_PO_11.BCM_Shift_R_MT_SW_Status,BCM_PO_11,BCM_Shift_R_MT_SW_Status,0x391,913,False,8,39,2,big_endian,False,False,1,0,,0,3,"[""PT_ESC_ABS""]",False,,[],{},,hyundai_kia_generic.dbc,b6c4a670ceaaacd5ff6326c9f2148df57138200b44513cce6848d951b135be0d
LABEL11.CC_React,LABEL11,CC_React,0x592,1426,False,8,34,1,little_endian,False,False,1,0,,0,1,"[""XXX""]",False,,[],{},,hyundai_kia_generic.dbc,b6c4a670ceaaacd5ff6326c9f2148df57138200b44513cce6848d951b135be0d
WHL_SPD12_FS.CRC,WHL_SPD12_FS,CRC,0x38E,910,False,5,0,8,little_endian,False,False,1,0,,,,[],False,,[],{},,hyundai_kia_generic.dbc,b6c4a670ceaaacd5ff6326c9f2148df57138200b44513cce6848d951b135be0d
WHL_SPD12_FS.WHL_SPD12_AliveCounter,WHL_SPD12_FS,WHL_SPD12_AliveCounter,0x38E,910,False,5,8,4,little_endian,False,False,1,0,,0,15,[],False,,[],{},,hyundai_kia_generic.dbc,b6c4a670ceaaacd5ff6326c9f2148df57138200b44513cce6848d951b135be0d
WHL_SPD12_FS.WHL_SPD_FL,WHL_SPD12_FS,WHL_SPD_FL,0x38E,910,False,5,12,14,little_endian,False,False,0.03125,0,km/h,0,511.96875,[],False,,[],{},,hyundai_kia_generic.dbc,b6c4a670ceaaacd5ff6326c9f2148df57138200b44513cce6848d951b135be0d
WHL_SPD12_FS.WHL_SPD_FR,WHL_SPD12_FS,WHL_SPD_FR,0x38E,910,False,5,26,14,little_endian,False,False,0.03125,0,km/h,0,511.96875,[],False,,[],{},,hyundai_kia_generic.dbc,b6c4a670ceaaacd5ff6326c9f2148df57138200b44513cce6848d951b135be0d
WHL_SPD13_FS.CRC,WHL_SPD13_FS,CRC,0x38F,911,False,5,0,8,little_endian,False,False,1,0,,,,[],False,,[],{},,hyundai_kia_generic.dbc,b6c4a670ceaaacd5ff6326c9f2148df57138200b44513cce6848d951b135be0d
WHL_SPD13_FS.WHL_SPD13_AliveCounter,WHL_SPD13_FS,WHL_SPD13_AliveCounter,0x38F,911,False,5,8,4,little_endian,False,False,1,0,,0,15,[],False,,[],{},,hyundai_kia_generic.dbc,b6c4a670ceaaacd5ff6326c9f2148df57138200b44513cce6848d951b135be0d
WHL_SPD13_FS.WHL_SPD_RL,WHL_SPD13_FS,WHL_SPD_RL,0x38F,911,False,5,12,14,little_endian,False,False,0.03125,0,km/h,0,511.96875,[],False,,[],{},,hyundai_kia_generic.dbc,b6c4a670ceaaacd5ff6326c9f2148df57138200b44513cce6848d951b135be0d
WHL_SPD13_FS.WHL_SPD_RR,WHL_SPD13_FS,WHL_SPD_RR,0x38F,911,False,5,26,14,little_endian,False,False,0.03125,0,km/h,0,511.96875,[],False,,[],{},,hyundai_kia_generic.dbc,b6c4a670ceaaacd5ff6326c9f2148df57138200b44513cce6848d951b135be0d
ADAS_PRK_11.CF_PCA_BrkReq,ADAS_PRK_11,CF_PCA_BrkReq,0x361,865,False,8,24,1,little_endian,False,False,1,0,,,,[],False,,[],{},,hyundai_kia_generic.dbc,b6c4a670ceaaacd5ff6326c9f2148df57138200b44513cce6848d951b135be0d
ADAS_PRK_11.CF_PCA_DclTrgtVal,ADAS_PRK_11,CF_PCA_DclTrgtVal,0x361,865,False,8,28,4,little_endian,False,False,0.04,0,g,,,[],False,,[],{},,hyundai_kia_generic.dbc,b6c4a670ceaaacd5ff6326c9f2148df57138200b44513cce6848d951b135be0d
ADAS_PRK_11.PCA_ALIVE_CNT,ADAS_PRK_11,PCA_ALIVE_CNT,0x361,865,False,8,40,4,little_endian,False,False,1,0,,,,[],False,,[],{},,hyundai_kia_generic.dbc,b6c4a670ceaaacd5ff6326c9f2148df57138200b44513cce6848d951b135be0d
ADAS_PRK_11.PCA_CHECK_SUM,ADAS_PRK_11,PCA_CHECK_SUM,0x361,865,False,8,48,8,little_endian,False,False,1,0,,,,[],False,,[],{},,hyundai_kia_generic.dbc,b6c4a670ceaaacd5ff6326c9f2148df57138200b44513cce6848d951b135be0d
ELECT_GEAR.Elect_Gear_Shifter,ELECT_GEAR,Elect_Gear_Shifter,0x372,882,False,8,16,4,little_endian,False,False,1,0,,0,7,"[""CLU""]",False,,[],"{""4"": ""S"", ""5"": ""D"", ""8"": ""S"", ""6"": ""N"", ""7"": ""R"", ""0"": ""P""}",,hyundai_kia_generic.dbc,b6c4a670ceaaacd5ff6326c9f2148df57138200b44513cce6848d951b135be0d
ELECT_GEAR.SLC_ON,ELECT_GEAR,SLC_ON,0x372,882,False,8,31,1,big_endian,False,False,1,0,,0,1,"[""CLU""]",False,,[],{},,hyundai_kia_generic.dbc,b6c4a670ceaaacd5ff6326c9f2148df57138200b44513cce6848d951b135be0d
ELECT_GEAR.SLC_SET_SPEED,ELECT_GEAR,SLC_SET_SPEED,0x372,882,False,8,32,8,little_endian,False,False,1,0,,0,255,"[""CLU""]",False,,[],{},,hyundai_kia_generic.dbc,b6c4a670ceaaacd5ff6326c9f2148df57138200b44513cce6848d951b135be0d
E_EMS11.Brake_Pedal_Pos,E_EMS11,Brake_Pedal_Pos,0x371,881,False,8,0,8,little_endian,False,False,1,0,,0,127,"[""XXX""]",False,,[],{},,hyundai_kia_generic.dbc,b6c4a670ceaaacd5ff6326c9f2148df57138200b44513cce6848d951b135be0d
E_EMS11.IG_Reactive_Stat,E_EMS11,IG_Reactive_Stat,0x371,881,False,8,8,3,little_endian,False,False,1,0,,0,3,"[""XXX""]",False,,[],{},,hyundai_kia_generic.dbc,b6c4a670ceaaacd5ff6326c9f2148df57138200b44513cce6848d951b135be0d
E_EMS11.Gear_Change,E_EMS11,Gear_Change,0x371,881,False,8,12,1,big_endian,False,False,1,0,,0,31,"[""XXX""]",False,,[],{},,hyundai_kia_generic.dbc,b6c4a670ceaaacd5ff6326c9f2148df57138200b44513cce6848d951b135be0d
E_EMS11.Cruise_Limit_Status,E_EMS11,Cruise_Limit_Status,0x371,881,False,8,13,1,little_endian,False,False,1,0,,0,1,"[""XXX""]",False,,[],{},,hyundai_kia_generic.dbc,b6c4a670ceaaacd5ff6326c9f2148df57138200b44513cce6848d951b135be0d
E_EMS11.Cruise_Limit_Target,E_EMS11,Cruise_Limit_Target,0x371,881,False,8,23,8,little_endian,False,False,1,0,,0,15,"[""XXX""]",False,,[],{},,hyundai_kia_generic.dbc,b6c4a670ceaaacd5ff6326c9f2148df57138200b44513cce6848d951b135be0d
E_EMS11.Accel_Pedal_Pos,E_EMS11,Accel_Pedal_Pos,0x371,881,False,8,31,8,little_endian,False,False,1,0,,0,254,"[""XXX""]",False,,[],{},,hyundai_kia_generic.dbc,b6c4a670ceaaacd5ff6326c9f2148df57138200b44513cce6848d951b135be0d
E_EMS11.CR_Vcu_AccPedDep_Pos,E_EMS11,CR_Vcu_AccPedDep_Pos,0x371,881,False,8,56,8,little_endian,False,False,1,0,,0,254,"[""XXX""]",False,,[],{},,hyundai_kia_generic.dbc,b6c4a670ceaaacd5ff6326c9f2148df57138200b44513cce6848d951b135be0d
EV_PC6.CF_Vcu_SbwWarnMsg,EV_PC6,CF_Vcu_SbwWarnMsg,0x54B,1355,False,8,16,3,little_endian,False,False,1,0,,0,7,[],False,,[],{},,hyundai_kia_generic.dbc,b6c4a670ceaaacd5ff6326c9f2148df57138200b44513cce6848d951b135be0d
EV_PC2.CR_Ldc_ActVol_LS_V,EV_PC2,CR_Ldc_ActVol_LS_V,0x596,1430,False,8,32,8,little_endian,False,False,0.1,0,V,,,[],False,,[],{},,hyundai_kia_generic.dbc,b6c4a670ceaaacd5ff6326c9f2148df57138200b44513cce6848d951b135be0d
EV_PC10.CF_Vcu_EpbRequest,EV_PC10,CF_Vcu_EpbRequest,0x5FF,1535,False,8,37,1,little_endian,False,False,1,0,,,,[],False,,[],{},,hyundai_kia_generic.dbc,b6c4a670ceaaacd5ff6326c9f2148df57138200b44513cce6848d951b135be0d
RSPA11.CF_RSPA_State,RSPA11,CF_RSPA_State,0x38C,908,False,8,0,4,little_endian,False,False,1,0,,0,15,"[""XXX""]",False,,[],{},,hyundai_kia_generic.dbc,b6c4a670ceaaacd5ff6326c9f2148df57138200b44513cce6848d951b135be0d
RSPA11.CF_RSPA_Act,RSPA11,CF_RSPA_Act,0x38C,908,False,8,4,2,little_endian,False,False,1,0,,0,3,"[""XXX""]",False,,[],{},,hyundai_kia_generic.dbc,b6c4a670ceaaacd5ff6326c9f2148df57138200b44513cce6848d951b135be0d
RSPA11.CF_RSPA_DecCmd,RSPA11,CF_RSPA_DecCmd,0x38C,908,False,8,6,2,little_endian,False,False,1,0,,0,3,"[""XXX""]",False,,[],{},,hyundai_kia_generic.dbc,b6c4a670ceaaacd5ff6326c9f2148df57138200b44513cce6848d951b135be0d
RSPA11.CF_RSPA_Trgt_Spd,RSPA11,CF_RSPA_Trgt_Spd,0x38C,908,False,8,8,10,little_endian,False,False,0.01,0,km/h,0,10.23,"[""XXX""]",False,,[],{},,hyundai_kia_generic.dbc,b6c4a670ceaaacd5ff6326c9f2148df57138200b44513cce6848d951b135be0d
RSPA11.CF_RSPA_StopReq,RSPA11,CF_RSPA_StopReq,0x38C,908,False,8,18,1,little_endian,False,False,1,0,,0,2,"[""XXX""]",False,,[],{},,hyundai_kia_generic.dbc,b6c4a670ceaaacd5ff6326c9f2148df57138200b44513cce6848d951b135be0d
RSPA11.CR_RSPA_EPB_Req,RSPA11,CR_RSPA_EPB_Req,0x38C,908,False,8,22,2,little_endian,False,False,1,0,,0,3,"[""XXX""]",False,,[],{},,hyundai_kia_generic.dbc,b6c4a670ceaaacd5ff6326c9f2148df57138200b44513cce6848d951b135be0d
RSPA11.CF_RSPA_ACC_ACT,RSPA11,CF_RSPA_ACC_ACT,0x38C,908,False,8,50,1,little_endian,False,False,1,0,,0,2,"[""XXX""]",False,,[],{},,hyundai_kia_generic.dbc,b6c4a670ceaaacd5ff6326c9f2148df57138200b44513cce6848d951b135be0d
RSPA11.CF_RSPA_AliveCounter,RSPA11,CF_RSPA_AliveCounter,0x38C,908,False,8,52,4,little_endian,False,False,1,0,,0,15,"[""XXX""]",False,,[],{},,hyundai_kia_generic.dbc,b6c4a670ceaaacd5ff6326c9f2148df57138200b44513cce6848d951b135be0d
RSPA11.CF_RSPA_CRC,RSPA11,CF_RSPA_CRC,0x38C,908,False,8,56,8,little_endian,False,False,1,0,,0,255,"[""XXX""]",False,,[],{},,hyundai_kia_generic.dbc,b6c4a670ceaaacd5ff6326c9f2148df57138200b44513cce6848d951b135be0d
S_MDPS11.CF_Mdps_Stat,S_MDPS11,CF_Mdps_Stat,0x392,914,False,8,0,4,little_endian,False,False,1,0,,0,15,"[""XXX""]",False,,[],{},,hyundai_kia_generic.dbc,b6c4a670ceaaacd5ff6326c9f2148df57138200b44513cce6848d951b135be0d
S_MDPS11.CR_Mdps_DrvTq,S_MDPS11,CR_Mdps_DrvTq,0x392,914,False,8,8,12,little_endian,False,False,1,0,,0,15,"[""XXX""]",False,,[],{},,hyundai_kia_generic.dbc,b6c4a670ceaaacd5ff6326c9f2148df57138200b44513cce6848d951b135be0d
S_MDPS11.CR_Mdps_StrAng,S_MDPS11,CR_Mdps_StrAng,0x392,914,False,8,24,16,little_endian,True,False,1,0,,0,65535,"[""XXX""]",False,,[],{},,hyundai_kia_generic.dbc,b6c4a670ceaaacd5ff6326c9f2148df57138200b44513cce6848d951b135be0d
S_MDPS11.CF_Mdps_AliveCnt,S_MDPS11,CF_Mdps_AliveCnt,0x392,914,False,8,47,8,big_endian,False,False,1,0,,0,255,"[""XXX""]",False,,[],{},,hyundai_kia_generic.dbc,b6c4a670ceaaacd5ff6326c9f2148df57138200b44513cce6848d951b135be0d
S_MDPS11.CF_Mdps_Chksum,S_MDPS11,CF_Mdps_Chksum,0x392,914,False,8,63,8,big_endian,False,False,1,0,,0,255,"[""XXX""]",False,,[],{},,hyundai_kia_generic.dbc,b6c4a670ceaaacd5ff6326c9f2148df57138200b44513cce6848d951b135be0d
S_MDPS12.NEW_SIGNAL_1,S_MDPS12,NEW_SIGNAL_1,0x165,357,False,8,0,12,little_endian,False,False,1,0,,0,4095,"[""XXX""]",False,,[],{},,hyundai_kia_generic.dbc,b6c4a670ceaaacd5ff6326c9f2148df57138200b44513cce6848d951b135be0d
S_MDPS12.NEW_SIGNAL_2,S_MDPS12,NEW_SIGNAL_2,0x165,357,False,8,12,12,little_endian,False,False,1,0,,0,4095,"[""XXX""]",False,,[],{},,hyundai_kia_generic.dbc,b6c4a670ceaaacd5ff6326c9f2148df57138200b44513cce6848d951b135be0d
S_MDPS12.Counter,S_MDPS12,Counter,0x165,357,False,8,48,4,little_endian,False,False,1,0,,0,15,"[""XXX""]",False,,[],{},,hyundai_kia_generic.dbc,b6c4a670ceaaacd5ff6326c9f2148df57138200b44513cce6848d951b135be0d
S_MDPS12.Checksum,S_MDPS12,Checksum,0x165,357,False,8,63,8,big_endian,False,False,1,0,,0,255,"[""XXX""]",False,,[],{},,hyundai_kia_generic.dbc,b6c4a670ceaaacd5ff6326c9f2148df57138200b44513cce6848d951b135be0d
AHB1.CF_Ahb_SLmp,AHB1,CF_Ahb_SLmp,0x160,352,False,8,0,2,little_endian,False,False,1,0,,0,3,"[""CLU""]",False,,[],{},,hyundai_kia_generic.dbc,b6c4a670ceaaacd5ff6326c9f2148df57138200b44513cce6848d951b135be0d
AHB1.CF_Ahb_Def,AHB1,CF_Ahb_Def,0x160,352,False,8,2,2,little_endian,False,False,1,0,,0,3,"[""CGW""]",False,,[],{},,hyundai_kia_generic.dbc,b6c4a670ceaaacd5ff6326c9f2148df57138200b44513cce6848d951b135be0d
AHB1.CF_Ahb_Act,AHB1,CF_Ahb_Act,0x160,352,False,8,4,2,little_endian,False,False,1,0,,0,3,[],False,,[],{},,hyundai_kia_generic.dbc,b6c4a670ceaaacd5ff6326c9f2148df57138200b44513cce6848d951b135be0d
AHB1.CF_Ahb_Diag,AHB1,CF_Ahb_Diag,0x160,352,False,8,6,1,little_endian,False,False,1,0,,0,1,[],False,,[],{},,hyundai_kia_generic.dbc,b6c4a670ceaaacd5ff6326c9f2148df57138200b44513cce6848d951b135be0d
AHB1.CF_Ahb_WLmp,AHB1,CF_Ahb_WLmp,0x160,352,False,8,7,1,little_endian,False,False,1,0,,0,1,"[""CLU""]",False,,[],{},,hyundai_kia_generic.dbc,b6c4a670ceaaacd5ff6326c9f2148df57138200b44513cce6848d951b135be0d
AHB1.CR_Ahb_StDep_mm,AHB1,CR_Ahb_StDep_mm,0x160,352,False,8,8,16,little_endian,True,False,0.1,0,mm,-3276.8,3276.7,[],False,,[],{},,hyundai_kia_generic.dbc,b6c4a670ceaaacd5ff6326c9f2148df57138200b44513cce6848d951b135be0d
AHB1.CF_Ahb_SnsFail,AHB1,CF_Ahb_SnsFail,0x160,352,False,8,24,1,little_endian,False,False,1,0,,0,1,[],False,,[],{},,hyundai_kia_generic.dbc,b6c4a670ceaaacd5ff6326c9f2148df57138200b44513cce6848d951b135be0d
AHB1.CF_Ahb_PedalCalStat,AHB1,CF_Ahb_PedalCalStat,0x160,352,False,8,25,1,little_endian,False,False,1,0,,0,1,[],False,,[],{},,hyundai_kia_generic.dbc,b6c4a670ceaaacd5ff6326c9f2148df57138200b44513cce6848d951b135be0d
AHB1.CF_Ahb_Bzzr,AHB1,CF_Ahb_Bzzr,0x160,352,False,8,26,1,little_endian,False,False,1,0,,0,1,[],False,,[],{},,hyundai_kia_generic.dbc,b6c4a670ceaaacd5ff6326c9f2148df57138200b44513cce6848d951b135be0d
AHB1.CF_Ahb_ChkSum,AHB1,CF_Ahb_ChkSum,0x160,352,False,8,56,8,little_endian,False,False,1,0,,0,255,[],False,,[],{},,hyundai_kia_generic.dbc,b6c4a670ceaaacd5ff6326c9f2148df57138200b44513cce6848d951b135be0d
MFC_4a7.PAINT1,MFC_4a7,PAINT1,0x4A7,1191,False,8,0,1,big_endian,False,False,1,0,,0,1,"[""XXX""]",False,,[],{},,hyundai_kia_generic.dbc,b6c4a670ceaaacd5ff6326c9f2148df57138200b44513cce6848d951b135be0d
BCA11.CF_BCA_State,BCA11,CF_BCA_State,0x48A,1162,False,8,16,3,little_endian,False,False,1,0,,0,7,"[""CLU"", ""iBAU""]",False,,[],{},,hyundai_kia_generic.dbc,b6c4a670ceaaacd5ff6326c9f2148df57138200b44513cce6848d951b135be0d
BCA11.CF_BCA_Warning,BCA11,CF_BCA_Warning,0x48A,1162,False,8,19,2,little_endian,False,False,1,0,,0,3,"[""CLU"", ""iBAU""]",False,,[],{},,hyundai_kia_generic.dbc,b6c4a670ceaaacd5ff6326c9f2148df57138200b44513cce6848d951b135be0d
BCA11.AliveCounter,BCA11,AliveCounter,0x48A,1162,False,8,21,4,little_endian,False,False,1,0,,0,15,"[""CLU"", ""iBAU""]",False,,[],{},,hyundai_kia_generic.dbc,b6c4a670ceaaacd5ff6326c9f2148df57138200b44513cce6848d951b135be0d
BCA11.RCCA_Brake_Command,BCA11,RCCA_Brake_Command,0x48A,1162,False,8,29,1,little_endian,False,False,1,0,,0,1,"[""iBAU""]",False,,[],{},,hyundai_kia_generic.dbc,b6c4a670ceaaacd5ff6326c9f2148df57138200b44513cce6848d951b135be0d
BCA11.Check_Sum,BCA11,Check_Sum,0x48A,1162,False,8,56,8,little_endian,False,False,1,0,,0,16,"[""iBAU""]",False,,[],{},,hyundai_kia_generic.dbc,b6c4a670ceaaacd5ff6326c9f2148df57138200b44513cce6848d951b135be0d
P_STS.HCU1_STS,P_STS,HCU1_STS,0x470,1136,False,8,6,2,little_endian,False,False,1,0,,0,3,"[""BCW"", ""EPB"", ""FCA"", ""MDPS"", ""SCC"", ""iBAU""]",False,,[],{},,hyundai_kia_generic.dbc,b6c4a670ceaaacd5ff6326c9f2148df57138200b44513cce6848d951b135be0d
P_STS.HCU5_STS,P_STS,HCU5_STS,0x470,1136,False,8,8,2,little_endian,False,False,1,0,,0,3,"[""EPB"", ""FCA"", ""MDPS"", ""iBAU""]",False,,[],{},,hyundai_kia_generic.dbc,b6c4a670ceaaacd5ff6326c9f2148df57138200b44513cce6848d951b135be0d
P_STS.Counter,P_STS,Counter,0x470,1136,False,8,58,4,little_endian,False,False,1,0,,0,15,"[""MDPS""]",False,,[],{},,hyundai_kia_generic.dbc,b6c4a670ceaaacd5ff6326c9f2148df57138200b44513cce6848d951b135be0d
P_STS.Checksum,P_STS,Checksum,0x470,1136,False,8,62,2,little_endian,False,False,1,0,,0,3,"[""MDPS""]",False,,[],{},,hyundai_kia_generic.dbc,b6c4a670ceaaacd5ff6326c9f2148df57138200b44513cce6848d951b135be0d
YRS11.CR_Yrs_Yr,YRS11,CR_Yrs_Yr,0x130,304,False,8,0,16,little_endian,False,False,0.005,-163.84,deg/s,-163.84,163.83,"[""CGW"", ""iBAU""]",False,,[],{},,hyundai_kia_generic.dbc,b6c4a670ceaaacd5ff6326c9f2148df57138200b44513cce6848d951b135be0d
YRS11.CR_Yrs_LatAc,YRS11,CR_Yrs_LatAc,0x130,304,False,8,16,16,little_endian,False,False,0.000127465,-4.17677312,g,-4.17677312,4.17651819,"[""iBAU""]",False,,[],{},,hyundai_kia_generic.dbc,b6c4a670ceaaacd5ff6326c9f2148df57138200b44513cce6848d951b135be0d
YRS11.CF_Yrs_YrStat,YRS11,CF_Yrs_YrStat,0x130,304,False,8,32,4,little_endian,False,False,1,0,,0,15,"[""iBAU""]",False,,[],{},,hyundai_kia_generic.dbc,b6c4a670ceaaacd5ff6326c9f2148df57138200b44513cce6848d951b135be0d
YRS11.CF_Yrs_LatAcStat,YRS11,CF_Yrs_LatAcStat,0x130,304,False,8,36,4,little_endian,False,False,1,0,,0,15,"[""iBAU""]",False,,[],{},,hyundai_kia_generic.dbc,b6c4a670ceaaacd5ff6326c9f2148df57138200b44513cce6848d951b135be0d
YRS11.CF_Yrs_MCUStat,YRS11,CF_Yrs_MCUStat,0x130,304,False,8,40,4,little_endian,False,False,1,0,,0,15,"[""iBAU""]",False,,[],{},,hyundai_kia_generic.dbc,b6c4a670ceaaacd5ff6326c9f2148df57138200b44513cce6848d951b135be0d
YRS11.CR_Yrs_MsgCnt1,YRS11,CR_Yrs_MsgCnt1,0x130,304,False,8,48,4,little_endian,False,False,1,0,,0,15,"[""iBAU""]",False,,[],{},,hyundai_kia_generic.dbc,b6c4a670ceaaacd5ff6326c9f2148df57138200b44513cce6848d951b135be0d
YRS11.CR_Yrs_Crc1,YRS11,CR_Yrs_Crc1,0x130,304,False,8,56,8,little_endian,False,False,1,0,,0,255,"[""iBAU""]",False,,[],{},,hyundai_kia_generic.dbc,b6c4a670ceaaacd5ff6326c9f2148df57138200b44513cce6848d951b135be0d
YRS12.CR_Yrs_LongAc,YRS12,CR_Yrs_LongAc,0x140,320,False,8,0,16,little_endian,False,False,0.000127465,-4.17677312,g,-4.17677312,4.17651819,"[""CGW"", ""iBAU""]",False,,[],{},,hyundai_kia_generic.dbc,b6c4a670ceaaacd5ff6326c9f2148df57138200b44513cce6848d951b135be0d
YRS12.CF_Yrs_LongAcStat,YRS12,CF_Yrs_LongAcStat,0x140,320,False,8,16,4,little_endian,False,False,1,0,,0,15,"[""iBAU""]",False,,[],{},,hyundai_kia_generic.dbc,b6c4a670ceaaacd5ff6326c9f2148df57138200b44513cce6848d951b135be0d
YRS12.CF_IMU_ResetStat,YRS12,CF_IMU_ResetStat,0x140,320,False,8,20,4,little_endian,False,False,1,0,,0,15,"[""iBAU""]",False,,[],{},,hyundai_kia_generic.dbc,b6c4a670ceaaacd5ff6326c9f2148df57138200b44513cce6848d951b135be0d
YRS12.YRS_Temp,YRS12,YRS_Temp,0x140,320,False,8,24,8,little_endian,False,False,1,-68,,-68,187,"[""iBAU""]",False,,[],{},,hyundai_kia_generic.dbc,b6c4a670ceaaacd5ff6326c9f2148df57138200b44513cce6848d951b135be0d
YRS12.YRS_TempStat,YRS12,YRS_TempStat,0x140,320,False,8,32,4,little_endian,False,False,1,0,,0,15,"[""iBAU""]",False,,[],{},,hyundai_kia_generic.dbc,b6c4a670ceaaacd5ff6326c9f2148df57138200b44513cce6848d951b135be0d
YRS12.CF_Yrs_Type,YRS12,CF_Yrs_Type,0x140,320,False,8,36,4,little_endian,False,False,1,0,,0,15,"[""iBAU""]",False,,[],{},,hyundai_kia_generic.dbc,b6c4a670ceaaacd5ff6326c9f2148df57138200b44513cce6848d951b135be0d
YRS12.CR_Yrs_MsgCnt2,YRS12,CR_Yrs_MsgCnt2,0x140,320,False,8,48,4,little_endian,False,False,1,0,,0,15,"[""iBAU""]",False,,[],{},,hyundai_kia_generic.dbc,b6c4a670ceaaacd5ff6326c9f2148df57138200b44513cce6848d951b135be0d
YRS12.CR_Yrs_Crc2,YRS12,CR_Yrs_Crc2,0x140,320,False,8,56,8,little_endian,False,False,1,0,,0,255,"[""iBAU""]",False,,[],{},,hyundai_kia_generic.dbc,b6c4a670ceaaacd5ff6326c9f2148df57138200b44513cce6848d951b135be0d
YRS13.YRS_SeralNo,YRS13,YRS_SeralNo,0x495,1173,False,8,16,48,little_endian,False,False,1,0,,0,281474976710655,"[""iBAU""]",False,,[],{},,hyundai_kia_generic.dbc,b6c4a670ceaaacd5ff6326c9f2148df57138200b44513cce6848d951b135be0d
EMS_366.TQI_1,EMS_366,TQI_1,0x366,870,False,8,0,8,little_endian,False,False,0.390625,0,%,0,99.6094,"[""MDPS""]",False,,[],{},,hyundai_kia_generic.dbc,b6c4a670ceaaacd5ff6326c9f2148df57138200b44513cce6848d951b135be0d
EMS_366.N,EMS_366,N,0x366,870,False,8,8,16,little_endian,False,False,0.25,0.0,rpm,0.0,16383.75,"[""MDPS""]",False,,[],{},,hyundai_kia_generic.dbc,b6c4a670ceaaacd5ff6326c9f2148df57138200b44513cce6848d951b135be0d
EMS_366.TQI_2,EMS_366,TQI_2,0x366,870,False,8,24,8,little_endian,False,False,0.390625,0,%,0,99.6094,"[""MDPS""]",False,,[],{},,hyundai_kia_generic.dbc,b6c4a670ceaaacd5ff6326c9f2148df57138200b44513cce6848d951b135be0d
EMS_366.VS,EMS_366,VS,0x366,870,False,8,40,8,little_endian,False,False,1,0,km/h,0,255,"[""MDPS""]",False,,[],{},,hyundai_kia_generic.dbc,b6c4a670ceaaacd5ff6326c9f2148df57138200b44513cce6848d951b135be0d
EMS_366.SWI_IGK,EMS_366,SWI_IGK,0x366,870,False,8,48,1,big_endian,False,False,1,0,,0,1,"[""XXX""]",False,,[],{},,hyundai_kia_generic.dbc,b6c4a670ceaaacd5ff6326c9f2148df57138200b44513cce6848d951b135be0d
M_356.PAINT4,M_356,PAINT4,0x356,854,False,8,38,1,big_endian,False,False,1,0,,0,1,"[""XXX""]",False,,[],{},,hyundai_kia_generic.dbc,b6c4a670ceaaacd5ff6326c9f2148df57138200b44513cce6848d951b135be0d
M_356.PAINT3,M_356,PAINT3,0x356,854,False,8,36,2,big_endian,False,False,1,0,,0,3,"[""XXX""]",False,,[],{},,hyundai_kia_generic.dbc,b6c4a670ceaaacd5ff6326c9f2148df57138200b44513cce6848d951b135be0d
M_356.PAINT2,M_356,PAINT2,0x356,854,False,8,34,2,big_endian,False,False,1,0,,0,1,"[""XXX""]",False,,[],{},,hyundai_kia_generic.dbc,b6c4a670ceaaacd5ff6326c9f2148df57138200b44513cce6848d951b135be0d
M_356.PAINT1,M_356,PAINT1,0x356,854,False,8,32,1,big_endian,False,False,1,0,,0,1,"[""XXX""]",False,,[],{},,hyundai_kia_generic.dbc,b6c4a670ceaaacd5ff6326c9f2148df57138200b44513cce6848d951b135be0d
ICM_412h.WarningSoundOutput_3Group,ICM_412h,WarningSoundOutput_3Group,0x412,1042,False,8,7,1,big_endian,False,False,1,0,,0,1,[],False,,[],{},,hyundai_kia_generic.dbc,b6c4a670ceaaacd5ff6326c9f2148df57138200b44513cce6848d951b135be0d
ICM_412h.WarningSoundOutput_2Group,ICM_412h,WarningSoundOutput_2Group,0x412,1042,False,8,6,1,big_endian,False,False,1,0,,0,1,[],False,,[],{},,hyundai_kia_generic.dbc,b6c4a670ceaaacd5ff6326c9f2148df57138200b44513cce6848d951b135be0d
ICM_412h.WarningSoundOutput_1Group,ICM_412h,WarningSoundOutput_1Group,0x412,1042,False,8,5,1,big_endian,False,False,1,0,,0,1,[],False,,[],{},,hyundai_kia_generic.dbc,b6c4a670ceaaacd5ff6326c9f2148df57138200b44513cce6848d951b135be0d
ICM_412h.T_Outside_input,ICM_412h,T_Outside_input,0x412,1042,False,8,0,9,big_endian,False,False,0.01,0,V,0,5,[],False,,[],{},,hyundai_kia_generic.dbc,b6c4a670ceaaacd5ff6326c9f2148df57138200b44513cce6848d951b135be0d
ICM_412h.TRIP_A_DT_Display_clock,ICM_412h,TRIP_A_DT_Display_clock,0x412,1042,False,8,22,7,big_endian,False,False,1,0,clock,0,99,[],False,,[],{},,hyundai_kia_generic.dbc,b6c4a670ceaaacd5ff6326c9f2148df57138200b44513cce6848d951b135be0d
ICM_412h.TRIP_A_DT_Display_minute,ICM_412h,TRIP_A_DT_Display_minute,0x412,1042,False,8,29,6,big_endian,False,False,1,0,minute,0,59,[],False,,[],{},,hyundai_kia_generic.dbc,b6c4a670ceaaacd5ff6326c9f2148df57138200b44513cce6848d951b135be0d
ICM_412h.TRIP_B_DT_Display_clock,ICM_412h,TRIP_B_DT_Display_clock,0x412,1042,False,8,38,7,big_endian,False,False,1,0,clock,0,99,[],False,,[],{},,hyundai_kia_generic.dbc,b6c4a670ceaaacd5ff6326c9f2148df57138200b44513cce6848d951b135be0d
ICM_412h.TRIP_B_DT_Display_minute,ICM_412h,TRIP_B_DT_Display_minute,0x412,1042,False,8,45,6,big_endian,False,False,1,0,minute,0,59,[],False,,[],{},,hyundai_kia_generic.dbc,b6c4a670ceaaacd5ff6326c9f2148df57138200b44513cce6848d951b135be0d
ICM_412h.PopupMessageOutput_8Level,ICM_412h,PopupMessageOutput_8Level,0x412,1042,False,8,55,1,big_endian,False,False,1,0,,0,1,[],False,,[],{},,hyundai_kia_generic.dbc,b6c4a670ceaaacd5ff6326c9f2148df57138200b44513cce6848d951b135be0d
ICM_412h.PopupMessageOutput_7Level,ICM_412h,PopupMessageOutput_7Level,0x412,1042,False,8,54,1,big_endian,False,False,1,0,,0,1,[],False,,[],{},,hyundai_kia_generic.dbc,b6c4a670ceaaacd5ff6326c9f2148df57138200b44513cce6848d951b135be0d
ICM_412h.PopupMessageOutput_6Level,ICM_412h,PopupMessageOutput_6Level,0x412,1042,False,8,53,1,big_endian,False,False,1,0,,0,1,[],False,,[],{},,hyundai_kia_generic.dbc,b6c4a670ceaaacd5ff6326c9f2148df57138200b44513cce6848d951b135be0d
ICM_412h.PopupMessageOutput_5Level,ICM_412h,PopupMessageOutput_5Level,0x412,1042,False,8,52,1,big_endian,False,False,1,0,,0,1,[],False,,[],{},,hyundai_kia_generic.dbc,b6c4a670ceaaacd5ff6326c9f2148df57138200b44513cce6848d951b135be0d
ICM_412h.PopupMessageOutput_4Level,ICM_412h,PopupMessageOutput_4Level,0x412,1042,False,8,51,1,big_endian,False,False,1,0,,0,1,[],False,,[],{},,hyundai_kia_generic.dbc,b6c4a670ceaaacd5ff6326c9f2148df57138200b44513cce6848d951b135be0d
ICM_412h.PopupMessageOutput_3Level,ICM_412h,PopupMessageOutput_3Level,0x412,1042,False,8,50,1,big_endian,False,False,1,0,,0,1,[],False,,[],{},,hyundai_kia_generic.dbc,b6c4a670ceaaacd5ff6326c9f2148df57138200b44513cce6848d951b135be0d
ICM_412h.PopupMessageOutput_2Level,ICM_412h,PopupMessageOutput_2Level,0x412,1042,False,8,49,1,big_endian,False,False,1,0,,0,1,[],False,,[],{},,hyundai_kia_generic.dbc,b6c4a670ceaaacd5ff6326c9f2148df57138200b44513cce6848d951b135be0d
ICM_412h.PopupMessageOutput_1Level,ICM_412h,PopupMessageOutput_1Level,0x412,1042,False,8,48,1,big_endian,False,False,1,0,,0,1,[],False,,[],{},,hyundai_kia_generic.dbc,b6c4a670ceaaacd5ff6326c9f2148df57138200b44513cce6848d951b135be0d
Navi_HU.SpeedLim_Nav_Clu,Navi_HU,SpeedLim_Nav_Clu,0x544,1348,False,8,7,8,big_endian,False,False,1,0,,0,255,"[""XXX""]",False,,[],{},"Speed limit displayed on Nav, Cluster and HUD",hyundai_kia_generic.dbc,b6c4a670ceaaacd5ff6326c9f2148df57138200b44513cce6848d951b135be0d
Navi_HU.SpeedLim_Nav_Cam,Navi_HU,SpeedLim_Nav_Cam,0x544,1348,False,8,30,1,big_endian,False,False,1,0,,0,1,"[""XXX""]",False,,[],{},,hyundai_kia_generic.dbc,b6c4a670ceaaacd5ff6326c9f2148df57138200b44513cce6848d951b135be0d
Navi_HU.SpeedLim_Nav_General,Navi_HU,SpeedLim_Nav_General,0x544,1348,False,8,29,1,big_endian,False,False,1,0,,0,1,"[""XXX""]",False,,[],{},,hyundai_kia_generic.dbc,b6c4a670ceaaacd5ff6326c9f2148df57138200b44513cce6848d951b135be0d
